institution,city,state,region,control,level,predominant_degree,admission_rate,sat_average,undergrad_enrollment,pct_pell_grant,pct_first_generation,median_family_income,cost_of_attendance,tuition_in_state,tuition_out_state,completion_rate,median_debt_at_graduation,median_earnings_6yr,median_earnings_10yr,earnings_p25_10yr,earnings_p75_10yr,pct_earning_over_25k_10yr,debt_to_earnings,latitude,longitude
ABC Beauty Academy,Richardson,TX,Southwest,Private for-profit,Less than 2-year,Certificate,,,52,0.9307,,,,,,0.8594,,19991,16263,11880,35488,,,32.931698,-96.685333
ASPIRA City College,Philadelphia,PA,Mid East,Private nonprofit,2-year,Associate,0.5,,8,0.7857,0.5833,7349,18252,12147,12147,0.5,,21998,34857,15520,53410,0.376,,40.017493,-75.135042
ATA Career Education,Spring Hill,FL,Southeast,Private for-profit,4-year,Certificate,,,201,0.9159,0.5444,16606,32225,14895,14895,0.6667,21030,29724,34577,18900,47451,,0.608,28.452699,-82.595376
ATA College,El Cajon,CA,Far West,Private for-profit,2-year,Certificate,,,80,0.8632,0.6739,10976,,,,0.8947,5500,35311,35017,23713,61513,,0.157,32.819023,-116.981781
ATA College,Tulsa,OK,Southwest,Private for-profit,2-year,Associate,,,193,0.7697,,25412,30905,18850,18850,0.3333,21308,37674,40823,19190,66403,,0.522,36.097005,-95.853281
ATA College,Louisville,KY,Southeast,Private for-profit,2-year,Associate,,,363,0.8368,0.5444,16606,31920,14200,14200,0.4615,21030,29724,34577,18900,47451,,0.608,38.223667,-85.563365
ATA College-Cincinnati,Cincinnati,OH,Great Lakes,Private for-profit,2-year,Certificate,,,266,0.8295,0.5444,16606,29920,14250,14250,0.625,21030,29724,34577,18900,47451,,0.608,39.29671,-84.478867
ATI College-Whittier,Whitter,CA,Far West,Private for-profit,4-year,Certificate,,,149,0.7044,,19274,,,,0.7222,28428,36256,38938,16706,58190,,0.73,33.948364,-118.003687
Aaniiih Nakoda College,Harlem,MT,Rocky Mountains,Public,4-year,Associate,,,106,0.6466,0.2877,14059,14974,3080,3080,0.3421,,19990,30528,10775,48923,0.405,,48.484196,-108.757816
Abcott Institute,Southfield,MI,Great Lakes,Private for-profit,Less than 2-year,Certificate,,,142,0.8165,0.61,10324,,,,0.9333,10411,20788,33151,,48892,,0.314,42.446331,-83.210617
Abilene Christian University,Abilene,TX,Southwest,Private nonprofit,4-year,Bachelor's,0.6603,1194,3195,0.2233,0.2445,67009,59256,44200,44200,0.5901,24250,46727,55736,36361,80010,0.761,0.435,32.468943,-99.709797
Abilene Christian University-Undergraduate Online,Addison,TX,Southwest,Private nonprofit,4-year,Bachelor's,1.0,,1219,0.7092,0.2445,67009,30295,14520,14520,,24250,46727,55736,36361,80010,0.761,0.435,32.977065,-96.826833
Abraham Baldwin Agricultural College,Tifton,GA,Southeast,Public,4-year,Bachelor's,0.7572,990,3208,0.3474,0.3443,36087,13956,3268,10588,0.3615,16750,35495,34996,19421,53296,0.629,0.479,31.481889,-83.528281
Academia Serrant Inc,Ponce,PR,Outlying Areas,Private for-profit,Less than 2-year,Certificate,,,156,0.7706,0.4531,0,,,,0.8779,,18264,18422,7373,32843,0.188,,18.009658,-66.61529
Academy College,Bloomington,MN,Plains,Private for-profit,4-year,Bachelor's,,,56,0.2571,0.3261,24907,33874,18680,18680,0.36,29500,45418,48300,26663,66423,0.673,0.611,44.855722,-93.299809
Academy Of Hair Design,Jasper,TX,Southwest,Private for-profit,Less than 2-year,Certificate,,,52,0.5735,0.6338,12513,,,,0.9355,11125,17071,20892,10303,34751,0.235,0.533,30.908648,-94.004879
Academy for Careers and Technology,Mullins,SC,Southeast,Public,Less than 2-year,Certificate,,,37,0.2667,,18530,,,,0.5714,,42099,46553,35714,58071,,,34.186433,-79.340157
Academy for Nursing and Health Occupations,West Palm Beach,FL,Southeast,Private nonprofit,2-year,Associate,,,558,0.6116,0.5297,19834,,,,0.4167,20293,39987,47039,25210,71405,0.635,0.431,26.70653,-80.121497
Academy of Art University,San Francisco,CA,Far West,Private for-profit,4-year,Bachelor's,,,3587,0.4104,0.4084,22550,48036,30736,30736,0.3432,31000,30452,39008,17463,65466,0.666,0.795,37.787943,-122.400578
Academy of Beauty Professionals,Madison,WI,Great Lakes,Private for-profit,Less than 2-year,Certificate,,,53,0.44,,18690,,,,0.9286,6333,19104,25117,10267,38010,0.276,0.252,43.05541,-89.490781
Academy of Beauty Professionals,Appleton,WI,Great Lakes,Private for-profit,Less than 2-year,Certificate,,,37,0.3628,,18690,,,,0.7917,6333,19104,25117,10267,38010,0.276,0.252,44.266271,-88.461527
Academy of Beauty Professionals,Raymore,MO,Plains,Private for-profit,Less than 2-year,Certificate,,,31,0.5614,,18690,,,,0.8182,6333,19104,25117,10267,38010,0.276,0.252,38.812989,-94.467053
Academy of Beauty Professionals,Green Bay,WI,Great Lakes,Private for-profit,Less than 2-year,Certificate,,,64,0.4552,,18690,,,,0.5556,6333,19104,25117,10267,38010,0.276,0.252,44.52349,-88.097926
Academy of Career Training,Kissimmee,FL,Southeast,Private for-profit,Less than 2-year,Certificate,,,100,0.2194,0.4892,12165,,,,0.8219,6105,17424,22029,7424,40530,,0.277,28.306092,-81.439569
Academy of Careers and Technology,Beckley,WV,Southeast,Public,Less than 2-year,Certificate,,,168,0.3843,0.552,17064,,,,0.8148,,33106,32756,19721,48367,0.526,,37.795299,-81.165435
Academy of Cosmetology,Merritt Island,FL,Southeast,Private for-profit,Less than 2-year,Certificate,,,50,0.4545,0.4872,11620,,,,0.3871,5500,19595,20144,6992,40139,0.179,0.273,28.394053,-80.70372
Academy of Esthetics and Cosmetology,San Fernando,CA,Far West,Private for-profit,Less than 2-year,Certificate,,,30,0.7021,,14517,,,,0.6667,,,35089,12972,45070,,,34.285043,-118.444228
Academy of Hair Design - Austin,Austin,TX,Southwest,Private for-profit,Less than 2-year,Not classified,,,,,0.4606,19822,,,,,9500,21250,25129,10620,41046,,0.378,,
Academy of Hair Design-Grenada,Grenada,MS,Southeast,Private for-profit,Less than 2-year,Certificate,,,21,0.7857,0.6,14124,,,,0.8889,6786,16877,22284,12923,35079,0.276,0.305,33.775198,-89.825313
Academy of Hair Design-Las Vegas,Las Vegas,NV,Far West,Private for-profit,Less than 2-year,Certificate,,,183,0.6487,0.4867,22338,,,,0.8506,6333,20399,24391,8940,41498,0.287,0.26,36.15846,-115.210473
Academy of Hair Design-Lufkin,Lufkin,TX,Southwest,Private for-profit,Less than 2-year,Certificate,,,74,0.6147,0.6338,12513,,,,0.6957,11125,17071,20892,10303,34751,0.235,0.533,31.330724,-94.718704
Academy of Hair Design-Pearl,Pearl,MS,Southeast,Private for-profit,Less than 2-year,Certificate,,,43,0.7966,,17522,,,,0.8333,6500,21382,19921,,,,0.326,32.281983,-90.115129
Academy of Hair Design-Springfield,Springfield,MO,Plains,Private for-profit,Less than 2-year,Certificate,,,275,0.6118,0.4606,19822,,,,0.6393,9500,21250,25129,10620,41046,,0.378,37.180584,-93.261354
Academy of Hair Technology,Greenville,SC,Southeast,Private for-profit,Less than 2-year,Certificate,,,58,0.3913,0.4947,15269,,,,1.0,3417,17132,22893,9958,38363,0.243,0.149,34.874681,-82.327426
Academy of Massage and Bodywork,Bear,DE,Mid East,Private for-profit,Less than 2-year,Certificate,,,81,0.4491,0.5243,22175,,,,,6333,27395,31204,10453,55057,,0.203,39.628779,-75.666786
Academy of Natural Therapy Inc,Greeley,CO,Rocky Mountains,Private for-profit,Less than 2-year,Certificate,,,13,0.6508,,23090,,,,,7917,22771,25770,11668,36681,,0.307,40.426259,-104.691075
Academy of Salon and Spa,Fort Smith,AR,Southeast,Private for-profit,Less than 2-year,Certificate,,,52,0.6638,0.5051,13269,,,,0.8049,4833,17132,16941,7805,31125,,0.285,35.38097,-94.41616
Adams State University,Alamosa,CO,Rocky Mountains,Public,4-year,Bachelor's,,,1250,0.378,0.4151,31933,24352,9824,21944,0.3942,19500,38338,44372,28262,64019,0.703,0.439,37.473636,-105.879642
Adelphi University,Garden City,NY,Mid East,Private nonprofit,4-year,Bachelor's,0.6591,1219,5276,0.3103,0.3542,51854,63189,49110,49110,0.6715,25000,63688,75482,49267,106760,0.835,0.331,40.721439,-73.653321
Adrian College,Adrian,MI,Great Lakes,Private nonprofit,4-year,Bachelor's,0.7253,1034,1604,0.3081,0.3101,68386,56003,41684,41684,0.4842,27000,42805,55504,39042,77195,0.686,0.486,41.898591,-84.061481
Adult & Community Education Columbus City Schools - Fort Hayes Career,Columbus,OH,Great Lakes,Public,Less than 2-year,Not classified,,,,,0.5486,18808,,,,,14750,46301,51551,30226,67109,0.696,0.286,,
Adult and Community Education-Hudson,Columbus,OH,Great Lakes,Public,Less than 2-year,Certificate,1.0,,67,0.7182,0.5486,18808,,,,0.9592,14750,46301,51551,30226,67109,0.696,0.286,40.012851,-82.980603
Adult and Continuing Education-BCTS,Hackensack,NJ,Mid East,Public,Less than 2-year,Certificate,,,106,0.271,0.5769,20603,,,,0.9103,3608,45625,49739,27867,75618,,0.073,40.900877,-74.035045
Advance Beauty College,Garden Grove,CA,Far West,Private for-profit,Less than 2-year,Certificate,,,346,0.5591,0.5867,0,,,,0.6685,,12224,11575,4802,28211,0.178,,33.759905,-117.952637
Advance Science International College,Miami Lakes,FL,Southeast,Private for-profit,4-year,Associate,,,0,0.2881,0.7115,11985,,,,0.973,,31222,24047,13705,38226,,,25.924708,-80.284567
Advanced Barber College and Hair Design,Weslaco,TX,Southwest,Private for-profit,Less than 2-year,Certificate,,,91,0.7718,0.7135,12439,,,,0.6017,,14581,18519,10055,36518,0.214,,26.131543,-97.958247
Advanced Technology Institute,Virginia Beach,VA,Southeast,Private for-profit,2-year,Certificate,0.5354,,415,0.374,0.4174,24670,23713,14568,14568,0.7862,14873,41870,46342,28345,64978,0.776,0.321,36.841381,-76.182268
Advanced Training Institute,Las Vegas,NV,Far West,Private for-profit,Less than 2-year,Certificate,,,605,0.5152,0.5354,21311,,,,,7600,43739,45893,19879,69090,,0.166,36.09589,-115.206821
Advantage Technical College,San Juan,PR,Outlying Areas,Private for-profit,Less than 2-year,Certificate,,,381,0.3909,0.3778,12534,,,,0.5896,,23272,26905,16230,48270,0.351,,18.454692,-66.081082
Advantage Technical College,Manati,PR,Outlying Areas,Private for-profit,Less than 2-year,Certificate,,,584,0.6179,0.3778,12534,,,,0.5991,,23272,26905,16230,48270,0.351,,18.427879,-66.493759
Advantage Technical College-Aguadilla,Aguadilla,PR,Outlying Areas,Private for-profit,Less than 2-year,Certificate,,,263,0.4991,0.3778,12534,,,,0.9083,,23272,26905,16230,48270,0.351,,18.433012,-67.154491
AdventHealth University,Orlando,FL,Southeast,Private nonprofit,4-year,Bachelor's,,,1361,0.3677,0.3902,30567,38408,21420,21420,0.3889,24590,63230,72282,46439,99089,0.853,0.34,28.576142,-81.367687
Agnes Scott College,Decatur,GA,Southeast,Private nonprofit,4-year,Bachelor's,0.6215,1260,836,0.3853,0.212,45206,63283,50604,50604,0.7068,26749,41382,56274,33082,77511,0.708,0.475,33.769268,-84.295459
Aiken Technical College,Graniteville,SC,Southeast,Public,2-year,Associate,,,1925,0.4946,0.4752,20229,13171,5174,7924,0.335,12250,32231,39225,23391,60452,0.491,0.312,33.533833,-81.841666
Aims Community College,Greeley,CO,Rocky Mountains,Public,4-year,Certificate,,,3635,0.1494,0.5455,28173,16657,2258,11786,0.3957,6844,39696,41887,22156,63340,0.638,0.163,40.409559,-104.763415
Alabama A & M University,Normal,AL,Southeast,Public,4-year,Bachelor's,0.5795,938,6124,0.6298,0.3658,23553,27153,10024,18634,0.2403,31000,27851,40628,23030,60507,0.599,0.763,34.783368,-86.568502
Alabama State University,Montgomery,AL,Southeast,Public,4-year,Bachelor's,0.9755,976,3477,0.7134,0.3434,22080,23586,11248,19576,0.3034,31000,27453,34502,18132,51026,0.528,0.898,32.364317,-86.295677
Alamance Community College,Graham,NC,Southeast,Public,2-year,Certificate,,,3080,0.2864,0.4631,20233,15922,2592,8736,0.3934,,29841,34241,18692,49425,0.559,,36.066683,-79.357657
Alaska Career College,Anchorage,AK,Far West,Private for-profit,2-year,Certificate,,,250,0.4044,0.4768,23114,,,,0.6871,7377,35863,34468,12733,51381,0.612,0.214,61.181443,-149.856954
Alaska Christian College,Soldotna,AK,Far West,Private nonprofit,2-year,Associate,0.925,,44,0.7097,0.6486,0,23944,9660,9660,0.1143,,14240,25787,,48266,,,60.490459,-151.136005
Alaska Pacific University,Anchorage,AK,Far West,Private nonprofit,4-year,Associate,0.9645,,457,0.3204,,38810,34026,20760,20760,0.4722,23500,47803,54271,29511,79869,0.719,0.433,61.190968,-149.804168
Alaska Vocational Technical Center,Seward,AK,Far West,Public,Less than 2-year,Certificate,,,107,0.0327,0.4414,22043,,,,1.0,,42187,51083,26114,80768,0.578,,60.110626,-149.444487
Albany BOCES-Adult Practical Nursing Program,Albany,NY,Mid East,Public,Less than 2-year,Certificate,,,187,0.7143,0.5156,19574,,,,0.7442,9500,49858,47733,24809,63836,0.673,0.199,42.744858,-73.824182
Albany College of Pharmacy and Health Sciences,Albany,NY,Mid East,Private nonprofit,4-year,Bachelor's,0.5269,1252,481,0.2888,0.217,79148,54899,41475,41475,0.6754,25500,112685,131426,88704,157063,0.948,0.194,42.650371,-73.779063
Albany State University,Albany,GA,Southeast,Public,4-year,Bachelor's,,,5956,0.6932,0.3352,24458,19333,5656,17008,0.3105,25024,35579,40674,23741,59552,0.653,0.615,31.56928,-84.141825
Albany Technical College,Albany,GA,Southeast,Public,2-year,Certificate,,,2029,0.5846,0.4639,15340,14101,3364,5932,0.4225,12412,26734,30541,16430,47525,0.4,0.406,31.55434,-84.174284
Albertus Magnus College,New Haven,CT,New England,Private nonprofit,4-year,Bachelor's,0.5931,,991,0.5056,0.5338,33671,59407,41908,41908,0.5148,30964,47153,60144,34829,90104,0.794,0.515,41.332519,-72.923848
Albion College,Albion,MI,Great Lakes,Private nonprofit,4-year,Bachelor's,0.807,,1300,0.4749,0.2798,54588,69986,56950,56950,0.6159,27000,48203,58799,40306,85694,0.84,0.459,42.245049,-84.745639
Albizu University-Miami,Miami,FL,Southeast,Private nonprofit,4-year,Bachelor's,0.7571,,287,0.6637,0.2506,16091,28344,13818,13818,0.4,5500,32168,41544,20474,60492,0.59,0.132,25.795181,-80.354942
Albizu University-San Juan,San Juan,PR,Outlying Areas,Private nonprofit,4-year,Bachelor's,1.0,,728,0.6885,0.2506,16091,18382,8505,8505,0.6703,5500,32168,41544,20474,60492,0.59,0.132,18.466573,-66.113908
Albright College,Reading,PA,Mid East,Private nonprofit,4-year,Bachelor's,0.7633,,1217,0.5004,0.3605,47557,43711,29082,29082,0.507,27000,45391,58700,41197,84649,0.811,0.46,40.361351,-75.909742
Alcorn State University,Alcorn State,MS,Southeast,Public,4-year,Bachelor's,0.4533,904,2363,0.6978,0.3451,18951,23751,8785,8785,0.5736,27000,27752,36421,19114,56491,0.592,0.741,31.877216,-91.142854
Alexandria Technical & Community College,Alexandria,MN,Plains,Public,2-year,Associate,,,1533,0.1577,0.2626,49168,18698,6236,6236,0.6,12000,46061,49393,31304,68132,0.731,0.243,45.873107,-95.372369
Alfred University,Alfred,NY,Mid East,Private nonprofit,4-year,Bachelor's,0.7384,1279,1423,0.3854,0.245,54906,57445,41500,41500,0.5698,26000,41703,54897,35231,79560,0.705,0.474,42.254476,-77.788106
Alice Lloyd College,Pippa Passes,KY,Southeast,Private nonprofit,4-year,Bachelor's,0.7523,1015,558,0.5829,0.4679,39463,31200,13960,13960,0.3892,19599,35174,40573,26009,56879,0.662,0.483,37.335087,-82.875068
All-State Career School,Essington,PA,Mid East,Private for-profit,2-year,Certificate,,,886,0.7256,0.6525,11610,,,,0.5347,6333,37467,38495,16122,61916,0.62,0.165,39.866057,-75.303038
All-State Career School-Pittsburgh,West Mifflin,PA,Mid East,Private for-profit,Less than 2-year,Certificate,,,410,0.6725,0.6365,13550,,,,0.7523,9500,32765,33193,15842,50176,0.671,0.286,40.358492,-79.93713
All-State Career-Baltimore,Baltimore,MD,Mid East,Private for-profit,Less than 2-year,Certificate,,,563,0.6813,0.6365,13550,,,,0.6042,9500,32765,33193,15842,50176,0.671,0.286,39.264664,-76.544942
Allan Hancock College,Santa Maria,CA,Far West,Public,2-year,Certificate,,,8052,0.2418,0.5947,23452,13214,1156,9892,0.2629,,33531,42786,23332,64073,0.587,,34.943716,-120.421144
Allegany College of Maryland,Cumberland,MD,Mid East,Public,2-year,Associate,,,1831,0.3201,0.4775,32458,16170,4938,12618,0.396,13702,33534,38476,22152,58595,0.581,0.356,39.652152,-78.730398
Allegheny College,Meadville,PA,Mid East,Private nonprofit,4-year,Bachelor's,0.5457,1275,1156,0.2849,0.2213,65273,71348,56550,56550,0.7255,27000,45603,62069,40705,84506,0.841,0.435,41.64869,-80.147168
Allegheny Wesleyan College,Salem,OH,Great Lakes,Private nonprofit,4-year,Bachelor's,,,46,0.5,,23738,14612,6800,6800,0.4615,,21079,37453,15254,51288,,,40.86722,-80.861232
Allen College,Waterloo,IA,Plains,Private nonprofit,4-year,Bachelor's,,,261,0.2401,,56247,,,,,18750,65078,71261,47892,98634,0.864,0.263,42.530084,-92.340148
Allen County Community College,Iola,KS,Plains,Public,2-year,Associate,,,810,0.1475,0.4713,30009,14024,4260,4860,0.3742,6954,36480,40059,23783,56303,0.635,0.174,37.938038,-95.396377
Allen School-Brooklyn,Brooklyn,NY,Mid East,Private for-profit,Less than 2-year,Certificate,,,192,0.9081,0.6281,14427,,,,0.7396,9500,31149,34186,16008,50921,0.601,0.278,40.693797,-73.991546
Allen School-Jamaica,Jamaica,NY,Mid East,Private for-profit,Less than 2-year,Certificate,,,67,0.9677,0.6281,14427,,,,0.7871,9500,31149,34186,16008,50921,0.601,0.278,40.704694,-73.796295
Allen School-Phoenix,Phoenix,AZ,Southwest,Private for-profit,Less than 2-year,Certificate,,,8,0.9091,0.6281,14427,,,,0.8293,9500,31149,34186,16008,50921,0.601,0.278,33.629635,-112.11743
Allen University,Columbia,SC,Southeast,Private nonprofit,4-year,Bachelor's,0.7254,,576,0.7654,0.5066,18921,23998,14304,14304,0.1331,34290,23889,30497,16982,43521,0.426,1.124,34.010348,-81.020045
Alliant International University - Phoenix,Phoenix,AZ,Southwest,Private for-profit,4-year,Not classified,,,,,0.3193,20686,,14254,14254,,12878,47218,66666,36440,86915,0.806,0.193,,
Alliant International University-Fresno,Fresno,CA,Far West,Private for-profit,4-year,Not classified,,,,,0.3193,20686,,,,,12878,47218,66666,36440,86915,0.806,0.193,,
Alliant International University-Irvine,Irvine,CA,Far West,Private for-profit,4-year,Not classified,,,,,0.3193,20686,,,,,12878,47218,66666,36440,86915,0.806,0.193,,
Alliant International University-Los Angeles,Alhambra,CA,Far West,Private for-profit,4-year,Not classified,,,,,0.3193,20686,,,,,12878,47218,66666,36440,86915,0.806,0.193,,
Alliant International University-Sacramento,Sacramento,CA,Far West,Private for-profit,4-year,Not classified,,,,,0.3193,20686,,,,,12878,47218,66666,36440,86915,0.806,0.193,,
Alliant International University-San Diego,San Diego,CA,Far West,Private for-profit,4-year,Certificate,0.0,,391,0.0169,0.3193,20686,,14304,14304,,12878,47218,66666,36440,86915,0.806,0.193,32.897056,-117.094398
Alliant International University-San Francisco Bay Area,Emeryville,CA,Far West,Private for-profit,4-year,Not classified,,,,,0.3193,20686,,,,,12878,47218,66666,36440,86915,0.806,0.193,,
Alma College,Alma,MI,Great Lakes,Private nonprofit,4-year,Bachelor's,0.5703,,1148,0.2704,0.2411,70073,63650,49552,49552,0.6287,27000,45720,54742,36251,77064,0.804,0.493,43.38004,-84.672053
Alpena Community College,Alpena,MI,Great Lakes,Public,4-year,Associate,,,732,0.217,0.4284,25707,12246,5250,8010,0.515,9024,35275,36442,18123,57939,0.551,0.248,45.081647,-83.445069
Altoona Beauty School Inc,Altoona,PA,Mid East,Private for-profit,Less than 2-year,Certificate,,,70,0.1928,,26836,,,,0.9167,4750,18265,24246,9799,34397,0.219,0.196,40.501861,-78.387852
Alturas Cosmetology of Arizona LLC,Chandler,AZ,Southwest,Private for-profit,Less than 2-year,Certificate,,,570,0.7993,0.5072,16343,,,,0.774,6221,27180,27201,12563,44227,,0.229,33.314894,-111.860316
Alvernia University,Reading,PA,Mid East,Private nonprofit,4-year,Bachelor's,0.5806,1170,2152,0.3624,0.45,52761,57565,45000,45000,0.5553,27000,49938,55055,36845,78403,0.782,0.49,40.310028,-75.936754
Alverno College,Milwaukee,WI,Great Lakes,Private nonprofit,4-year,Bachelor's,0.8574,,631,0.451,0.4426,34078,51362,34086,34086,0.4918,27000,51755,53145,33402,76239,0.705,0.508,42.982842,-87.965174
Alvin Community College,Alvin,TX,Southwest,Public,4-year,Associate,,,3342,0.2523,0.486,22440,16962,1906,4402,0.2397,4519,38693,45762,23965,71979,0.658,0.099,29.396244,-95.240671
Amarillo College,Amarillo,TX,Southwest,Public,2-year,Associate,,,7399,0.4405,0.4883,24043,10854,2136,4704,0.3227,15000,34698,41302,22290,62056,0.621,0.363,35.187839,-101.846988
Ambria College of Nursing,Hoffman Estates,IL,Great Lakes,Private for-profit,4-year,Associate,,,123,0.4366,0.4835,37460,,,,,15438,71643,67290,43799,87709,,0.229,42.075628,-88.2109
American Academy McAllister Institute of Funeral Service,New York,NY,Mid East,Private nonprofit,2-year,Associate,,,270,0.3369,0.4762,26863,26418,20018,20018,0.25,21150,47902,54695,26159,77123,0.695,0.387,40.757105,-73.986466
American Academy of Cosmetology,Orange Park,FL,Southeast,Private for-profit,Less than 2-year,Certificate,,,122,0.6275,0.5648,17261,,,,0.6744,7638,24851,23985,10382,40837,,0.318,30.123757,-81.798803
American Academy of Dramatic Arts-New York,New York,NY,Mid East,Private nonprofit,2-year,Associate,0.9196,,187,0.2889,0.234,41206,62554,40650,40650,0.9643,12000,17742,27019,11663,47036,0.541,0.444,40.745545,-73.984843
American Advanced Technicians Institute,Hialeah,FL,Southeast,Private for-profit,Less than 2-year,Certificate,,,23,0.6939,0.5074,8890,,,,0.8889,,35832,39494,13993,61366,,,25.884901,-80.323025
American Baptist College,Nashville,TN,Southeast,Private nonprofit,4-year,Bachelor's,,,46,0.5625,0.4848,17703,27044,13604,13604,0.3889,,32665,41216,23456,57194,,,36.202623,-86.789912
American Beauty College,West Covina,CA,Far West,Private for-profit,Less than 2-year,Certificate,,,334,0.6853,0.6364,16631,,,,0.6923,5430,20569,22481,10330,43375,,0.242,34.069367,-117.936959
American Beauty School,Bronx,NY,Mid East,Private for-profit,Less than 2-year,Certificate,,,113,0.4865,0.5608,12852,,,,0.5,3500,19731,21111,9967,43606,,0.166,40.835331,-73.860639
American Career College-Anaheim,Anaheim,CA,Far West,Private for-profit,2-year,Certificate,,,1644,0.5804,0.5599,15438,,,,0.7036,9500,35013,38430,18624,57841,0.603,0.247,33.849912,-117.975599
American Career College-Los Angeles,Los Angeles,CA,Far West,Private for-profit,2-year,Certificate,,,2168,0.6254,0.5599,15438,,,,0.7489,9500,35013,38430,18624,57841,0.603,0.247,34.079323,-118.292481
American Career College-Ontario,Ontario,CA,Far West,Private for-profit,2-year,Certificate,,,2242,0.6365,0.5339,18413,,,,0.6619,9500,37239,38492,17123,57684,,0.247,34.068204,-117.583814
American College of Healthcare and Technology,Huntington Park,CA,Far West,Private for-profit,Less than 2-year,Certificate,,,125,0.8893,0.6844,11476,,,,0.7602,9500,29409,31109,14224,48441,0.493,0.305,33.98271,-118.224752
American College of Healthcare and Technology,Riverside,CA,Far West,Private for-profit,2-year,Certificate,,,272,0.8559,0.6844,11476,,,,0.6548,9500,29409,31109,14224,48441,0.493,0.305,33.901581,-117.493507
American College of Healthcare and Technology-Santa Ana,Santa Ana,CA,Far West,Private for-profit,Less than 2-year,Certificate,,,51,0.8347,0.6844,11476,,,,0.7209,9500,29409,31109,14224,48441,0.493,0.305,33.759681,-117.840955
American Educational College,Bayamon,PR,Outlying Areas,Private for-profit,2-year,Certificate,,,168,0.9957,0.5705,0,11408,8306,8306,0.466,,13901,17172,8100,30724,0.164,,18.397931,-66.15099
American Hair Academy,Mt. Pleasant,IA,Plains,Private for-profit,Less than 2-year,Certificate,,,25,0.4063,,27723,,,,0.4375,,17836,28724,17257,36327,,,40.962643,-91.524949
American Institute,Clifton,NJ,Mid East,Private for-profit,2-year,Not classified,,,,,0.6737,12000,,,,,11979,25543,28710,13201,46812,0.482,0.417,,
American Institute of Alternative Medicine,Columbus,OH,Great Lakes,Private for-profit,4-year,Certificate,0.7829,,231,0.6684,0.5053,23507,42272,22947,22947,0.6,9500,47719,40805,24960,70710,0.497,0.233,40.102442,-82.988733
American Institute of Beauty,Largo,FL,Southeast,Private for-profit,Less than 2-year,Certificate,,,151,0.7304,0.4317,13466,,,,0.5966,6333,20274,20371,10061,41496,,0.311,27.915072,-82.749094
American Institute of Medical Sciences & Education,Piscataway,NJ,Mid East,Private for-profit,2-year,Certificate,,,450,0.2085,0.5,28000,,,,0.875,11995,41300,40407,24239,60664,,0.297,40.56114,-74.437251
American Institute-Cherry Hill,Cherry Hill,NJ,Mid East,Private for-profit,Less than 2-year,Certificate,,,390,0.8182,0.6737,12000,,,,0.561,11979,25543,28710,13201,46812,0.482,0.417,39.939428,-75.015417
American Institute-Clifton,CLIFTON,NJ,Mid East,Private for-profit,Less than 2-year,Certificate,,,778,0.8561,0.6737,12000,,,,0.5723,11979,25543,28710,13201,46812,0.482,0.417,40.873516,-74.130158
American Institute-Somerset,Somerset,NJ,Mid East,Private for-profit,2-year,Certificate,,,364,0.7635,0.6737,12000,,,,0.5563,11979,25543,28710,13201,46812,0.482,0.417,40.55089,-74.544122
American Institute-Toms River,Toms River,NJ,Mid East,Private for-profit,2-year,Certificate,,,484,0.7879,0.6737,12000,,,,0.547,11979,25543,28710,13201,46812,0.482,0.417,40.044556,-74.220894
American Institute-West Hartford,West Hartford,CT,New England,Private for-profit,2-year,Certificate,,,402,0.6656,0.6737,12000,,,,0.5605,11979,25543,28710,13201,46812,0.482,0.417,41.727016,-72.725762
American InterContinental University System,Chandler,AZ,Southwest,Private for-profit,4-year,Bachelor's,,,7111,0.71,0.5549,12480,22256,12397,12397,0.0851,31000,27823,36144,18174,56003,0.691,0.858,33.278816,-111.804036
American InterContinental University-Atlanta,Atlanta,GA,Southeast,Private for-profit,4-year,Bachelor's,,,734,0.8119,0.5549,12480,23743,13527,13527,0.2083,31000,27823,36144,18174,56003,0.691,0.858,33.938779,-84.354907
American InterContinental University-Houston,Houston,TX,Southwest,Private for-profit,4-year,Bachelor's,,,94,0.6855,0.5549,12480,26087,14829,14829,0.0455,31000,27823,36144,18174,56003,0.691,0.858,29.728216,-95.548302
American International College,Springfield,MA,New England,Private nonprofit,4-year,Bachelor's,0.9957,,1017,0.448,0.4057,38891,59270,44230,44230,0.4591,27000,41451,53124,29972,78679,0.783,0.508,42.112346,-72.558338
American Jewish University,Los Angeles,CA,Far West,Private nonprofit,4-year,Certificate,,,60,0.1026,,13489,,,,0.4444,,,61954,19756,71977,,,34.128153,-118.471706
American Medical Sciences Center,Glendale,CA,Far West,Private for-profit,4-year,Bachelor's,,,365,0.6921,0.5714,11398,,,,0.75,,36193,29972,13750,60056,,,34.147117,-118.256991
American Musical and Dramatic Academy,New York,NY,Mid East,Private nonprofit,4-year,Certificate,0.2448,,1438,0.3276,0.2504,49079,65647,46928,46928,0.7164,15250,21168,26975,11230,48289,0.543,0.565,40.772275,-73.987549
American National University,Salem,VA,Southeast,Private for-profit,4-year,Associate,,,630,0.6827,0.5899,14666,25159,10961,10961,0.3333,12814,23830,26370,12604,39586,0.409,0.486,37.299743,-80.023602
American National University-Louisville,Louisville,KY,Southeast,Private for-profit,4-year,Associate,,,347,0.7708,0.5986,12639,25356,12456,12456,0.5,23618,26172,28188,13416,42480,0.372,0.838,37.472423,-82.528212
American Public University System,Charles Town,WV,Southeast,Private for-profit,4-year,Bachelor's,,,40074,0.2455,0.5344,22614,18768,8400,8400,0.5716,21743,32917,44409,20126,73944,,0.49,39.287826,-77.860121
American River College,Sacramento,CA,Far West,Public,2-year,Associate,,,25621,0.2109,0.5141,13274,16384,1288,12616,0.3663,9625,34072,40162,18081,63989,0.581,0.24,38.65085,-121.349672
American Samoa Community College,Pago Pago,AS,Outlying Areas,Public,4-year,Associate,,,839,0.7316,0.578,14124,10560,5300,5600,0.3241,,24164,30087,14737,43727,0.398,,-14.322636,-170.742774
American Trade School,Saint Ann,MO,Plains,Private for-profit,Less than 2-year,Certificate,,,154,0.6766,0.4107,18799,,,,0.7174,,39492,47161,29925,61952,,,38.72876,-90.380141
American University,Washington,DC,Mid East,Private nonprofit,4-year,Bachelor's,0.6196,1381,7266,0.1388,0.1563,84200,76058,58771,58771,0.7549,22750,61328,77370,51260,112884,0.851,0.294,38.936005,-77.088875
American University of Health Sciences,Signal Hill,CA,Far West,Private for-profit,4-year,Bachelor's,0.5,,351,0.456,0.3516,31654,,24575,24575,0.5,40326,111064,93610,53815,132755,0.607,0.431,33.796849,-118.171366
Ameritas College,Huntington,WV,Southeast,Private nonprofit,2-year,Associate,,,181,0.9043,0.6176,5134,17951,10050,10050,0.25,21604,18035,21783,8953,35442,0.299,0.992,38.419732,-82.443234
Ameritas College -  South Bay Correctional Facility,South Bay,FL,Southeast,Private nonprofit,2-year,Not classified,,,,,0.6176,5134,,,,,21604,18035,21783,8953,35442,0.299,0.992,,
Amherst College,Amherst,MA,New England,Private nonprofit,4-year,Bachelor's,0.0901,1533,1911,0.1984,0.2085,42053,87640,70480,70480,0.939,13740,62537,77644,60184,153382,0.811,0.177,42.372459,-72.518493
Amridge University,Montgomery,AL,Southeast,Private nonprofit,4-year,Bachelor's,,,241,0.7655,0.5125,15034,,7590,7590,1.0,32189,30377,37621,21760,57946,0.696,0.856,32.362609,-86.17401
Anderson University,Anderson,IN,Great Lakes,Private nonprofit,4-year,Bachelor's,0.7934,1035,1057,0.3626,0.2317,59206,51585,37240,37240,0.5379,27000,44396,48899,30753,72582,0.715,0.552,40.112768,-85.664315
Anderson University,Anderson,SC,Southeast,Private nonprofit,4-year,Bachelor's,0.5471,1202,3183,0.2077,0.2535,64916,50192,34970,34970,0.6568,26700,42073,42101,29175,58890,0.715,0.634,34.5152,-82.640358
Andrew College,Cuthbert,GA,Southeast,Private nonprofit,4-year,Associate,0.4573,,473,0.6599,0.3296,30229,37612,19604,19604,0.3281,12533,30337,38475,21528,52818,0.572,0.326,31.772321,-84.795021
Andrews University,Berrien Springs,MI,Great Lakes,Private nonprofit,4-year,Bachelor's,0.8185,1150,1224,0.2471,0.1721,55290,45218,35056,35056,0.7153,26000,43254,53187,27398,81593,0.715,0.489,41.963859,-86.355815
Angeles College,Los Angeles,CA,Far West,Private for-profit,4-year,Certificate,,,598,0.4797,0.7339,13405,,,,0.9254,16522,26732,49108,25289,71985,,0.336,34.061223,-118.29903
Angeles Institute,ARTESIA,CA,Far West,Private for-profit,Less than 2-year,Certificate,,,113,0.6234,0.4211,21003,,,,0.4667,17238,48187,61195,29552,81911,,0.282,33.875772,-118.080741
Angelina College,Lufkin,TX,Southwest,Public,2-year,Certificate,,,2370,0.385,0.5349,20496,14848,3430,6490,0.294,,29861,37301,20934,56287,0.566,,31.287444,-94.731625
Angelo State University,San Angelo,TX,Southwest,Public,4-year,Bachelor's,0.8301,1054,5643,0.2764,0.404,41570,23441,8460,18300,0.4397,20000,41050,50116,32254,70895,0.76,0.399,31.440914,-100.465051
Anna Maria College,Paxton,MA,New England,Private nonprofit,4-year,Bachelor's,0.503,,906,0.3429,0.3969,53085,61888,44571,44571,0.4623,25000,63110,46651,27952,86559,0.773,0.536,42.330542,-71.91896
Anne Arundel Community College,Arnold,MD,Mid East,Public,2-year,Associate,,,8997,0.2065,0.4392,27936,19841,4322,11522,0.3136,8250,38890,46219,24064,71274,0.684,0.178,39.049813,-76.512223
Anoka Technical College,Anoka,MN,Plains,Public,2-year,Certificate,,,1684,0.3332,0.3715,30099,22247,6267,6267,0.6647,11000,45073,47746,30158,66987,0.782,0.23,45.216709,-93.416087
Anoka-Ramsey Community College,Coon Rapids,MN,Plains,Public,2-year,Associate,,,4201,0.2031,0.3416,38207,21068,5682,5682,0.2995,13500,42217,48342,29989,69840,0.71,0.279,45.172978,-93.351697
Anoka-Ramsey Community College-Cambridge Campus,Cambridge,MN,Plains,Public,2-year,Not classified,,,,,0.3416,38207,,5682,5682,,13500,42217,48342,29989,69840,0.71,0.279,,
Antelope Valley Community College District,Lancaster,CA,Far West,Public,4-year,Associate,,,11534,0.4186,0.5616,13661,12931,1124,9548,0.3438,12500,28110,36526,15992,60333,0.547,0.342,34.676207,-118.186166
Antilles School of Technical Careers,San Juan,PR,Outlying Areas,Private for-profit,2-year,Certificate,,,286,0.7679,0.4441,0,,,,0.5938,,19162,21766,10423,33855,0.304,,18.438416,-66.059206
Antioch University,Yellow Springs,OH,Great Lakes,Private nonprofit,4-year,Bachelor's,,,77,0.4444,0.3683,22455,,,,,23501,47986,51541,29595,76285,0.635,0.456,39.80321,-83.908684
Antioch University-Los Angeles,Culver City,CA,Far West,Private nonprofit,4-year,Bachelor's,,,60,0.2459,0.3683,22455,,,,,23501,47986,51541,29595,76285,0.635,0.456,33.988533,-118.384458
Antioch University-New England,Keene,NH,New England,Private nonprofit,4-year,Graduate,,,,,0.3683,22455,,,,,23501,47986,51541,29595,76285,0.635,0.456,42.932344,-72.293798
Antioch University-Santa Barbara,Santa Barbara,CA,Far West,Private nonprofit,4-year,Bachelor's,,,55,0.3137,0.3683,22455,,,,,23501,47986,51541,29595,76285,0.635,0.456,34.419203,-119.6958
Antioch University-Seattle,Seattle,WA,Far West,Private nonprofit,4-year,Bachelor's,,,74,0.3333,0.3683,22455,,,,,23501,47986,51541,29595,76285,0.635,0.456,47.615916,-122.346318
Apex Technical School,Long Island City,NY,Mid East,Private nonprofit,Less than 2-year,Certificate,,,1400,0.5907,0.5634,14129,,,,0.7827,9500,40264,41093,18223,65419,0.605,0.231,40.748807,-73.949306
Apollo Career Center,Lima,OH,Great Lakes,Public,Less than 2-year,Certificate,,,574,0.1142,0.5874,17694,,,,0.59,8107,33756,43101,27267,56141,0.62,0.188,40.692999,-84.149151
Appalachian Bible College,Mount Hope,WV,Southeast,Private nonprofit,4-year,Bachelor's,0.7778,1039,193,0.4186,,41816,31423,18760,18760,0.7105,11000,29147,37467,20722,57713,0.545,0.294,37.853335,-81.198867
Appalachian State University,Boone,NC,Southeast,Public,4-year,Bachelor's,0.9014,1214,19444,0.2642,0.2501,56100,23169,7579,25212,0.7453,20231,43663,51836,36495,74305,0.759,0.39,36.215536,-81.680583
Applied Tech,Sunset Hills,MO,Plains,Public,Less than 2-year,Certificate,0.4074,,172,0.5575,0.5769,19358,,,,0.3421,14750,57854,56508,38640,75078,0.793,0.261,38.542285,-90.413236
Aquinas College,Grand Rapids,MI,Great Lakes,Private nonprofit,4-year,Bachelor's,0.8988,1025,1083,0.239,0.2192,65630,51652,40218,40218,0.6536,23000,40161,49584,32142,70335,0.72,0.464,42.96019,-85.628785
Arapahoe Community College,Littleton,CO,Rocky Mountains,Public,4-year,Certificate,,,5383,0.0991,0.3845,29736,18332,4434,17034,0.291,11884,43676,48341,26484,71609,0.663,0.246,39.607505,-105.018631
Arcadia University,Glenside,PA,Mid East,Private nonprofit,4-year,Bachelor's,0.8022,1190,1948,0.2831,0.3067,66802,64645,49610,49610,0.6674,27000,44004,58336,39972,80889,0.77,0.463,40.092606,-75.163876
Arizona Christian University,Glendale,AZ,Southwest,Private nonprofit,4-year,Bachelor's,0.7062,,1165,0.3388,0.3826,36206,54792,35098,35098,0.3987,23000,39524,51612,30988,72457,0.634,0.446,33.622952,-112.181776
Arizona College of Nursing - Chesapeake,Chesapeake,VA,Southeast,Private for-profit,4-year,Bachelor's,1.0,,149,0.6667,0.5442,17322,42703,24653,24653,,9500,32840,34657,17281,48422,0.482,0.274,36.768088,-76.240372
Arizona College of Nursing - Hartford,East Hartford,CT,New England,Private for-profit,4-year,Bachelor's,1.0,,334,0.4821,0.5442,17322,48113,24653,24653,,9500,32840,34657,17281,48422,0.482,0.274,41.768617,-72.662653
Arizona College of Nursing-Aurora,Aurora,CO,Rocky Mountains,Private for-profit,4-year,Bachelor's,1.0,,336,0.6329,0.5442,17322,43920,24653,24653,,9500,32840,34657,17281,48422,0.482,0.274,39.660088,-104.836952
Arizona College of Nursing-Cincinnati,Cincinnati,OH,Great Lakes,Private for-profit,4-year,Bachelor's,1.0,,77,0.7619,0.5442,17322,44576,23760,23760,,9500,32840,34657,17281,48422,0.482,0.274,39.275361,-84.34767
Arizona College of Nursing-Cleveland,Beachwood,OH,Great Lakes,Private for-profit,4-year,Bachelor's,1.0,,164,0.6951,0.5442,17322,46107,23760,23760,,9500,32840,34657,17281,48422,0.482,0.274,41.46601,-81.493304
Arizona College of Nursing-Dallas,Dallas,TX,Southwest,Private for-profit,4-year,Bachelor's,1.0,,588,0.6359,0.5442,17322,43045,23987,23987,,9500,32840,34657,17281,48422,0.482,0.274,32.923106,-96.75999
Arizona College of Nursing-Falls Church,Falls Church,VA,Southeast,Private for-profit,4-year,Bachelor's,1.0,,348,0.6187,0.5442,17322,42280,24413,24413,,9500,32840,34657,17281,48422,0.482,0.274,38.860531,-77.218156
Arizona College of Nursing-Fort Lauderdale,Fort Lauderdale,FL,Southeast,Private for-profit,4-year,Bachelor's,,,428,0.6709,0.5442,17322,,25973,25973,,9500,32840,34657,17281,48422,0.482,0.274,26.205783,-80.138479
Arizona College of Nursing-Las Vegas,Las Vegas,NV,Far West,Private for-profit,4-year,Bachelor's,1.0,,1222,0.5338,0.5442,17322,35587,23531,23531,0.8182,9500,32840,34657,17281,48422,0.482,0.274,36.067353,-115.274149
Arizona College of Nursing-Ontario,Ontario,CA,Far West,Private for-profit,4-year,Bachelor's,1.0,,380,0.5651,0.5442,17322,52480,31637,31637,,9500,32840,34657,17281,48422,0.482,0.274,34.06676,-117.578071
Arizona College of Nursing-Phoenix,Phoenix,AZ,Southwest,Private for-profit,4-year,Bachelor's,1.0,,1229,0.5957,0.5442,17322,42097,26041,26041,,9500,32840,34657,17281,48422,0.482,0.274,33.635804,-112.117327
Arizona College of Nursing-Salt Lake City,Murray,UT,Rocky Mountains,Private for-profit,4-year,Bachelor's,1.0,,306,0.5481,0.5442,17322,41871,22587,22587,,9500,32840,34657,17281,48422,0.482,0.274,40.656372,-111.903426
Arizona College of Nursing-Sarasota,University Park,FL,Southeast,Private for-profit,4-year,Bachelor's,1.0,,133,0.6563,0.5442,17322,34305,23093,23093,,9500,32840,34657,17281,48422,0.482,0.274,27.397535,-82.452156
Arizona College of Nursing-Southfield,Southfield,MI,Great Lakes,Private for-profit,4-year,Bachelor's,1.0,,594,0.6625,0.5442,17322,42280,24944,24944,,9500,32840,34657,17281,48422,0.482,0.274,42.48156,-83.260202
Arizona College of Nursing-St Louis,Maryland Heights,MO,Plains,Private for-profit,4-year,Bachelor's,1.0,,131,,0.5442,17322,,23760,23760,,9500,32840,34657,17281,48422,0.482,0.274,38.690785,-90.449253
Arizona College of Nursing-Tampa,Tampa,FL,Southeast,Private for-profit,4-year,Bachelor's,1.0,,335,0.5794,0.5442,17322,41613,23093,23093,,9500,32840,34657,17281,48422,0.482,0.274,27.955614,-82.523369
Arizona College of Nursing-Tempe,Tempe,AZ,Southwest,Private for-profit,4-year,Bachelor's,1.0,,1202,0.4695,0.5442,17322,38153,26091,26091,0.8889,9500,32840,34657,17281,48422,0.482,0.274,33.403079,-111.965808
Arizona College of Nursing-Tucson,Tucson,AZ,Southwest,Private for-profit,4-year,Bachelor's,1.0,,562,0.6051,0.5442,17322,41932,24944,24944,,9500,32840,34657,17281,48422,0.482,0.274,32.22113,-110.880434
Arizona College-Glendale,Glendale,AZ,Southwest,Private for-profit,2-year,Certificate,,,403,0.7559,0.5442,17322,34393,18835,18835,0.8468,9500,32840,34657,17281,48422,0.482,0.274,33.566263,-112.154175
Arizona College-Mesa,Mesa,AZ,Southwest,Private for-profit,Less than 2-year,Certificate,,,140,0.8022,0.5442,17322,,,,0.875,9500,32840,34657,17281,48422,0.482,0.274,33.418374,-111.873428
Arizona Culinary Institute,Scottsdale,AZ,Southwest,Private for-profit,Less than 2-year,Certificate,,,149,0.4701,0.4027,21906,,,,0.9067,9500,36702,41651,23149,58357,,0.228,33.581935,-111.831237
Arizona State University - ASU California Center - Broadway,Los Angeles,CA,Far West,Public,4-year,Not classified,,,,,0.3813,35852,,11663,25185,,19500,52843,62668,40826,92934,0.801,0.311,,
Arizona State University - ASU California Center - Grand,Los Angeles,CA,Far West,Public,4-year,Not classified,,,,,0.3813,35852,,11663,25185,,19500,52843,62668,40826,92934,0.801,0.311,,
Arizona State University - Cochise,Sierra Vista,AZ,Southwest,Public,4-year,Not classified,,,,,0.3813,35852,,,,,19500,52843,62668,40826,92934,0.801,0.311,,
Arizona State University - Mesa City Center,Mesa,AZ,Southwest,Public,4-year,Not classified,,,,,0.3813,35852,,,,,19500,52843,62668,40826,92934,0.801,0.311,,
Arizona State University - Northeastern Arizona,Show Low,AZ,Southwest,Public,4-year,Not classified,,,,,0.3813,35852,,,,,19500,52843,62668,40826,92934,0.801,0.311,,
Arizona State University - Pima,Tucson,AZ,Southwest,Public,4-year,Not classified,,,,,0.3813,35852,,,,,19500,52843,62668,40826,92934,0.801,0.311,,
Arizona State University - Pinal,Coolidge,AZ,Southwest,Public,4-year,Not classified,,,,,0.3813,35852,,,,,19500,52843,62668,40826,92934,0.801,0.311,,
Arizona State University - The Gila Valley,Thatcher,AZ,Southwest,Public,4-year,Not classified,,,,,0.3813,35852,,,,,19500,52843,62668,40826,92934,0.801,0.311,,
Arizona State University - Tucson,Tucson,AZ,Southwest,Public,4-year,Not classified,,,,,0.3813,35852,,,,,19500,52843,62668,40826,92934,0.801,0.311,,
Arizona State University - Washington D.C.,Washington,DC,Mid East,Public,4-year,Not classified,,,,,0.3813,35852,,,,,19500,52843,62668,40826,92934,0.801,0.311,,
Arizona State University - Yavapai,Prescott Valley,AZ,Southwest,Public,4-year,Not classified,,,,,0.3813,35852,,,,,19500,52843,62668,40826,92934,0.801,0.311,,
Arizona State University - Yuma,Yuma,AZ,Southwest,Public,4-year,Not classified,,,,,0.3813,35852,,,,,19500,52843,62668,40826,92934,0.801,0.311,,
Arizona State University Campus Immersion,Tempe,AZ,Southwest,Public,4-year,Bachelor's,0.8989,,64674,0.2899,0.3813,35852,30111,12223,33139,0.6804,19500,52843,62668,40826,92934,0.801,0.311,33.417721,-111.934383
Arizona State University Digital Immersion,Scottsdale,AZ,Southwest,Public,4-year,Bachelor's,0.6669,,53782,0.398,0.3813,35852,,,,0.0,19500,52843,62668,40826,92934,0.801,0.311,33.463517,-111.924487
Arizona State University-Downtown Phoenix,Phoenix,AZ,Southwest,Public,4-year,Not classified,,,,,0.3813,35852,,12223,33139,,19500,52843,62668,40826,92934,0.801,0.311,,
Arizona State University-Polytechnic,Mesa,AZ,Southwest,Public,4-year,Not classified,,,,,0.3813,35852,,12223,33139,,19500,52843,62668,40826,92934,0.801,0.311,,
Arizona State University-West Valley,Glendale,AZ,Southwest,Public,4-year,Not classified,,,,,0.3813,35852,,12223,33139,,19500,52843,62668,40826,92934,0.801,0.311,,
Arizona Western College,Yuma,AZ,Southwest,Public,2-year,Certificate,,,6374,0.4072,0.6108,21462,15868,3060,9870,0.2023,4826,32165,36857,21521,55402,0.556,0.131,32.689306,-114.495968
Arkansas Baptist College,Little Rock,AR,Southeast,Private nonprofit,4-year,Bachelor's,,,342,0.7936,0.4495,14641,23060,8760,8760,0.0739,25375,22652,28418,13142,44142,0.427,0.893,34.734751,-92.290555
Arkansas Beauty College,Russellville,AR,Southeast,Private for-profit,Less than 2-year,Certificate,,,61,0.5641,0.5294,14185,,,,0.5,,20636,16857,4009,27993,,,35.27902,-93.135369
Arkansas Beauty School-Little Rock,Little Rock,AR,Southeast,Private for-profit,Less than 2-year,Certificate,,,106,0.5141,0.5541,11328,,,,1.0,6333,14638,18078,9065,31081,0.236,0.35,34.672171,-92.343366
Arkansas Northeastern College,Blytheville,AR,Southeast,Public,2-year,Certificate,,,756,0.2398,0.5895,19292,12094,2570,4250,0.4908,,30674,33169,17754,51559,0.493,,35.898597,-89.921005
Arkansas State University,Jonesboro,AR,Southeast,Public,4-year,Bachelor's,0.8226,1090,9110,0.3838,0.3883,33450,25082,8090,14522,0.554,20500,38944,42617,26452,61266,0.63,0.481,35.842388,-90.679988
Arkansas State University Mid-South,West Memphis,AR,Southeast,Public,2-year,Certificate,,,502,0.3105,0.5944,16021,14365,3216,4824,0.5765,,27557,31857,16675,49159,0.421,,35.145736,-90.22285
Arkansas State University Three Rivers,Malvern,AR,Southeast,Public,2-year,Certificate,,,550,0.1415,0.5,24497,14579,3788,4388,0.2642,10250,33365,37374,20799,58598,0.538,0.274,34.378745,-92.821416
Arkansas State University-Beebe,Beebe,AR,Southeast,Public,2-year,Certificate,,,1986,0.3505,0.4562,24595,18771,3336,5232,0.4203,8093,32587,36603,20028,52250,0.58,0.221,35.074176,-91.895351
Arkansas State University-Mountain Home,Mountain Home,AR,Southeast,Public,2-year,Certificate,,,925,0.4582,0.5011,19818,16071,3312,4776,0.4412,10500,34640,34238,19044,52133,,0.307,36.320466,-92.388581
Arkansas State University-Newport,Newport,AR,Southeast,Public,2-year,Certificate,,,1236,0.4492,0.4988,21512,15060,3312,4752,0.458,8002,34583,41524,24870,60086,,0.193,35.640492,-91.190594
Arkansas Tech University,Russellville,AR,Southeast,Public,4-year,Certificate,0.9589,1049,5388,0.3389,0.4575,32169,22808,8674,14668,0.4856,21000,37638,41766,25501,61055,0.652,0.503,35.296091,-93.137172
Arkansas Technical School,North Little Rock,AR,Southeast,Private for-profit,Less than 2-year,Certificate,,,123,0.6833,0.6184,9512,,,,0.5833,16500,16624,16209,6850,35021,0.207,1.018,34.753843,-92.266429
Arkansas Technical School,North Little Rock,AR,Southeast,Private for-profit,Less than 2-year,Not classified,,,,,0.6184,9512,,,,,16500,16624,16209,6850,35021,0.207,1.018,,
Arlington Baptist University,Arlington,TX,Southwest,Private nonprofit,4-year,Bachelor's,,,284,0.5309,0.4576,50138,33424,20830,20830,0.1944,27000,32206,44644,23688,61630,0.681,0.605,32.739489,-97.156024
Arlington Career Institute,Arlington,TX,Southwest,Private for-profit,2-year,Certificate,,,562,0.5696,0.5221,16290,,,,0.7245,8347,32235,36674,18305,51257,0.554,0.228,32.762128,-97.072025
Arnolds Beauty School,Milan,TN,Southeast,Private for-profit,Less than 2-year,Certificate,,,63,0.4737,0.5161,22314,,,,0.7674,,19426,27828,11161,40186,0.193,,35.919195,-88.760125
Arnot Ogden Medical Center,Elmira,NY,Mid East,Private nonprofit,2-year,Associate,0.6667,,52,0.6207,,25870,,,,1.0,,66585,70775,50350,89500,,,42.101171,-76.828062
Art Academy of Cincinnati,Cincinnati,OH,Great Lakes,Private nonprofit,4-year,Bachelor's,0.3449,,205,0.5059,0.3077,48389,53879,41375,41375,0.4127,27000,27483,34368,15599,51408,0.583,0.786,39.108805,-84.513913
Art Center College of Design,Pasadena,CA,Far West,Private nonprofit,4-year,Bachelor's,0.7454,,2017,0.216,0.2429,30283,75649,54170,54170,0.7917,31000,53562,71958,28421,125307,0.693,0.431,34.169031,-118.185102
Arthur's Beauty College,Jonesboro,AR,Southeast,Private for-profit,Less than 2-year,Certificate,,,69,0.7212,0.5429,15106,,,,0.5161,10500,16389,21470,,31815,0.233,0.489,35.817823,-90.68152
Arthur's Beauty College,Jacksonville,AR,Southeast,Private for-profit,Less than 2-year,Certificate,,,29,0.6935,0.4607,15532,,,,0.7895,9833,20177,21954,11150,37383,0.235,0.448,34.891572,-92.102579
Arthur's Beauty College,Conway,AR,Southeast,Private for-profit,Less than 2-year,Certificate,,,66,0.6395,0.4607,15532,,,,0.3889,9833,20177,21954,11150,37383,0.235,0.448,35.109764,-92.445479
Artistic Academy of Hair Design,Morris Plains,NJ,Mid East,Private for-profit,Less than 2-year,Certificate,,,88,0.2741,0.4823,46251,,,,0.8286,5500,35422,34266,15866,52950,0.641,0.161,40.855589,-74.486405
Artistic Nails and Beauty Academy-Lakeland,Lakeland,FL,Southeast,Private for-profit,Less than 2-year,Certificate,,,185,0.5908,0.6037,13834,,,,0.7576,6333,20334,20948,10502,37773,,0.302,28.053634,-81.94718
Artistic Nails and Beauty Academy-Tampa,Tampa,FL,Southeast,Private for-profit,Less than 2-year,Certificate,,,253,0.5486,0.6037,13834,,,,0.766,6333,20334,20948,10502,37773,,0.302,27.951358,-82.403486
Asbury University,Wilmore,KY,Southeast,Private nonprofit,4-year,Bachelor's,0.634,,1420,0.2767,0.2362,55322,47459,33640,33640,0.6498,24028,35563,42368,26611,60619,0.68,0.567,37.862029,-84.662606
Asher College,Sacramento,CA,Far West,Private for-profit,2-year,Associate,,,649,0.5609,0.4586,15922,,,,0.5556,14166,42900,45468,23790,70496,,0.312,38.587784,-121.415767
Asheville-Buncombe Technical Community College,Asheville,NC,Southeast,Public,2-year,Certificate,,,5110,0.3619,0.3876,20034,16061,2882,9026,0.3984,15528,32630,36048,17505,54112,0.578,0.431,35.570439,-82.554826
Ashland Community and Technical College,Ashland,KY,Southeast,Public,2-year,Certificate,,,1631,0.4064,0.5445,17762,14374,4728,6432,0.5091,10950,30330,34504,16193,55750,0.47,0.317,38.469201,-82.650664
Ashland County-West Holmes Career Center,Ashland,OH,Great Lakes,Public,Less than 2-year,Certificate,,,41,0.4773,0.6176,20216,,,,0.8571,,30287,31791,16321,51533,,,40.801018,-82.266808
Ashland University,Ashland,OH,Great Lakes,Private nonprofit,4-year,Bachelor's,0.764,1120,2199,0.2885,0.4089,10702,43434,31210,31210,0.6063,25000,47722,52928,38053,72499,0.783,0.472,40.861755,-82.321061
Ashtabula County Technical and Career Campus,Jefferson,OH,Great Lakes,Public,Less than 2-year,Certificate,,,103,0.2039,0.625,18188,,,,0.5814,,34441,42163,22290,56990,0.563,,41.746864,-80.733023
Asian-American International Beauty College,Westminster,CA,Far West,Private for-profit,Less than 2-year,Certificate,,,442,0.2837,0.7467,9745,,,,0.9003,,9459,12610,5175,22737,0.202,,33.759524,-117.991643
Associated Beth Rivkah Schools,Brooklyn,NY,Mid East,Private nonprofit,4-year,Certificate,0.8411,,254,0.6367,,26633,32924,11200,11200,0.7746,,14680,17686,9206,36287,0.214,,40.666034,-73.949796
Associated Technical College-Los Angeles,Los Angeles,CA,Far West,Private for-profit,Less than 2-year,Certificate,,,315,1.0,0.5972,0,,,,0.902,9500,20840,24368,10025,40762,0.487,0.39,34.056102,-118.272364
Assumption University,Worcester,MA,New England,Private nonprofit,4-year,Bachelor's,0.8298,,1669,0.2198,0.1753,103301,65551,51356,51356,0.7523,27000,46029,74895,48203,105117,0.893,0.361,42.294226,-71.828991
Atelier Esthetique Institute of Esthetics,New York,NY,Mid East,Private for-profit,Less than 2-year,Certificate,,,299,0.5158,0.5023,17160,,,,0.575,5846,20977,40826,29634,60110,,0.143,40.746376,-73.995669
Atenas University,Manati,PR,Outlying Areas,Private nonprofit,4-year,Associate,,,597,0.8569,0.5215,0,15539,8954,8954,0.4248,6525,18391,20231,11147,32566,0.116,0.323,18.429776,-66.488422
Athens State University,Athens,AL,Southeast,Public,4-year,Bachelor's,,,2446,0.4251,0.4775,29646,,,,,18051,46266,50273,33492,70554,0.747,0.359,34.806793,-86.964698
Athens Technical College,Athens,GA,Southeast,Public,2-year,Certificate,,,3318,0.3641,0.4913,17841,15783,3390,5958,0.5056,,31758,35951,19921,54454,0.577,,33.990183,-83.339598
Atlanta Institute of Music and Media,Duluth,GA,Southeast,Private for-profit,2-year,Associate,,,248,0.5225,0.2697,33912,,,,0.3269,15411,22135,31186,12212,52988,0.535,0.494,33.961164,-84.105311
Atlanta Metropolitan State College,Atlanta,GA,Southeast,Public,4-year,Associate,,,1228,0.5308,0.3948,16404,11740,3248,10400,0.1741,14123,26849,33252,16361,51378,0.529,0.425,33.70893,-84.404659
Atlanta Technical College,Atlanta,GA,Southeast,Public,2-year,Certificate,,,3875,0.5886,0.485,14469,9197,3382,5950,0.4874,9500,27097,30350,14500,48443,0.402,0.313,33.712009,-84.404995
Atlantic Cape Community College,Mays Landing,NJ,Mid East,Public,2-year,Associate,,,3755,0.5015,0.5764,22294,15597,6068,9068,0.3003,9500,29224,34241,17052,54724,0.525,0.277,39.462081,-74.680019
Atlantic Technical College,Coconut Creek,FL,Southeast,Public,2-year,Certificate,,,3000,0.0661,0.5474,16748,,,,0.653,,37819,38560,19752,59620,0.604,,26.24278,-80.192271
Atlantic University,Guaynabo,PR,Outlying Areas,Private nonprofit,4-year,Bachelor's,,,1451,0.8451,0.153,14493,12986,8280,8280,0.3941,5457,19079,25272,13885,38594,0.344,0.216,18.357395,-66.111714
Auburn Career Center,Concord Twp,OH,Great Lakes,Public,Less than 2-year,Certificate,,,292,0.1411,0.562,20153,,,,0.6879,6365,45714,37032,21657,55888,,0.172,41.649238,-81.243798
Auburn University,Auburn,AL,Southeast,Public,4-year,Bachelor's,0.4592,1345,26816,0.1253,0.1726,72031,34919,12890,34922,0.8195,21000,54629,65337,43620,95597,0.823,0.321,32.599378,-85.488258
Auburn University at Montgomery,Montgomery,AL,Southeast,Public,4-year,Bachelor's,0.9157,1093,2542,0.4235,0.3819,29672,21353,9700,20668,0.326,25000,38216,44391,26860,63615,0.657,0.563,32.36736,-86.177544
Augsburg University,Minneapolis,MN,Plains,Private nonprofit,4-year,Bachelor's,0.8198,,2494,0.5614,0.289,41360,62303,45452,45452,0.5167,25347,48616,58829,38984,84780,0.818,0.431,44.966307,-93.240436
Augusta School of Massage,Evans,GA,Southeast,Private for-profit,Less than 2-year,Certificate,,,34,0.6515,,16320,,,,0.8077,,26185,25408,13399,48275,,,33.529159,-82.135503
Augusta Technical College,Augusta,GA,Southeast,Public,2-year,Certificate,,,3923,0.4687,0.4495,15421,19254,4282,7492,0.3107,4500,29531,33523,18463,51114,0.48,0.134,33.418992,-82.048439
Augusta University,Augusta,GA,Southeast,Public,4-year,Bachelor's,0.8641,1070,5613,0.3879,0.2832,37794,23524,8414,24734,0.4881,20500,45037,48472,29866,72758,0.851,0.423,33.47037,-81.989071
Augustana College,Rock Island,IL,Great Lakes,Private nonprofit,4-year,Bachelor's,0.6268,1165,2490,0.24,0.2224,90216,63553,51598,51598,0.7286,27000,49849,62971,45347,87097,0.867,0.429,41.502365,-90.55057
Augustana University,Sioux Falls,SD,Plains,Private nonprofit,4-year,Bachelor's,0.6775,1195,1965,0.178,0.1448,83402,55159,40160,40160,0.7297,25000,49826,59217,43122,82312,0.8,0.422,43.525148,-96.736975
Auguste Escoffier School of Culinary Arts-Austin,Austin,TX,Southwest,Private for-profit,2-year,Associate,,,305,0.4574,0.4618,23942,,,,0.7037,16000,28810,36330,23881,54711,,0.44,30.326455,-97.717865
Auguste Escoffier School of Culinary Arts-Boulder,Boulder,CO,Rocky Mountains,Private for-profit,2-year,Certificate,,,8504,0.5929,0.381,20748,,,,0.4751,9653,32101,32001,19162,49744,,0.302,39.983475,-105.250075
Aultman College of Nursing and Health Sciences,Canton,OH,Great Lakes,Private nonprofit,4-year,Associate,0.4588,1020,280,0.3693,0.524,29546,28979,20230,20230,0.5333,20000,50096,63582,42874,83205,0.874,0.315,40.796186,-81.404053
Aurora University,Aurora,IL,Great Lakes,Private nonprofit,4-year,Bachelor's,0.8085,1076,3974,0.4495,0.4569,45293,40625,29170,29170,0.6032,20318,51237,58709,41124,82940,0.759,0.346,41.753631,-88.349023
Austin College,Sherman,TX,Southwest,Private nonprofit,4-year,Bachelor's,0.4765,1212,1165,0.3085,0.2339,54764,61607,48680,48680,0.6705,24500,45242,61296,43810,87608,0.835,0.4,33.646345,-96.596331
Austin Community College District,Austin,TX,Southwest,Public,4-year,Associate,,,30189,0.2436,0.4523,24990,15190,2550,10590,0.202,10499,38647,43177,23247,64418,0.678,0.243,30.326304,-97.713778
Austin Peay State University,Clarksville,TN,Southeast,Public,4-year,Bachelor's,0.9641,1088,7560,0.435,0.395,31930,22233,9006,14766,0.4024,20547,38779,44301,26869,64102,0.67,0.464,36.533319,-87.354081
Automeca Technical College-Aguadilla,Aguadilla,PR,Outlying Areas,Private for-profit,Less than 2-year,Certificate,,,246,0.9351,0.4666,0,14487,9095,9095,0.8047,3030,21983,24632,14088,40459,0.308,0.123,18.448502,-67.1418
Automeca Technical College-Bayamon,Bayamon,PR,Outlying Areas,Private for-profit,Less than 2-year,Certificate,,,482,0.9542,0.4666,0,13703,9095,9095,0.8031,3030,21983,24632,14088,40459,0.308,0.123,18.406325,-66.180088
Automeca Technical College-Caguas,Caguas,PR,Outlying Areas,Private for-profit,Less than 2-year,Certificate,,,186,0.9639,0.4666,0,14262,9095,9095,0.8507,3030,21983,24632,14088,40459,0.308,0.123,18.230554,-66.037144
Automeca Technical College-Ponce,Ponce,PR,Outlying Areas,Private for-profit,Less than 2-year,Certificate,,,310,0.9648,0.4666,0,14278,9095,9095,0.7333,3030,21983,24632,14088,40459,0.308,0.123,18.011516,-66.636951
Automotive Training Center-Exton,Exton,PA,Mid East,Private for-profit,2-year,Certificate,,,366,0.6515,0.5016,29417,,,,0.6822,15665,43576,51112,32370,69328,0.771,0.306,40.058206,-75.643079
Automotive Training Center-Warminster,Warminster,PA,Mid East,Private for-profit,2-year,Certificate,,,302,0.5648,0.5016,29417,,,,0.6835,15665,43576,51112,32370,69328,0.771,0.306,40.200656,-75.075375
Autry Technology Center,Enid,OK,Southwest,Public,2-year,Certificate,0.7094,,259,0.1411,0.5565,21620,,,,0.75,,26086,40389,26329,60345,0.575,,36.419122,-97.89719
Avalon Institute-Aurora,Aurora,CO,Rocky Mountains,Private for-profit,Less than 2-year,Certificate,,,162,0.6603,0.5287,24102,,,,0.8062,6332,29752,24367,12085,43324,0.452,0.26,39.676308,-104.848602
Avalon Institute-Las Vegas,Las Vegas,NV,Far West,Private for-profit,Less than 2-year,Certificate,,,304,0.7356,0.4886,23353,,,,0.8393,6332,29562,30803,14464,45252,0.389,0.206,36.142355,-115.206409
Avalon Institute-Layton,Layton,UT,Rocky Mountains,Private for-profit,Less than 2-year,Certificate,,,186,0.5646,0.4886,23353,,,,0.8571,6332,29562,30803,14464,45252,0.389,0.206,41.089919,-112.003639
Avalon Institute-Mesa,Mesa,AZ,Southwest,Private for-profit,Less than 2-year,Certificate,,,298,0.4504,0.4886,23353,,,,0.8414,6332,29562,30803,14464,45252,0.389,0.206,33.376583,-111.858305
Avalon Institute-Phoenix,Phoenix,AZ,Southwest,Private for-profit,Less than 2-year,Certificate,,,219,0.703,0.4886,23353,,,,0.8015,6332,29562,30803,14464,45252,0.389,0.206,33.641828,-112.068527
Avalon School of Cosmetology,Worthington,MN,Plains,Private for-profit,2-year,Certificate,,,15,0.3704,,13905,,,,0.8333,,21096,28336,20051,39421,,,43.631842,-95.602503
Ave Maria University,Ave Maria,FL,Southeast,Private nonprofit,4-year,Bachelor's,0.4139,,1298,0.2104,0.1763,81806,46129,30198,30198,0.5394,20776,43572,49520,31575,76050,,0.42,26.335983,-81.438945
Aveda Arts & Sciences Institute Lafayette-Arlington,Arlington,VA,Southeast,Private for-profit,Less than 2-year,Certificate,,,166,0.4595,0.5445,20768,,,,,7916,19975,23904,9147,39256,0.319,0.331,38.878767,-77.111447
Aveda Arts & Sciences Institute Minneapolis,Minneapolis,MN,Plains,Private for-profit,Less than 2-year,Certificate,,,623,0.2517,0.2839,41906,,,,0.6768,6333,32552,34659,17859,55376,0.551,0.183,44.987972,-93.253555
Aveda Arts & Sciences Institute Seattle,Seattle,WA,Far West,Private for-profit,Less than 2-year,Certificate,,,154,0.1784,0.4128,30382,,,,0.6667,7773,35333,32491,13501,55850,,0.239,47.614403,-122.321762
Aveda Arts & Sciences Institute-Baton Rouge,Baton Rouge,LA,Southeast,Private for-profit,Less than 2-year,Certificate,,,175,0.524,0.4921,16450,,,,0.6418,9833,21857,25903,11243,36901,0.402,0.38,30.425932,-91.054583
Aveda Arts & Sciences Institute-Covington,Covington,LA,Southeast,Private for-profit,Less than 2-year,Certificate,,,2078,0.4815,0.4373,23058,,,,0.7989,7917,24647,30334,13600,49268,0.376,0.261,30.494049,-90.104008
Aveda Arts & Sciences Institute-Lafayette,Lafayette,LA,Southeast,Private for-profit,Less than 2-year,Certificate,,,144,0.5234,0.5445,20768,,,,0.0,7916,19975,23904,9147,39256,0.319,0.331,30.206168,-92.042092
Aveda Arts & Sciences Institute-New York,New York,NY,Mid East,Private for-profit,Less than 2-year,Certificate,,,293,0.4621,0.4156,17815,,,,0.7955,6129,21180,28013,12058,54231,,0.219,40.725861,-74.00497
Aveda Arts & Sciences Institute-San Antonio,San Antonio,TX,Southwest,Private for-profit,Less than 2-year,Certificate,,,250,0.4606,0.4777,23403,,,,0.8148,7916,25105,32162,13846,50894,,0.246,29.637354,-98.452126
Aveda Fredric's Institute-Cincinnati,West Chester,OH,Great Lakes,Private for-profit,Less than 2-year,Certificate,,,453,0.4866,0.368,55389,,,,0.7987,7917,28122,30468,14800,51849,,0.26,39.35541,-84.361091
Aveda Fredric's Institute-Indianapolis,Carmel,IN,Great Lakes,Private for-profit,Less than 2-year,Certificate,,,265,0.3965,,44607,,,,0.8767,7389,32480,31963,16134,51030,,0.231,39.959878,-86.117678
Aveda Institute Portland-Vancouver Campus,Vancouver,WA,Far West,Private for-profit,Less than 2-year,Certificate,,,122,0.4928,0.3918,21995,,,,0.8947,6826,29329,33003,17075,52033,,0.207,45.643767,-122.603849
Aveda Institute-Boise,Boise,ID,Rocky Mountains,Private for-profit,Less than 2-year,Certificate,,,97,0.4,,21934,,,,0.8889,5846,,24470,,37307,,0.239,43.620545,-116.309994
Aveda Institute-Chapel Hill,Chapel Hill,NC,Southeast,Private for-profit,Less than 2-year,Certificate,,,198,0.4527,0.3344,24693,,,,0.8182,6333,29178,26873,14507,47421,,0.236,35.927944,-79.026769
Aveda Institute-Columbus,Columbus,OH,Great Lakes,Private for-profit,Less than 2-year,Certificate,,,290,0.53,0.4261,21830,,,,0.7412,6333,24063,30231,14299,45093,,0.209,40.062719,-83.043021
Aveda Institute-Denver,Denver,CO,Rocky Mountains,Private for-profit,Less than 2-year,Certificate,,,280,0.3165,0.4171,22339,,,,0.8352,9829,31196,38020,15992,53431,,0.259,39.729146,-105.000615
Aveda Institute-Des Moines,West Des Moines,IA,Plains,Private for-profit,Less than 2-year,Certificate,,,244,0.4139,0.3702,37296,,,,0.875,8461,35130,36132,17377,52370,,0.234,41.562675,-93.802586
Aveda Institute-Fort Myers,Fort Myers,FL,Southeast,Private for-profit,Less than 2-year,Certificate,,,283,0.3566,0.5352,16015,,,,0.6827,9024,22485,24057,12887,38865,0.333,0.375,26.596006,-81.870312
Aveda Institute-Maryland,Bel Air,MD,Mid East,Private for-profit,Less than 2-year,Certificate,,,77,0.3293,0.4355,14228,,,,0.9655,6333,24894,21250,11527,33209,0.429,0.298,39.531933,-76.349927
Aveda Institute-Portland,Portland,OR,Far West,Private for-profit,2-year,Certificate,,,238,0.4334,0.3918,21995,,,,0.7727,6826,29329,33003,17075,52033,,0.207,45.525507,-122.68474
Aveda Institute-Provo,Provo,UT,Rocky Mountains,Private for-profit,Less than 2-year,Certificate,,,164,0.2278,,34385,,,,0.8381,7666,24689,20414,,41636,,0.376,40.236621,-111.658335
Aveda Institute-South Florida,Davie,FL,Southeast,Private for-profit,Less than 2-year,Certificate,,,923,0.3128,0.4175,20646,,,,0.7288,6333,23978,29426,13072,47353,,0.215,26.070447,-80.251766
Aveda Institute-Tampa Bay,Clearwater,FL,Southeast,Private for-profit,Less than 2-year,Certificate,,,620,0.1896,0.3624,22934,,,,0.713,6333,26252,29449,13690,45611,,0.215,28.029221,-82.739008
Aveda Institute-Twin Falls,Twin Falls,ID,Rocky Mountains,Private for-profit,Less than 2-year,Certificate,,,88,0.4963,,16061,,,,0.7297,9400,21804,26171,12499,38719,,0.359,42.593567,-114.461545
Avenue Five Institute,Austin,TX,Southwest,Private for-profit,Less than 2-year,Certificate,,,316,0.4649,0.4466,20297,,,,0.7701,7917,28756,30280,10073,51163,,0.261,30.369503,-97.728961
Avenue Five Institute-South Austin Campus,Austin,TX,Southwest,Private for-profit,Less than 2-year,Certificate,,,139,0.5983,0.4466,20297,,,,0.88,7917,28756,30280,10073,51163,,0.261,30.221953,-97.756266
Averett University,Danville,VA,Southeast,Private nonprofit,4-year,Bachelor's,0.5659,1135,1231,0.411,0.3755,40149,53460,38550,38550,0.4814,25000,46273,51516,33532,75785,0.788,0.485,36.577287,-79.413203
Avi Career Training,vienna,VA,Southeast,Private for-profit,Less than 2-year,Certificate,,,22,0.75,,18853,,,,0.8571,6333,24324,28615,14551,49894,,0.221,38.974295,-77.296823
Aviation Institute of Maintenance-Atlanta,Duluth,GA,Southeast,Private for-profit,2-year,Certificate,,,824,0.5597,0.4445,21224,32167,16657,16657,0.4628,31500,46459,48191,24355,74876,0.655,0.654,33.948914,-84.147864
Aviation Institute of Maintenance-Charlotte,Charlotte,NC,Southeast,Private for-profit,2-year,Certificate,,,344,0.5236,0.5536,21440,30005,16657,16657,0.7,29773,43954,42759,20349,63429,0.695,0.696,35.161941,-80.736311
Aviation Institute of Maintenance-Chicago,Chicago,IL,Great Lakes,Private for-profit,2-year,Certificate,,,333,0.3575,0.3949,20566,32217,16657,16657,,31301,42860,53341,29623,79159,,0.587,41.825743,-87.664313
Aviation Institute of Maintenance-Dallas,Irving,TX,Southwest,Private for-profit,2-year,Certificate,,,495,0.3217,0.4766,21948,31817,16757,16757,0.5273,32229,44241,42375,20279,68361,,0.761,32.836068,-96.941822
Aviation Institute of Maintenance-Houston,Houston,TX,Southwest,Private for-profit,2-year,Certificate,,,360,0.331,0.5072,22737,29992,16757,16757,0.7308,31875,48846,58327,29305,90921,,0.546,29.65852,-95.28262
Aviation Institute of Maintenance-Indianapolis,Indianapolis,IN,Great Lakes,Private for-profit,2-year,Certificate,,,172,0.325,0.5536,21440,33420,16757,16757,0.5,29773,43954,42759,20349,63429,0.695,0.696,39.753062,-86.288273
Aviation Institute of Maintenance-Kansas City,Kansas City,MO,Plains,Private for-profit,2-year,Certificate,,,253,0.3128,0.5415,19842,31898,16757,16757,0.7083,30416,52341,40743,20355,57343,0.578,0.747,39.049869,-94.498289
Aviation Institute of Maintenance-Las Vegas,Las Vegas,NV,Far West,Private for-profit,2-year,Certificate,,,429,0.2952,0.4445,21224,30078,16757,16757,0.8,31500,46459,48191,24355,74876,0.655,0.654,36.083117,-115.118122
Aviation Institute of Maintenance-Manassas,Manassas,VA,Southeast,Private for-profit,2-year,Certificate,,,272,0.2751,0.4136,23470,30992,16757,16757,0.8182,31959,51880,46441,28514,76670,,0.688,38.794493,-77.514594
Aviation Institute of Maintenance-Norfolk,Norfolk,VA,Southeast,Private for-profit,2-year,Certificate,,,270,0.2574,0.5101,23201,28427,16757,16757,0.7857,29375,42856,44173,24501,68379,0.638,0.665,36.914293,-76.216995
Aviation Institute of Maintenance-Orlando,Casselberry,FL,Southeast,Private for-profit,2-year,Certificate,,,376,0.3468,0.3949,20566,30401,16757,16757,0.8276,31301,42860,53341,29623,79159,,0.587,28.680653,-81.334196
Aviation Institute of Maintenance-Philadelphia,Philadelphia,PA,Mid East,Private for-profit,2-year,Certificate,,,385,0.3333,0.5734,16602,30830,16757,16757,0.625,32397,43062,42785,16089,69825,0.628,0.757,40.070184,-75.007237
Aviation Institute of Maintenance-Phoenix,Phoenix,AZ,Southwest,Private for-profit,2-year,Certificate,,,105,,0.5536,21440,,16657,16657,,29773,43954,42759,20349,63429,0.695,0.696,33.410174,-112.01036
Aviation Institute of Maintenance-Teterboro,Hasbrouck Heights,NJ,Mid East,Private for-profit,2-year,Certificate,,,695,0.308,0.622,25668,29400,16757,16757,0.7021,14279,58035,73971,46718,102486,0.795,0.193,40.864741,-74.065599
Aviator College of Aeronautical Science & Technology -  Kissimmee,Kissimmee,FL,Southeast,Private for-profit,2-year,Not classified,,,,,,24684,,16978,16978,,16979,34923,67739,49076,115197,,0.251,,
Aviator College of Aeronautical Science and Technology,Fort Pierce,FL,Southeast,Private for-profit,2-year,Certificate,,,256,0.3494,,24684,48190,44975,44975,,16979,34923,67739,49076,115197,,0.251,27.48718,-80.367303
Avila University,Kansas City,MO,Plains,Private nonprofit,4-year,Bachelor's,0.878,972,1312,0.5635,0.3675,38722,50096,42000,42000,0.5238,25000,48975,52773,36172,75165,0.799,0.474,38.91339,-94.591758
Avila University -  Arizona,Goodyear,AZ,Southwest,Private nonprofit,4-year,Not classified,,,,,0.3675,38722,,,,,25000,48975,52773,36172,75165,0.799,0.474,,
Award Beauty School,Hagerstown,MD,Mid East,Private for-profit,Less than 2-year,Certificate,,,94,0.3695,0.6596,10623,,,,0.6471,13000,16898,18172,7428,34353,0.333,0.715,39.640443,-77.720283
Ayers Career College,Shreveport,LA,Southeast,Private for-profit,Less than 2-year,Certificate,,,256,0.9389,0.6409,15561,,,,0.6757,9500,24889,29935,17569,43531,0.541,0.317,32.418291,-93.798229
Azusa Pacific University,Azusa,CA,Far West,Private nonprofit,4-year,Bachelor's,0.8843,1195,2759,0.3515,0.3798,44669,56313,44458,44458,0.6179,23219,56794,66677,38819,98212,0.79,0.348,34.130047,-117.888375
BK Cosmo College of Cosmetology,Kerrville,TX,Southwest,Private for-profit,Less than 2-year,Certificate,,,55,0.5556,,13648,,,,0.71,,,20270,11710,33552,,,30.055075,-99.15037
Babson College,Wellesley,MA,New England,Private nonprofit,4-year,Bachelor's,0.1709,1457,2728,0.1628,0.1488,91204,80192,57152,57152,0.9312,20000,91354,123938,80814,175333,0.927,0.161,42.297017,-71.264057
Baker College,Owosso,MI,Great Lakes,Private nonprofit,4-year,Bachelor's,0.8187,1080,3026,0.3768,0.4714,23085,24526,13000,13000,0.3583,25000,33619,35833,17637,54694,0.528,0.698,42.984804,-84.172404
Baker College - Royal Oak Campus,Royal Oak,MI,Great Lakes,Private nonprofit,4-year,Not classified,,,,,0.4714,23085,,13000,13000,,25000,33619,35833,17637,54694,0.528,0.698,,
Baker College of Cadillac,Cadillac,MI,Great Lakes,Private nonprofit,4-year,Not classified,,,,,0.4714,23085,,13000,13000,,25000,33619,35833,17637,54694,0.528,0.698,,
Baker College of Jackson,Jackson,MI,Great Lakes,Private nonprofit,4-year,Not classified,,,,,0.4714,23085,,13000,13000,,25000,33619,35833,17637,54694,0.528,0.698,,
Baker College of Muskegon,Muskegon,MI,Great Lakes,Private nonprofit,4-year,Not classified,,,,,0.4714,23085,,13000,13000,,25000,33619,35833,17637,54694,0.528,0.698,,
Baker University,Baldwin City,KS,Plains,Private nonprofit,4-year,Bachelor's,0.9419,,1100,0.2574,0.3629,55117,50918,35300,35300,0.5779,25000,54747,63855,42665,90310,0.83,0.392,38.778712,-95.187346
Baker University School of Nursing,Topeka,KS,Plains,Private nonprofit,4-year,Not classified,,,,,0.3629,55117,,,,,25000,54747,63855,42665,90310,0.83,0.392,,
Bakersfield College,Bakersfield,CA,Far West,Public,4-year,Associate,,,17280,0.304,0.6305,18202,22018,1430,11300,0.207,8312,29867,37291,18322,59738,0.581,0.223,35.40911,-118.973753
Baldwin Beauty School-North Austin,Austin,TX,Southwest,Private for-profit,Less than 2-year,Certificate,,,78,0.6893,0.511,22934,,,,0.7042,6980,24736,24801,12743,37868,0.367,0.281,30.365855,-97.729371
Baldwin Beauty School-South Austin,Austin,TX,Southwest,Private for-profit,Less than 2-year,Certificate,,,31,0.5,0.511,22934,,,,0.5161,6980,24736,24801,12743,37868,0.367,0.281,30.241662,-97.783062
Baldwin Park Adult & Community Education,Baldwin Park,CA,Far West,Public,Less than 2-year,Certificate,,,426,0.3615,0.6788,16779,,,,0.7077,,32114,32069,11923,51001,0.487,,34.09673,-117.959486
Baldwin Wallace University,Berea,OH,Great Lakes,Private nonprofit,4-year,Bachelor's,0.757,1194,2842,0.2916,0.3181,56960,55606,39832,39832,0.6677,27000,44972,54122,37859,73747,0.838,0.499,41.373017,-81.851145
Ball State University,Muncie,IN,Great Lakes,Public,4-year,Bachelor's,0.855,1160,13988,0.3471,0.2772,61975,26146,11082,29630,0.6234,23250,44394,51833,36578,72407,0.774,0.449,40.203431,-85.409043
Baltimore Beauty & Barber School II,Timonium,MD,Mid East,Private for-profit,Less than 2-year,Certificate,,,101,0.4375,0.6596,10623,,,,,13000,16898,18172,7428,34353,0.333,0.715,39.444853,-76.624887
Baltimore City Community College,Baltimore,MD,Mid East,Public,2-year,Associate,,,3700,0.4433,0.5646,13594,22790,3314,7394,0.1705,,27972,36025,17349,53239,0.573,,39.319978,-76.662878
Baltimore Studio of Hair Design,Baltimore,MD,Mid East,Private for-profit,Less than 2-year,Certificate,,,34,0.9756,0.6176,5969,,,,0.8333,8463,17672,20080,9635,34822,0.318,0.421,39.293371,-76.620008
Baptist Health College Little Rock,Little Rock,AR,Southeast,Private nonprofit,2-year,Certificate,0.9545,,569,0.4551,0.417,29617,31961,13987,13987,,10000,53393,62244,38474,86463,0.805,0.161,34.713115,-92.40692
Baptist Health Sciences University,Memphis,TN,Southeast,Private nonprofit,4-year,Bachelor's,0.8202,1050,770,0.4543,0.4286,25076,22227,13796,13796,0.398,29500,59224,72529,48076,97481,0.816,0.407,35.138415,-90.027501
Baptist Health System School of Health Professions,San Antonio,TX,Southwest,Private for-profit,4-year,Associate,1.0,,575,0.5305,0.44,33945,,13760,13760,,18592,73262,74220,53448,98730,,0.25,29.517063,-98.567486
Baptist University of Florida,Graceville,FL,Southeast,Private nonprofit,4-year,Bachelor's,0.3599,,360,0.3988,0.3415,33739,23159,15000,15000,0.5185,23590,31489,42836,28100,59022,0.657,0.551,30.962708,-85.503931
Baptist University of the Americas,San Antonio,TX,Southwest,Private nonprofit,4-year,Bachelor's,,,99,0.2755,0.5536,24653,13755,9180,9180,0.8,,27315,37709,24454,54812,,,29.342919,-98.541223
Barclay College,Haviland,KS,Plains,Private nonprofit,4-year,Bachelor's,0.5098,,168,0.5148,0.4031,37490,42890,24590,24590,0.3226,27000,35820,36355,24174,52119,0.559,0.743,37.62012,-99.105351
Bard College,Annandale-On-Hudson,NY,Mid East,Private nonprofit,4-year,Bachelor's,0.5212,1380,2414,0.1667,0.1217,62890,84553,66436,66436,0.6756,24254,31072,46543,22114,74224,0.648,0.521,42.020386,-73.909927
Bard College - Albion Correctional Facility,Albion,NY,Mid East,Private nonprofit,4-year,Not classified,,,,,0.1217,62890,,,,,24254,31072,46543,22114,74224,0.648,0.521,,
Bard College - BHSEC Newark,Newark,NJ,Mid East,Private nonprofit,2-year,Not classified,,,,,0.1217,62890,,,,,24254,31072,46543,22114,74224,0.648,0.521,,
Bard College - Bard Globalization and International Affairs Program,New York,NY,Mid East,Private nonprofit,4-year,Not classified,,,,,0.1217,62890,,,,,24254,31072,46543,22114,74224,0.648,0.521,,
Bard College - Brooklyn Public Library,Brooklyn,NY,Mid East,Private nonprofit,2-year,Not classified,,,,,0.1217,62890,,,,,24254,31072,46543,22114,74224,0.648,0.521,,
Bard College - Coxsackie Correctional Facility,Coxsackie,NY,Mid East,Private nonprofit,Less than 2-year,Not classified,,,,,0.1217,62890,,,,,24254,31072,46543,22114,74224,0.648,0.521,,
Bard College - Eastern NY Correctional Facility,Napanoch,NY,Mid East,Private nonprofit,4-year,Not classified,,,,,0.1217,62890,,,,,24254,31072,46543,22114,74224,0.648,0.521,,
Bard College - Fishkill Correctional Facility,Beacon,NY,Mid East,Private nonprofit,4-year,Not classified,,,,,0.1217,62890,,,,,24254,31072,46543,22114,74224,0.648,0.521,,
Bard College - Green Haven Correctional Facility,Stormville,NY,Mid East,Private nonprofit,4-year,Not classified,,,,,0.1217,62890,,,,,24254,31072,46543,22114,74224,0.648,0.521,,
Bard College - Holyoke Microcollege,Holyoke,MA,New England,Private nonprofit,2-year,Not classified,,,,,0.1217,62890,,,,,24254,31072,46543,22114,74224,0.648,0.521,,
Bard College - New York Public Library Countee Cullen Branch,New York,NY,Mid East,Private nonprofit,2-year,Not classified,,,,,0.1217,62890,,,,,24254,31072,46543,22114,74224,0.648,0.521,,
Bard College - Taconic Correctional Facility,Bedford Hill,NY,Mid East,Private nonprofit,4-year,Not classified,,,,,0.1217,62890,,,,,24254,31072,46543,22114,74224,0.648,0.521,,
Bard College - Woodbourne Correctional Facility,Woodbourne,NY,Mid East,Private nonprofit,4-year,Not classified,,,,,0.1217,62890,,,,,24254,31072,46543,22114,74224,0.648,0.521,,
Barnard College,New York,NY,Mid East,Private nonprofit,4-year,Bachelor's,0.0884,1520,3264,0.1586,0.1557,66094,89538,69888,69888,0.9302,18000,60411,80516,54604,122978,0.824,0.224,40.810098,-73.963346
Barnes-Jewish College Goldfarb School of Nursing,Saint Louis,MO,Plains,Private nonprofit,4-year,Bachelor's,,,446,0.2441,0.3088,41515,,,,,16750,71761,84393,56864,107437,0.872,0.198,38.637165,-90.258772
Barry University,Miami,FL,Southeast,Private nonprofit,4-year,Bachelor's,0.7724,,2212,0.3908,0.4356,28822,50778,34350,34350,0.3787,26997,47637,55966,34258,83130,0.792,0.482,25.878908,-80.198925
Barry University Law School,Orlando,FL,Southeast,Private nonprofit,4-year,Not classified,,,,,0.4356,28822,,,,,26997,47637,55966,34258,83130,0.792,0.482,,
Barstow Community College,Barstow,CA,Far West,Public,2-year,Certificate,,,2657,0.4925,0.5311,15011,22193,1104,9744,0.3878,3500,30462,35104,14509,59767,0.592,0.1,34.870285,-117.023412
Barton College,Wilson,NC,Southeast,Private nonprofit,4-year,Bachelor's,0.942,,982,0.3732,0.3501,38256,51935,37250,37250,0.4585,25877,40785,47913,35224,63831,0.762,0.54,35.734376,-77.913867
Barton County Community College,Great Bend,KS,Plains,Public,2-year,Certificate,,,2455,0.1926,0.4632,30428,15356,3680,4960,0.3296,9501,36095,40428,22405,59776,0.602,0.235,38.403529,-98.731648
Bastyr University,Kenmore,WA,Far West,Private nonprofit,4-year,Bachelor's,,,39,0.1379,,18650,,,,,13817,46867,49364,21033,72433,0.646,0.28,47.729935,-122.251708
Bates College,Lewiston,ME,New England,Private nonprofit,4-year,Bachelor's,0.1332,1468,1760,0.1152,0.1509,86734,83532,66590,66590,0.8969,14275,59202,69498,50952,104523,0.854,0.205,44.105299,-70.203333
Bates Technical College,Tacoma,WA,Far West,Public,4-year,Certificate,,,1813,0.115,0.4944,14702,18837,6027,12165,0.4337,,45569,50051,25564,78795,0.683,,47.251743,-122.44683
Baton Rouge Community College,Baton Rouge,LA,Southeast,Public,2-year,Certificate,,,8362,0.4573,0.4829,19367,16522,4321,4321,0.3102,12450,29382,34581,16839,53605,0.588,0.36,30.448276,-91.137935
Baton Rouge General Medical Center School of Nursing & School of Radiologic Technology,Baton Rouge,LA,Southeast,Private nonprofit,2-year,Certificate,,,135,0.5077,,24905,,,,,16750,69636,75071,61826,96031,0.922,0.223,30.447919,-91.152502
Bay Mills Community College,Brimley,MI,Great Lakes,Public,4-year,Certificate,,,662,0.4419,0.5614,20005,12043,3480,3480,0.3023,,28213,30048,15081,45074,0.443,,46.45482,-84.606312
Bay Path University,Longmeadow,MA,New England,Private nonprofit,4-year,Bachelor's,0.852,1120,1108,0.6377,0.4971,32289,47308,38302,38302,0.4394,24901,51548,55383,37023,80430,0.778,0.45,42.055088,-72.583382
Bay de Noc Community College,Escanaba,MI,Great Lakes,Public,2-year,Associate,,,1223,0.242,0.4388,25500,19020,5712,10528,0.3004,12618,33829,35090,17425,53602,0.581,0.36,45.772586,-87.085228
Bayamon Community College,Bayamon,PR,Outlying Areas,Private for-profit,Less than 2-year,Certificate,,,130,0.9007,0.5728,0,12185,8695,8695,0.3333,,16781,18580,6658,28727,,,18.398313,-66.155908
Baylor University,Waco,TX,Southwest,Private nonprofit,4-year,Bachelor's,0.5128,1329,14785,0.1245,0.1711,80000,74226,58100,58100,0.7999,23000,56532,65793,44166,94158,0.824,0.35,31.546872,-97.121041
Bayshire Academy of Beauty Craft Inc,Bay City,MI,Great Lakes,Private for-profit,Less than 2-year,Certificate,,,97,0.6242,0.5222,12962,,,,0.7222,,15559,24471,13974,34709,0.143,,43.599758,-83.88895
Be'er Yaakov Talmudic Seminary,Spring Valley,NY,Mid East,Private nonprofit,4-year,Bachelor's,,,765,0.9219,,18000,19858,12300,12300,0.5878,,26758,17360,,28906,,,41.1382062,-74.029573
Beacon College,Leesburg,FL,Southeast,Private nonprofit,4-year,Bachelor's,0.4347,,506,0.2353,0.1912,44260,70775,51680,51680,0.6023,25000,19919,29420,,44653,,0.85,28.811281,-81.87415
Beal University,Wilton,ME,New England,Private for-profit,2-year,Not classified,,,,,0.5412,20463,,,,,19500,40158,35639,18492,52500,0.373,0.547,,
Beal University,Bangor,ME,New England,Private for-profit,4-year,Associate,,,484,0.5412,0.5412,20463,,,,0.36,19500,40158,35639,18492,52500,0.373,0.547,44.786465,-68.785428
Beau Monde Academy of Barbering and Cosmetology,Portland,OR,Far West,Private for-profit,Less than 2-year,Certificate,,,92,0.1778,0.5581,19591,,,,0.7742,8769,22108,24565,13685,44790,0.412,0.357,45.531839,-122.65456
Beaufort County Community College,Washington,NC,Southeast,Public,2-year,Certificate,,,1074,0.3322,0.4952,17376,16245,2540,8684,0.4771,,27973,32519,16959,50058,0.501,,35.533587,-76.96535
Beaumont Adult School,Beaumont,CA,Far West,Public,Less than 2-year,Certificate,,,108,0.7328,,19074,,,,1.0,14866,42153,50801,21451,70470,,0.293,33.951365,-116.964728
Beauty Academy of South Florida,Hialeah Gardens,FL,Southeast,Private for-profit,Less than 2-year,Certificate,,,544,0.6272,0.709,0,,,,0.7172,6458,15330,16826,9548,27533,,0.384,25.86289,-80.323571
Beauty Culture School LLC,Feasterville,PA,Mid East,Private for-profit,Less than 2-year,Certificate,,,82,0.2606,0.4902,26161,,,,0.9107,,23274,27341,11929,40685,0.355,,40.166449,-75.007054
Beckfield College-Florence,Florence,KY,Southeast,Private for-profit,4-year,Associate,,,536,0.6405,0.5903,16835,34541,13295,13295,0.3171,23500,34873,37114,20542,55202,0.521,0.633,39.017166,-84.641475
Bel-Rea Institute of Animal Technology,Denver,CO,Rocky Mountains,Private for-profit,2-year,Associate,,,139,0.3827,0.3586,30230,28043,13819,13819,0.2692,20372,37156,39506,21738,52729,0.617,0.516,39.686194,-104.876207
Belanger School of Nursing,Schenectady,NY,Mid East,Private nonprofit,2-year,Associate,0.0,,162,0.2519,0.4898,34283,18492,12444,12444,1.0,,70109,79677,65856,88009,0.774,,42.802979,-73.915884
Belbo Beauty Institute,Shreveport,LA,Southeast,Private for-profit,Less than 2-year,Certificate,,,84,0.663,0.4074,20874,,,,0.7778,9500,21584,16792,7416,35494,0.339,0.566,32.485759,-93.706628
Belhaven University,Jackson,MS,Southeast,Private nonprofit,4-year,Bachelor's,0.4975,1124,1471,0.4865,0.3951,26444,39793,30250,30250,0.4854,26333,38987,46440,30699,66973,0.692,0.567,32.318415,-90.169228
Bella Capelli Academy,Monroeville,PA,Mid East,Private for-profit,Less than 2-year,Certificate,,,259,0.3521,0.398,38179,,,,0.7619,8028,25303,25817,9466,41743,,0.311,40.432534,-79.781557
Bellarmine University,Louisville,KY,Southeast,Private nonprofit,4-year,Bachelor's,0.8611,1210,2161,0.3071,0.2726,68249,61691,48770,48770,0.6436,25000,49819,62069,42145,86137,0.833,0.403,38.219279,-85.704997
Bellevue College,Bellevue,WA,Far West,Public,4-year,Associate,,,7364,0.0992,0.4112,23941,20309,4436,10502,0.3578,12375,47460,56310,31012,85912,0.735,0.22,47.584014,-122.150118
Bellevue University,Bellevue,NE,Plains,Private nonprofit,4-year,Bachelor's,,,10220,0.3004,0.4494,33599,23531,9903,9903,0.3295,20000,57732,61289,39416,93809,0.846,0.326,41.150225,-95.91764
Bellin College,Green Bay,WI,Great Lakes,Private nonprofit,4-year,Bachelor's,0.9718,,372,0.1258,0.3103,83876,42941,30952,30952,0.6304,18000,72118,76222,56301,96731,0.905,0.236,44.468277,-87.921722
Bellingham Technical College,Bellingham,WA,Far West,Public,4-year,Certificate,,,1733,0.3086,0.4055,16695,16104,4431,5809,0.4167,17459,43235,49748,26978,76338,0.741,0.351,48.766189,-122.51216
Bellus Academy,Manhattan,KS,Plains,Private for-profit,Less than 2-year,Certificate,,,209,0.4537,0.4361,23753,,,,0.7407,7917,23546,25223,9302,45871,0.419,0.314,39.191749,-96.60827
Bellus Academy-Chula Vista,Chula Vista,CA,Far West,Private for-profit,2-year,Certificate,,,341,0.6122,0.5615,15830,,,,0.6753,7917,19304,23576,11637,41432,0.391,0.336,32.614773,-117.083738
Bellus Academy-El Cajon,El Cajon,CA,Far West,Private for-profit,Less than 2-year,Certificate,,,157,0.6006,0.4434,24094,,,,0.7179,6333,17642,30807,13333,45347,0.443,0.206,32.794072,-116.94627
Bellus Academy-Poway,Poway,CA,Far West,Private for-profit,2-year,Certificate,,,324,0.4753,0.4361,23753,,,,0.7299,7917,23546,25223,9302,45871,0.419,0.314,32.957184,-117.042531
Belmont Abbey College,Belmont,NC,Southeast,Private nonprofit,4-year,Bachelor's,0.7465,1099,1276,0.2421,0.2737,56211,34788,19500,19500,0.4668,26000,43816,47937,31040,70419,0.718,0.542,35.260651,-81.041315
Belmont College,St Clairsville,OH,Great Lakes,Public,2-year,Associate,,,600,0.2713,0.5089,26844,12680,4698,7200,0.4261,8747,34145,35329,18238,56456,0.541,0.248,40.07695,-80.964901
Belmont University,Nashville,TN,Southeast,Private nonprofit,4-year,Bachelor's,0.9528,1280,7137,0.2075,0.1585,87507,62570,42540,42540,0.7066,20500,42770,55930,32026,84814,0.748,0.367,36.135589,-86.794807
Beloit College,Beloit,WI,Great Lakes,Private nonprofit,4-year,Bachelor's,0.6304,1287,926,0.2964,0.193,69784,71365,60886,60886,0.7105,25738,41660,53260,34613,73974,0.757,0.483,42.504022,-89.029285
Bemidji State University,Bemidji,MN,Plains,Public,4-year,Bachelor's,0.5598,1090,3139,0.2832,0.2725,57931,22744,10237,10237,0.4787,19750,47469,53755,37138,74504,0.765,0.367,47.482341,-94.874119
Ben Franklin Career Center,Dunbar,WV,Southeast,Public,Less than 2-year,Certificate,,,78,0.459,0.5217,10926,,,,0.8636,,28611,37962,26472,55046,0.36,,38.367234,-81.75353
Bene's Career Academy,New Port Richey,FL,Southeast,Private for-profit,Less than 2-year,Certificate,,,321,0.6248,0.5328,10523,,,,0.6259,6333,16768,19359,7521,37408,0.299,0.327,28.259612,-82.728584
Benedict College,Columbia,SC,Southeast,Private nonprofit,4-year,Bachelor's,0.957,,1536,0.6234,0.4079,17950,32000,17440,17440,0.2426,32500,24908,31902,16343,45905,0.442,1.019,34.012941,-81.020403
Benedictine College,Atchison,KS,Plains,Private nonprofit,4-year,Bachelor's,0.9812,1252,2272,0.1878,0.1496,95543,52206,36350,36350,0.6158,24599,45000,53175,34898,74536,0.735,0.463,39.573079,-95.113858
Benedictine University,Lisle,IL,Great Lakes,Private nonprofit,4-year,Bachelor's,0.9523,,1942,0.3947,0.3432,47021,46713,35940,35940,0.5033,22500,50222,63446,40888,87863,0.765,0.355,41.777569,-88.097307
Benjamin Franklin Cummings Institute of Technology,Boston,MA,New England,Private nonprofit,4-year,Certificate,,,483,0.3966,0.4878,22015,30406,18906,18906,0.4577,12000,50583,57556,,80287,0.759,0.208,42.346023,-71.070231
Bennett Career Institute,Washington,DC,Mid East,Private for-profit,Less than 2-year,Certificate,,,176,0.5766,0.5562,9059,,,,0.5099,6333,18653,22568,8443,47672,0.588,0.281,38.93264,-76.995965
Bennett College,Greensboro,NC,Southeast,Private nonprofit,4-year,Bachelor's,0.5066,925,178,0.7282,0.3169,26482,41296,19140,19140,0.25,28130,23153,36654,19747,54181,0.571,0.767,36.067531,-79.77998
Bennington College,Bennington,VT,New England,Private nonprofit,4-year,Bachelor's,0.4453,1364,780,0.2527,0.126,75360,87284,66262,66262,0.7121,26000,24711,38289,19841,67910,0.529,0.679,42.919547,-73.237799
Bentley University,Waltham,MA,New England,Private nonprofit,4-year,Bachelor's,0.4505,1352,4474,0.1607,0.1555,106566,79548,61000,61000,0.8679,25023,86679,120959,90680,160802,0.932,0.207,42.385995,-71.222839
Berea College,Berea,KY,Southeast,Private nonprofit,4-year,Bachelor's,0.1934,1249,1513,0.8373,0.4058,22742,60718,51658,51658,0.5822,3591,35676,43150,26672,63165,0.649,0.083,37.57202,-84.292893
Bergen Community College,Paramus,NJ,Mid East,Public,2-year,Associate,,,10557,0.3482,0.4936,25610,17184,4913,9294,0.2069,12000,36599,46624,24615,72304,0.681,0.257,40.951782,-74.088804
Berk Trade and Business School,Long Island City,NY,Mid East,Private for-profit,Less than 2-year,Certificate,,,152,0.367,0.5512,15774,,,,0.949,6333,45195,49748,29641,79948,0.625,0.127,40.745021,-73.930982
Berkeley City College,Berkeley,CA,Far West,Public,2-year,Associate,,,4456,0.1256,0.4683,13864,18845,1258,9898,0.3636,,35404,41217,16100,74426,0.579,,37.869769,-122.269877
Berkeley College-New York,New York,NY,Mid East,Private for-profit,4-year,Bachelor's,,,1449,0.5228,0.4941,17420,45041,29800,29800,0.4401,30426,37284,45884,21225,68154,0.711,0.663,40.753986,-73.979458
Berkeley College-Woodland Park,Woodland Park,NJ,Mid East,Private for-profit,4-year,Bachelor's,,,1778,0.6184,0.5746,21489,44691,29800,29800,0.4371,23251,37060,40251,20207,59554,0.716,0.578,40.898587,-74.189483
Berklee College of Music,Boston,MA,New England,Private nonprofit,4-year,Bachelor's,0.4353,,7468,0.1618,0.2123,50454,72700,52040,52040,0.6731,25000,26462,33647,12235,61842,0.553,0.743,42.346646,-71.089405
Berkshire Community College,Pittsfield,MA,New England,Public,2-year,Associate,,,1358,0.3251,0.4487,24310,18062,6164,11468,0.2,12053,36584,38832,13684,62484,0.594,0.31,42.45975,-73.314704
Berry College,Mount Berry,GA,Southeast,Private nonprofit,4-year,Bachelor's,0.64,1220,2245,0.2677,0.1687,82688,56697,41686,41686,0.6949,23250,45014,53800,36699,74990,0.717,0.432,34.290414,-85.189202
Best Care College,East Orange,NJ,Mid East,Private for-profit,2-year,Certificate,,,44,0.5414,0.7297,22252,,,,0.6389,,61554,64311,41663,94649,,,40.765332,-74.221116
Beth Medrash Govoha,Lakewood,NJ,Mid East,Private nonprofit,4-year,Bachelor's,,,4027,0.7449,0.3081,16524,,,,,,40300,47544,19105,90795,0.496,,40.095672,-74.221328
Bethany College,Bethany,WV,Southeast,Private nonprofit,4-year,Bachelor's,0.5879,,614,0.5116,0.3388,50433,50758,36765,36765,0.4682,27000,37124,44512,24862,65576,0.791,0.607,40.205819,-80.560056
Bethany College,Lindsborg,KS,Plains,Private nonprofit,4-year,Bachelor's,0.56,,569,0.4819,0.3326,45677,53738,33000,33000,0.3574,23250,40805,49694,32608,65722,0.793,0.468,38.580598,-97.67367
Bethany Lutheran College,Mankato,MN,Plains,Private nonprofit,4-year,Bachelor's,0.3897,1150,669,0.2247,,70558,41013,31360,31360,0.5486,23000,40652,46110,30114,65204,0.718,0.499,44.166649,-93.990805
Bethel College-North Newton,North Newton,KS,Plains,Private nonprofit,4-year,Bachelor's,0.935,,504,0.4056,0.3441,42988,52193,35014,35014,0.4112,24000,40808,49898,33144,70949,0.796,0.481,38.075169,-97.343256
Bethel University,Saint Paul,MN,Plains,Private nonprofit,4-year,Bachelor's,0.878,1249,1871,0.1852,0.1858,77426,58569,44226,44226,0.7138,21500,55145,63764,41260,92932,0.77,0.337,45.057655,-93.161663
Bethel University,Mishawaka,IN,Great Lakes,Private nonprofit,4-year,Bachelor's,0.9766,1014,1008,0.3349,0.3245,45226,43885,34600,34600,0.5322,25000,44271,48860,29348,72745,0.699,0.512,41.678399,-86.194686
Bethel University,McKenzie,TN,Southeast,Private nonprofit,4-year,Bachelor's,0.6023,972,1547,0.317,0.5122,27406,31203,18712,18712,0.3505,27249,38990,47482,30259,68992,0.743,0.574,36.137848,-88.516762
Bethune-Cookman University,Daytona Beach,FL,Southeast,Private nonprofit,4-year,Bachelor's,0.8824,880,2732,0.783,0.4223,22914,29764,14794,14794,0.3052,31000,28282,38518,20686,54236,0.583,0.805,29.207195,-81.032946
Beulah Heights University,Atlanta,GA,Southeast,Private nonprofit,4-year,Bachelor's,,,138,0.2785,0.4574,13003,,8492,8492,0.3333,,21108,35236,,52940,0.56,,33.736993,-84.35768
Bevill State Community College,Jasper,AL,Southeast,Public,2-year,Certificate,,,2177,0.2983,0.5308,16911,13827,4734,8346,0.38,,31129,34107,17891,51517,0.53,,33.837056,-87.265258
Beyond 21st Century Beauty Academy,Santa Fe Springs,CA,Far West,Private for-profit,Less than 2-year,Certificate,,,120,0.4044,0.7111,16488,,,,,,18516,25139,13486,36699,,,33.916443,-118.041477
Big Bend Community College,Moses Lake,WA,Far West,Public,4-year,Associate,,,1272,0.3494,0.5257,24000,21661,5059,5619,0.4151,9166,35267,43814,25142,62776,0.643,0.209,47.183651,-119.325678
Big Bend Technical College,Perry,FL,Southeast,Public,Less than 2-year,Certificate,,,130,0.4261,0.6667,17833,,,,0.9829,,35988,27609,13588,47328,0.297,,30.077954,-83.565783
Big Sandy Community and Technical College,Prestonsburg,KY,Southeast,Public,2-year,Certificate,,,1604,0.4448,0.6031,13825,13047,4728,6432,0.3774,9357,28106,32954,16634,52074,0.464,0.284,37.688248,-82.778847
Binghamton University,Vestal,NY,Mid East,Public,4-year,Bachelor's,0.3861,1415,14655,0.2812,0.2484,61401,30345,10567,30447,0.8162,18500,61621,80596,53396,113934,0.855,0.23,42.087868,-75.966889
Biola University,La Mirada,CA,Far West,Private nonprofit,4-year,Bachelor's,0.7435,1261,3474,0.2604,0.2355,60489,62757,48984,48984,0.676,23875,45752,56778,32980,83447,0.734,0.42,33.906203,-118.014374
Bishop State Community College,Mobile,AL,Southeast,Public,2-year,Certificate,,,2437,0.3941,0.4854,14536,13085,5340,9210,0.3596,,25100,29916,15254,47250,0.428,,30.693972,-88.056982
Bismarck State College,Bismarck,ND,Plains,Public,4-year,Associate,,,2839,0.1456,0.2723,55668,15771,5247,7331,0.4724,11533,50401,54277,34717,83256,0.761,0.212,46.821459,-100.816534
Black Hawk College,Moline,IL,Great Lakes,Public,2-year,Certificate,,,2354,0.2691,0.4425,25848,12291,4920,8100,0.3967,8375,34022,37253,19407,55806,0.568,0.225,41.477283,-90.447799
Black Hills State University,Spearfish,SD,Plains,Public,4-year,Bachelor's,0.9633,1087,1928,0.2001,0.284,51046,21277,8764,11866,0.4263,26000,38927,46674,28912,63502,0.691,0.557,44.494889,-103.870966
Black River Technical College,Pocahontas,AR,Southeast,Public,2-year,Certificate,,,903,0.3731,0.4807,20619,14374,4776,7488,0.5451,9500,31263,34818,19002,53098,0.512,0.273,36.239793,-90.951033
Blackburn College,Carlinville,IL,Great Lakes,Private nonprofit,4-year,Bachelor's,0.6319,,471,0.4987,0.4396,29508,37916,28149,28149,0.5749,24242,36665,46802,32912,63312,0.769,0.518,39.287896,-89.870241
Blackfeet Community College,Browning,MT,Rocky Mountains,Private nonprofit,4-year,Associate,,,286,0.4929,0.3478,10287,11405,3610,3610,0.623,,22428,22953,7866,37636,0.266,,48.551927,-113.009387
Blackhawk Technical College,Janesville,WI,Great Lakes,Public,2-year,Certificate,,,2488,0.3642,0.5081,24284,15522,4267,6061,0.3382,9550,37606,41620,24705,58856,0.575,0.229,42.593159,-89.016254
Bladen Community College,Dublin,NC,Southeast,Public,2-year,Associate,,,1030,0.6909,0.474,16085,12613,2618,8762,0.2273,,28205,30591,15394,46801,0.455,,34.644691,-78.731119
Blake Austin College,Vacaville,CA,Far West,Private for-profit,2-year,Certificate,,,217,0.5982,0.5585,20160,,,,0.8904,10249,35346,42518,18109,65692,,0.241,38.353851,-121.983781
Blessing Rieman College of Nursing and Health Sciences,Quincy,IL,Great Lakes,Private nonprofit,4-year,Bachelor's,,,176,0.3622,0.3701,39159,,,,,13000,67602,72430,52110,95088,0.821,0.179,39.949641,-91.357497
Blinn College District,Brenham,TX,Southwest,Public,2-year,Associate,,,15535,0.2105,0.3983,34663,15252,4890,11370,0.1081,11500,38017,46318,26677,69164,0.703,0.248,30.160457,-96.40852
Bloomfield College of Montclair State University,Bloomfield,NJ,Mid East,Public,4-year,Bachelor's,0.6974,,781,0.7036,0.4124,40178,42035,15912,26022,0.3811,22000,47944,61415,38809,84277,0.799,0.358,40.795105,-74.194309
Blue Cliff Career College,Mobile,AL,Southeast,Private for-profit,Less than 2-year,Certificate,,,107,0.4234,,22401,,,,0.8,7917,20654,21365,9757,37152,0.45,0.371,30.670281,-88.114952
Blue Cliff College,Metairie,LA,Southeast,Private for-profit,2-year,Not classified,,,,,0.637,11179,,,,,9500,20197,22177,11069,34920,0.435,0.428,,
Blue Cliff College-Alexandria,Alexandria,LA,Southeast,Private for-profit,Less than 2-year,Certificate,,,345,0.7985,0.637,11179,,,,0.3395,9500,20197,22177,11069,34920,0.435,0.428,31.276699,-92.475371
Blue Cliff College-Gulfport,Gulfport,MS,Southeast,Private for-profit,2-year,Certificate,,,200,0.6605,0.637,11179,,,,0.7,9500,20197,22177,11069,34920,0.435,0.428,30.442482,-89.039348
Blue Cliff College-Lafayette,Lafayette,LA,Southeast,Private for-profit,Less than 2-year,Certificate,,,62,0.7897,0.637,11179,,,,0.5,9500,20197,22177,11069,34920,0.435,0.428,30.18811,-92.011131
Blue Cliff College-Metairie,Metairie,LA,Southeast,Private for-profit,Less than 2-year,Certificate,,,291,0.7558,0.637,11179,,,,0.5649,9500,20197,22177,11069,34920,0.435,0.428,30.002779,-90.172771
Blue Mountain Christian University,Blue Mountain,MS,Southeast,Private nonprofit,4-year,Bachelor's,0.8895,1090,498,0.2877,0.3696,36485,33197,20180,20180,0.5476,18534,35401,40421,28608,51437,0.605,0.459,34.67209,-89.02924
Blue Mountain Community College,Pendleton,OR,Far West,Public,2-year,Associate,,,962,0.3253,0.5007,23176,20650,7076,9754,0.2983,12000,33885,38375,19674,56881,0.603,0.313,45.677313,-118.816944
Blue Ridge Community College,Weyers Cave,VA,Southeast,Public,2-year,Certificate,,,2730,0.3163,0.4761,24958,20788,5646,12084,0.4037,10409,37349,42644,25141,60692,0.644,0.244,38.279075,-78.937471
Blue Ridge Community College,Flat Rock,NC,Southeast,Public,2-year,Certificate,,,1758,0.3505,0.4594,23192,13274,2660,8804,0.4972,12000,31807,36324,19103,53491,0.496,0.33,35.30804,-82.425544
Blue Ridge Community and Technical College,Martinsburg,WV,Southeast,Public,2-year,Associate,,,1661,0.2038,0.5344,28753,11522,4752,8808,0.3232,13000,35210,39293,19202,58443,,0.331,39.43529,-78.001918
Bluefield College - Edward Via College of Osteopathic Medicine,Blacksburg,VA,Southeast,Private nonprofit,4-year,Not classified,,,,,0.425,38217,,,,,21855,41923,48896,32976,72675,0.762,0.447,,
Bluefield State University,Bluefield,WV,Southeast,Public,4-year,Bachelor's,0.9723,989,1042,0.4444,0.4925,26625,21839,10648,18376,0.37,18250,35030,38217,18934,61745,0.548,0.478,37.265732,-81.239037
Bluefield University,Bluefield,VA,Southeast,Private nonprofit,4-year,Bachelor's,0.5931,,614,0.5136,0.425,38217,42539,26770,26770,0.1778,21855,41923,48896,32976,72675,0.762,0.447,37.244557,-81.246233
Bluefield University - Edward Via College - Auburn,Auburn,AL,Southeast,Private nonprofit,4-year,Not classified,,,,,0.425,38217,,,,,21855,41923,48896,32976,72675,0.762,0.447,,
Bluegrass Community and Technical College,Lexington,KY,Southeast,Public,2-year,Certificate,,,8244,0.3258,0.4459,24109,13902,4808,6512,0.4311,10500,32081,36343,18236,55372,0.538,0.289,38.061375,-84.499928
Bluffton University,Bluffton,OH,Great Lakes,Private nonprofit,4-year,Bachelor's,0.6723,976,582,0.4468,0.3272,60399,51862,37362,37362,0.5294,27000,41940,49547,37115,65380,0.742,0.545,40.895606,-83.899439
Bob Jones University,Greenville,SC,Southeast,Private nonprofit,4-year,Bachelor's,,,2005,0.3286,0.1441,51346,36580,24470,24470,0.6475,16585,40892,44354,28843,68207,,0.374,34.874016,-82.365838
Boise Bible College,Boise,ID,Rocky Mountains,Private nonprofit,4-year,Bachelor's,0.9048,1040,93,0.4854,,45930,23301,11802,11802,0.3158,,32662,33140,15380,52277,0.542,,43.658651,-116.291321
Boise State University,Boise,ID,Rocky Mountains,Public,4-year,Bachelor's,0.8721,,17674,0.1808,0.3347,42915,28224,9048,27788,0.602,20500,45251,51658,32650,76483,0.706,0.397,43.604284,-116.203301
Bon Secours Memorial College of Nursing,Richmond,VA,Southeast,Private nonprofit,4-year,Bachelor's,,,591,0.2746,0.3621,43706,,,,,26500,75150,77014,50334,98178,0.897,0.344,37.646698,-77.433569
Bon Secours St Mary's Hospital School of Medical Imaging,Richmond,VA,Southeast,Private nonprofit,2-year,Associate,,,35,0.2258,,36664,,,,,,54191,65432,59704,80969,,,37.646698,-77.433569
Boricua College,New York,NY,Mid East,Private nonprofit,4-year,Bachelor's,,,391,0.8603,0.5232,14158,24213,13025,13025,0.806,6733,30398,35348,17796,56202,0.649,0.19,40.833434,-73.9458
Bossier Parish Community College,Bossier City,LA,Southeast,Public,2-year,Certificate,,,4935,0.521,0.4831,19616,17111,4283,4283,0.1522,17500,26552,34502,18400,53430,0.589,0.507,32.539551,-93.646881
Boston Architectural College,Boston,MA,New England,Private nonprofit,4-year,Certificate,,,280,0.2876,,24033,40343,27470,27470,0.3158,37250,58619,62123,31511,81714,0.754,0.6,42.348467,-71.085786
Boston Baptist College,Boston,MA,New England,Private nonprofit,4-year,Bachelor's,0.9091,,19,0.5455,,53774,23370,14304,14304,0.1429,,,34159,,56719,0.54,,42.254037,-71.1103
Boston College,Chestnut Hill,MA,New England,Private nonprofit,4-year,Bachelor's,0.1643,1507,10085,0.1291,0.1319,103007,89493,70702,70702,0.9083,19000,85717,103937,68220,161815,0.908,0.183,42.336213,-71.169242
Boston University,Boston,MA,New England,Private nonprofit,4-year,Bachelor's,0.1111,1480,18248,0.1915,0.1694,81244,86285,68102,68102,0.8866,23250,65655,83238,56723,122012,0.872,0.279,42.351118,-71.107942
Bowdoin College,Brunswick,ME,New England,Private nonprofit,4-year,Bachelor's,0.0713,1520,1873,0.1735,0.1884,61622,85100,67832,67832,0.9528,18500,61692,82735,50534,126498,0.842,0.224,43.907134,-69.963942
Bowie State University,Bowie,MD,Mid East,Public,4-year,Bachelor's,0.7241,,5043,0.4435,0.3552,36428,25220,9218,19938,0.382,22985,43877,54537,32913,78678,0.799,0.421,39.018185,-76.759721
Bowling Green State University-Firelands,Huron,OH,Great Lakes,Public,4-year,Associate,,,1251,0.2822,0.3033,63845,22070,6407,14395,0.1132,25000,41281,47896,31725,67179,0.773,0.522,41.397566,-82.594266
Bowling Green State University-Main Campus,Bowling Green,OH,Great Lakes,Public,4-year,Bachelor's,0.8096,1117,12812,0.2313,0.3033,63845,33007,14460,22448,0.6373,25000,41281,47896,31725,67179,0.773,0.522,41.375513,-83.640896
Bradley University,Peoria,IL,Great Lakes,Private nonprofit,4-year,Bachelor's,0.7676,,3574,0.3165,0.236,79479,54730,42160,42160,0.7617,27000,59114,66852,44657,91207,0.849,0.404,40.696896,-89.616786
Brandeis University,Waltham,MA,New England,Private nonprofit,4-year,Bachelor's,0.405,1462,3618,0.1497,0.1631,72612,86448,68080,68080,0.8603,25648,52967,77231,51787,116723,0.825,0.332,42.365727,-71.260155
Brazosport College,Lake Jackson,TX,Southwest,Public,4-year,Certificate,,,2622,0.1738,0.5395,22271,12167,2388,4711,0.562,5641,37347,45910,23521,69988,0.621,0.123,29.048604,-95.40934
Brenau University,Gainesville,GA,Southeast,Private nonprofit,4-year,Bachelor's,0.8778,1079,1029,0.4586,0.4032,29256,46010,34027,34027,0.3291,27000,41664,54003,34083,79256,0.767,0.5,34.303117,-83.821513
Brescia University,Owensboro,KY,Southeast,Private nonprofit,4-year,Bachelor's,0.3524,,545,0.4265,0.4521,34373,44328,31550,31550,0.5371,29430,39897,45500,30932,61499,0.782,0.647,37.769041,-87.111639
Brevard College,Brevard,NC,Southeast,Private nonprofit,4-year,Bachelor's,0.4216,1060,815,0.4058,0.2946,42000,47288,32280,32280,0.4884,25000,34401,43545,29332,60200,0.606,0.574,35.236763,-82.729494
Brewton-Parker Christian University,Mount Vernon,GA,Southeast,Private nonprofit,4-year,Associate,0.9649,,774,0.4519,0.3761,31140,38918,20120,20120,0.2103,24990,35732,42009,25920,56205,0.593,0.595,32.185718,-82.586136
Briar Cliff University,Sioux City,IA,Plains,Private nonprofit,4-year,Bachelor's,,,624,0.5318,0.3641,44561,51493,36956,36956,0.4751,23250,48338,54475,37025,74880,0.763,0.427,42.526443,-96.428444
BridgeValley Community & Technical College,South  Charleston,WV,Southeast,Public,2-year,Associate,,,1854,0.4657,0.5513,25352,12299,5800,12428,0.3421,9829,34209,36432,20059,57225,,0.27,38.353846,-81.6983
Bridgerland Technical College,Logan,UT,Rocky Mountains,Public,Less than 2-year,Certificate,,,1567,0.0903,0.356,20892,,,,0.7531,,37818,38347,18087,60588,0.544,,41.756188,-111.850619
Bridges Beauty College,Victorville,CA,Far West,Private for-profit,Less than 2-year,Certificate,,,98,0.566,,16426,,,,0.9038,,17272,17287,7191,38029,0.196,,34.528602,-117.303933
Bridgewater College,Bridgewater,VA,Southeast,Private nonprofit,4-year,Bachelor's,0.9172,1180,1400,0.2983,0.3202,71046,58702,16090,16090,0.5305,26000,45620,53453,39649,72917,0.804,0.486,38.378484,-78.969007
Bridgewater State University,Bridgewater,MA,New England,Public,4-year,Bachelor's,0.8781,1180,7829,0.3194,0.3414,57864,26160,11808,17948,0.5341,24286,46673,57466,32347,78949,0.788,0.423,41.98749,-70.974553
Brigham Young University,Provo,UT,Rocky Mountains,Private nonprofit,4-year,Bachelor's,0.6778,1376,32952,0.321,0.138,46790,22690,6688,6688,0.8098,11069,58450,75790,39894,119196,0.778,0.146,40.250851,-111.649281
Brigham Young University-Hawaii,Laie,HI,Far West,Private nonprofit,4-year,Bachelor's,0.4696,1130,2889,0.151,0.1919,39517,25098,6630,6630,0.5264,9413,39316,52064,25782,82636,0.695,0.181,21.642074,-157.926586
Brigham Young University-Idaho,Rexburg,ID,Rocky Mountains,Private nonprofit,4-year,Certificate,0.9575,1118,44397,0.243,0.2435,42100,15246,4800,4800,0.5548,13969,40447,53406,26332,85303,0.679,0.262,43.818408,-111.782431
Brighton Center's Center for Employment Training,Newport,KY,Southeast,Private nonprofit,Less than 2-year,Certificate,,,53,0.7387,0.6196,7699,,,,0.2667,,24025,24540,11412,37686,0.232,,39.092904,-84.490096
Brightpoint Community College,Chester,VA,Southeast,Public,2-year,Certificate,,,5792,0.2252,0.4151,25355,12196,5082,11520,0.3834,9500,35568,41223,22526,61976,0.635,0.23,37.346254,-77.407919
Brillare Beauty Institute,Cleveland,TN,Southeast,Private nonprofit,Less than 2-year,Certificate,,,265,0.7163,0.377,17924,,,,0.8372,7479,16588,24728,9325,39150,0.237,0.302,35.191417,-84.881446
Bristol Community College,Fall River,MA,New England,Public,2-year,Associate,,,6083,0.4616,0.5074,25409,12168,5832,10776,0.2246,8243,35555,38663,21287,59563,0.584,0.213,41.721994,-71.119133
Brite Divinity School,Fort Worth,TX,Southwest,Private nonprofit,4-year,Graduate,,,,,0.2041,73000,,,,,21500,60435,68424,44497,98051,0.83,0.314,32.710145,-97.359137
Brittany Beauty Academy,Bronx,NY,Mid East,Private for-profit,Less than 2-year,Certificate,,,136,0.61,0.5777,13520,,,,0.7222,6333,18226,18753,7785,36116,0.365,0.338,40.860976,-73.897121
Brittany Beauty Academy,Brooklyn,NY,Mid East,Private for-profit,Less than 2-year,Certificate,,,89,0.5706,0.5864,14226,,,,0.5385,6333,21185,17992,8361,39557,0.233,0.352,40.62318,-74.028581
Brittany Beauty Academy,Levittown,NY,Mid East,Private for-profit,Less than 2-year,Certificate,,,141,0.5714,0.5777,13520,,,,0.9398,6333,18226,18753,7785,36116,0.365,0.338,40.72479,-73.516164
Broken Arrow Beauty College,Broken Arrow,OK,Southwest,Private for-profit,Less than 2-year,Certificate,,,71,0.562,0.4341,18535,,,,0.8421,6333,22393,23722,11301,41558,0.284,0.267,36.029773,-95.797013
Brookdale Community College,Lincroft,NJ,Mid East,Public,2-year,Associate,,,7901,0.2408,0.4852,27884,18143,6270,10140,0.2992,12000,34658,44379,22624,69122,0.645,0.27,40.324906,-74.132746
Brookline College-Albuquerque,Albuquerque,NM,Southwest,Private for-profit,4-year,Bachelor's,,,542,0.4675,0.559,15004,,,,0.4706,9500,32705,29576,13467,43497,0.432,0.321,35.0894,-106.649835
Brookline College-Phoenix,Phoenix,AZ,Southwest,Private for-profit,4-year,Associate,,,712,0.3587,0.559,15004,,,,0.5288,9500,32705,29576,13467,43497,0.432,0.321,33.566102,-112.112473
Brookline College-Tempe,Tempe,AZ,Southwest,Private for-profit,2-year,Associate,,,282,0.5821,0.559,15004,,,,0.4032,9500,32705,29576,13467,43497,0.432,0.321,33.4163,-111.961365
Brookline College-Tucson,Tucson,AZ,Southwest,Private for-profit,4-year,Certificate,,,218,0.5952,0.559,15004,,,,0.4766,9500,32705,29576,13467,43497,0.432,0.321,32.217799,-110.875869
Broome Delaware Tioga BOCES-Practical Nursing Program,Endicott,NY,Mid East,Public,Less than 2-year,Certificate,0.4231,,99,0.4639,0.4262,22574,,,,0.5263,,42499,53233,38733,60456,,,42.115372,-75.96581
Broward College,Fort Lauderdale,FL,Southeast,Public,4-year,Associate,,,24922,0.4015,0.4874,20744,21947,2830,8952,0.3913,7500,33772,41939,21991,63877,0.654,0.179,26.119422,-80.14183
Brown Aveda Institute-Mentor,Mentor,OH,Great Lakes,Private for-profit,2-year,Certificate,,,115,0.4795,0.4306,22284,,,,0.8605,7267,25330,27446,15790,42480,0.421,0.265,41.672002,-81.324318
Brown Aveda Institute-Strongsville,Strongsville,OH,Great Lakes,Private for-profit,2-year,Certificate,,,121,0.5106,0.4306,22284,,,,0.8542,7267,25330,27446,15790,42480,0.421,0.265,41.312522,-81.826226
Brown University,Providence,RI,New England,Private nonprofit,4-year,Bachelor's,0.0539,1546,7226,0.1384,0.1704,82670,87648,71412,71412,0.9569,11428,79131,93487,63520,164436,0.892,0.122,41.82617,-71.40385
Brownson Technical School,Anaheim,CA,Far West,Private for-profit,Less than 2-year,Certificate,,,307,0.7261,0.6328,21842,,,,0.8938,9500,63011,68767,44327,94118,0.714,0.138,33.819032,-117.905774
Brunswick Community College,Bolivia,NC,Southeast,Public,2-year,Associate,,,1211,0.3095,0.4299,18771,12836,2553,8697,0.4035,,31394,36668,19412,53973,0.467,,34.038973,-78.22979
Bryan College of Health Sciences,Lincoln,NE,Plains,Private nonprofit,4-year,Bachelor's,0.6737,,553,0.2787,,64630,32845,20640,20640,0.7,24985,66305,70845,51898,90460,0.879,0.353,40.796768,-96.651532
Bryan College-Dayton,Dayton,TN,Southeast,Private nonprofit,4-year,Bachelor's,,,814,0.2662,0.3571,42164,31270,19800,19800,0.4974,23000,45559,54434,34075,85369,0.662,0.423,35.497209,-84.999552
Bryan University,Springfield,MO,Plains,Private for-profit,4-year,Associate,,,144,0.8443,0.5972,13311,26626,15868,15868,0.8958,22764,28498,28725,14422,42496,0.474,0.792,37.135397,-93.248107
Bryan University,Tempe,AZ,Southwest,Private for-profit,4-year,Certificate,,,2506,0.7459,0.5352,14493,26732,12219,12219,0.4056,20000,32146,40283,20815,61337,0.632,0.496,33.437779,-111.944197
Bryant & Stratton College-Akron,Akron,OH,Great Lakes,Private nonprofit,4-year,Not classified,,,,,0.5379,15184,,21173,21173,,21549,27873,32568,15518,48170,0.456,0.662,,
Bryant & Stratton College-Albany,Albany,NY,Mid East,Private nonprofit,4-year,Associate,,,240,0.6245,0.5379,15184,23359,18374,18374,0.2857,21549,27873,32568,15518,48170,0.456,0.662,42.698125,-73.809977
Bryant & Stratton College-Amherst,Getzville,NY,Mid East,Private nonprofit,4-year,Not classified,,,,,0.5379,15184,,16562,16562,,21549,27873,32568,15518,48170,0.456,0.662,,
Bryant & Stratton College-Buffalo,Buffalo,NY,Mid East,Private nonprofit,4-year,Associate,,,743,0.6923,0.5379,15184,24969,18910,18910,0.2121,21549,27873,32568,15518,48170,0.456,0.662,42.887197,-78.869108
Bryant & Stratton College-Greece,Rochester,NY,Mid East,Private nonprofit,4-year,Associate,,,363,0.5971,0.5379,15184,24114,20073,20073,0.1,21549,27873,32568,15518,48170,0.456,0.662,43.240547,-77.69559
Bryant & Stratton College-Hampton,Hampton,VA,Southeast,Private nonprofit,4-year,Not classified,,,,,0.5379,15184,,18189,18189,,21549,27873,32568,15518,48170,0.456,0.662,,
Bryant & Stratton College-Henrietta,Rochester,NY,Mid East,Private nonprofit,4-year,Not classified,,,,,0.5379,15184,,20355,20355,,21549,27873,32568,15518,48170,0.456,0.662,,
Bryant & Stratton College-Online,Orchard Park,NY,Mid East,Private nonprofit,4-year,Associate,,,8841,0.7823,0.5379,15184,21430,16299,16299,0.233,21549,27873,32568,15518,48170,0.456,0.662,42.790174,-78.770363
Bryant & Stratton College-Parma,Parma,OH,Great Lakes,Private nonprofit,4-year,Associate,,,624,0.7204,0.5379,15184,23917,19580,19580,0.1882,21549,27873,32568,15518,48170,0.456,0.662,41.404607,-81.781757
Bryant & Stratton College-Racine,Mount Pleasant,WI,Great Lakes,Private nonprofit,4-year,Not classified,,,,,0.5379,15184,,,,,21549,27873,32568,15518,48170,0.456,0.662,,
Bryant & Stratton College-Richmond,North Chesterfield,VA,Southeast,Private nonprofit,4-year,Not classified,,,,,0.5379,15184,,18689,18689,,21549,27873,32568,15518,48170,0.456,0.662,,
Bryant & Stratton College-Solon,Solon,OH,Great Lakes,Private nonprofit,4-year,Not classified,,,,,0.5379,15184,,20146,20146,,21549,27873,32568,15518,48170,0.456,0.662,,
Bryant & Stratton College-Southtowns,Orchard Park,NY,Mid East,Private nonprofit,4-year,Not classified,,,,,0.5379,15184,,18860,18860,,21549,27873,32568,15518,48170,0.456,0.662,,
Bryant & Stratton College-Syracuse,Syracuse,NY,Mid East,Private nonprofit,4-year,Not classified,,,,,0.5379,15184,,19699,19699,,21549,27873,32568,15518,48170,0.456,0.662,,
Bryant & Stratton College-Syracuse North,Liverpool,NY,Mid East,Private nonprofit,4-year,Bachelor's,,,458,0.6204,0.5379,15184,25249,18768,18768,0.3163,21549,27873,32568,15518,48170,0.456,0.662,43.149337,-76.230807
Bryant & Stratton College-Virginia Beach,Virginia Beach,VA,Southeast,Private nonprofit,4-year,Associate,,,1709,0.6484,0.5379,15184,23803,18489,18489,0.2446,21549,27873,32568,15518,48170,0.456,0.662,36.827826,-76.13819
Bryant & Stratton College-Wauwatosa,Wauwatosa,WI,Great Lakes,Private nonprofit,4-year,Associate,,,1037,0.6096,0.5379,15184,26292,20288,20288,0.1974,21549,27873,32568,15518,48170,0.456,0.662,43.043215,-88.050983
Bryant University,Smithfield,RI,New England,Private nonprofit,4-year,Bachelor's,0.6546,1265,3194,0.1253,0.1607,110617,69964,52677,52677,0.7975,26849,66488,90008,59501,120462,0.909,0.298,41.920092,-71.539547
Bryn Athyn College of the New Church,Bryn Athyn,PA,Mid East,Private nonprofit,4-year,Bachelor's,0.8294,,244,0.4029,0.3381,53222,41093,28917,28917,0.6774,22250,32083,40457,22403,68262,,0.55,40.134393,-75.060808
Bryn Mawr College,Bryn Mawr,PA,Mid East,Private nonprofit,4-year,Bachelor's,0.2943,1396,1359,0.1475,0.1516,75124,83250,65920,65920,0.8179,25000,53102,75217,52859,107519,0.848,0.332,40.02736,-75.313223
Buckeye Hills Career Center,Rio Grande,OH,Great Lakes,Public,Less than 2-year,Certificate,,,122,0.4465,0.5782,20414,,,,0.9032,8250,33498,40264,23219,57611,0.604,0.205,38.892181,-82.388043
Buckeye Joint Vocational School,New Philadelphia,OH,Great Lakes,Public,Less than 2-year,Certificate,,,80,0.4878,0.68,20117,,,,0.8816,,33866,35889,20468,50450,0.612,,40.470531,-81.401957
Bucknell University,Lewisburg,PA,Mid East,Private nonprofit,4-year,Bachelor's,0.2893,1410,3876,0.1238,0.1201,107136,83756,67812,67812,0.8632,27000,78852,93807,62778,133223,0.89,0.288,40.954317,-76.882616
Bucks County Community College,Newtown,PA,Mid East,Public,2-year,Associate,,,5289,0.2371,0.4725,30161,11688,5683,13963,0.3232,12000,39454,47324,27775,72979,0.683,0.254,40.239102,-74.965841
Bucks County Community College-Gene and Marlene Epstein Campus at Lower Bucks,Bristol,PA,Mid East,Public,2-year,Not classified,,,,,0.4725,30161,,5683,13963,,12000,39454,47324,27775,72979,0.683,0.254,,
Bucks County Community College-Upper Bucks Campus,Perkasie,PA,Mid East,Public,2-year,Not classified,,,,,0.4725,30161,,5683,13963,,12000,39454,47324,27775,72979,0.683,0.254,,
Buena Vista University,Storm Lake,IA,Plains,Private nonprofit,4-year,Bachelor's,0.7761,1120,1366,0.4376,0.3526,40952,54222,41798,41798,0.6169,25000,43572,49156,33767,64964,0.764,0.509,42.642255,-95.208529
Bunker Hill Community College,Boston,MA,New England,Public,2-year,Associate,,,8612,0.3785,0.549,17321,14899,6168,11112,0.1323,10500,39847,47618,23320,74837,0.619,0.221,42.374806,-71.069263
Bushnell University,Eugene,OR,Far West,Private nonprofit,4-year,Bachelor's,0.6728,1020,517,0.3271,0.3477,45290,47143,35800,35800,0.56,23500,43484,53623,32538,75230,0.756,0.438,44.047483,-123.079754
Bushnell University - Roseburg Campus,Roseburg,OR,Far West,Private nonprofit,4-year,Not classified,,,,,0.3477,45290,,,,,23500,43484,53623,32538,75230,0.756,0.438,,
Butler Beauty Academy,Butler,PA,Mid East,Private for-profit,Less than 2-year,Certificate,,,26,0.4314,0.5446,13728,,,,0.7692,7500,18947,23003,8124,34380,0.24,0.326,40.859152,-79.895107
Butler Beauty Academy-Kittanning Beauty Academy,Kittanning,PA,Mid East,Private for-profit,Less than 2-year,Certificate,,,14,0.1429,0.5446,13728,,,,0.7059,7500,18947,23003,8124,34380,0.24,0.326,40.813778,-79.52003
Butler Beauty Academy-New Castle Beauty Academy,New Castle,PA,Mid East,Private for-profit,Less than 2-year,Certificate,,,15,0.4324,0.5446,13728,,,,0.5652,7500,18947,23003,8124,34380,0.24,0.326,40.999207,-80.341891
Butler Community College,El Dorado,KS,Plains,Public,2-year,Associate,,,5104,0.3339,0.4161,29514,21295,3541,6271,0.3228,10500,35102,41206,24164,60347,0.62,0.255,37.806699,-96.882987
Butler County Community College,Butler,PA,Mid East,Public,2-year,Associate,,,1789,0.2962,0.4274,27304,12340,5910,12000,0.3719,10020,33920,38891,21424,57496,0.599,0.258,40.829364,-79.911433
Butler Technology and Career Development Schools,Monroe,OH,Great Lakes,Public,Less than 2-year,Certificate,,,596,0.2053,0.5159,28224,,,,0.7626,6396,51906,56645,37547,75508,0.632,0.113,39.44114,-84.431434
Butler University,Indianapolis,IN,Great Lakes,Private nonprofit,4-year,Bachelor's,0.8508,1274,4317,0.1505,0.1295,109207,65970,47560,47560,0.8038,26000,61627,77235,50535,124552,0.874,0.337,39.8374,-86.172167
Butte College,Oroville,CA,Far West,Public,2-year,Associate,,,8890,0.3475,0.5086,16880,15509,1356,9276,0.4526,10500,33709,41810,21955,65621,0.572,0.251,39.649782,-121.644831
CALC Institute of Technology,Alton,IL,Great Lakes,Private for-profit,Less than 2-year,Certificate,,,83,0.8174,0.5529,16145,,,,0.5,9500,32294,32088,16814,41120,,0.296,38.927494,-90.175979
CBD College,Los Angeles,CA,Far West,Private nonprofit,4-year,Associate,,,1581,0.413,0.4343,18466,,,,0.8214,19309,34724,37237,16003,67359,0.325,0.519,34.06231,-118.306221
CCI Training Center-Arlington,Arlington,TX,Southwest,Private for-profit,Less than 2-year,Certificate,,,305,0.8505,0.5316,18022,,,,0.735,8045,33082,40829,22509,54668,,0.197,32.755006,-97.101289
CDE Career Institute,Tannersville,PA,Mid East,Private for-profit,Less than 2-year,Certificate,,,311,0.8198,,12034,,,,0.6345,9500,31972,30894,18344,36599,,0.308,41.033423,-75.303611
CEM College-Humacao,Humacao,PR,Outlying Areas,Private for-profit,4-year,Associate,,,161,0.9425,0.6864,0,18696,12900,12900,0.3818,5000,18141,21033,10682,33554,0.282,0.238,18.148771,-65.821107
CEM College-San Juan,San Juan,PR,Outlying Areas,Private for-profit,4-year,Certificate,,,119,0.9209,0.6864,0,19241,12900,12900,0.859,5000,18141,21033,10682,33554,0.282,0.238,18.393955,-66.035797
CES College,Burbank,CA,Far West,Private nonprofit,Less than 2-year,Certificate,0.68,,118,0.6805,0.6231,17,,,,0.5556,16821,26957,22916,9701,44046,,0.734,34.180401,-118.303297
CET-Coachella,Coachella,CA,Far West,Private nonprofit,Less than 2-year,Certificate,,,96,0.592,0.6925,13272,,,,0.8393,7041,33264,32986,14618,53343,0.435,0.213,33.692248,-116.185875
CET-Colton,Colton,CA,Far West,Private nonprofit,Less than 2-year,Certificate,,,162,0.5882,0.6925,13272,,,,0.7167,7041,33264,32986,14618,53343,0.435,0.213,34.077381,-117.353488
CET-El Centro,El Centro,CA,Far West,Private nonprofit,Less than 2-year,Certificate,,,130,0.3086,0.6925,13272,,,,0.9254,7041,33264,32986,14618,53343,0.435,0.213,32.790908,-115.549079
CET-El Paso,El Paso,TX,Southwest,Private nonprofit,Less than 2-year,Certificate,,,67,0.6563,0.6925,13272,,,,0.6444,7041,33264,32986,14618,53343,0.435,0.213,31.696199,-106.323115
CET-Oxnard,Oxnard,CA,Far West,Private nonprofit,Less than 2-year,Certificate,,,95,0.2465,0.6925,13272,,,,0.4167,7041,33264,32986,14618,53343,0.435,0.213,34.194208,-119.18145
CET-Salinas,Salinas,CA,Far West,Private nonprofit,Less than 2-year,Certificate,,,171,0.4118,0.6925,13272,,,,0.675,7041,33264,32986,14618,53343,0.435,0.213,36.707333,-121.65236
CET-San Diego,San Diego,CA,Far West,Private nonprofit,Less than 2-year,Certificate,,,223,0.3381,0.6925,13272,,,,0.8713,7041,33264,32986,14618,53343,0.435,0.213,32.711302,-117.105328
CET-San Jose,San Jose,CA,Far West,Private nonprofit,Less than 2-year,Certificate,,,266,0.5254,0.6925,13272,,,,0.8058,7041,33264,32986,14618,53343,0.435,0.213,37.322723,-121.88698
CET-Santa Maria,Santa Maria,CA,Far West,Private nonprofit,Less than 2-year,Certificate,,,142,0.5885,0.6925,13272,,,,0.7727,7041,33264,32986,14618,53343,0.435,0.213,34.943576,-120.441978
CET-Soledad,Soledad,CA,Far West,Private nonprofit,Less than 2-year,Certificate,,,155,0.4199,0.6925,13272,,,,0.8062,7041,33264,32986,14618,53343,0.435,0.213,36.41456,-121.316599
CET-Watsonville,Watsonville,CA,Far West,Private nonprofit,Less than 2-year,Certificate,,,142,0.3651,0.6925,13272,,,,0.8267,7041,33264,32986,14618,53343,0.435,0.213,36.931833,-121.767991
CHI Health School of Radiologic Technology,Omaha,NE,Plains,Private nonprofit,4-year,Bachelor's,,,29,0.12,,,,,,,,,48110,40046,62697,,,41.32206,-96.020431
CRU Institute of Cosmetology and Barbering,Garden Grove,CA,Far West,Private for-profit,Less than 2-year,Certificate,,,91,0.7263,0.5333,14999,,,,0.68,9833,19044,20125,11009,44346,0.188,0.489,33.790145,-118.030758
CUNY Bernard M Baruch College,New York,NY,Mid East,Public,4-year,Bachelor's,0.4752,1280,16154,0.5688,0.5108,20824,14170,7464,15414,0.7212,11512,61542,75971,42243,112029,0.82,0.152,40.740238,-73.983417
CUNY Borough of Manhattan Community College,New York,NY,Mid East,Public,2-year,Associate,,,18623,0.567,0.531,16902,12866,5170,8050,0.2466,7574,31688,42306,19289,64717,0.649,0.179,40.71879,-74.011826
CUNY Bronx Community College,Bronx,NY,Mid East,Public,2-year,Associate,,,5964,0.5961,0.5241,15370,12677,5206,8086,0.1622,8384,33072,41307,18821,62930,0.62,0.203,40.858112,-73.912043
CUNY Brooklyn College,Brooklyn,NY,Mid East,Public,4-year,Bachelor's,0.5836,1140,10543,0.5702,0.4762,19956,14151,7452,15402,0.5386,11000,45035,60752,31888,87936,0.736,0.181,40.631517,-73.949898
CUNY Brooklyn College - Feirstein Graduate School of Cinema,Brooklyn,NY,Mid East,Public,4-year,Not classified,,,,,0.4762,19956,,,,,11000,45035,60752,31888,87936,0.736,0.181,,
CUNY City College,New York,NY,Mid East,Public,4-year,Bachelor's,0.6002,1260,12505,0.6054,0.4597,20074,14403,7340,15290,0.5682,11990,46435,66039,37225,91371,0.773,0.182,40.819846,-73.948542
CUNY Graduate School and University Center,New York,NY,Mid East,Public,4-year,Bachelor's,0.6849,,3254,0.3846,0.4396,24811,,7235,15185,,12584,68616,65991,41234,108769,,0.191,40.748612,-73.983822
CUNY Hostos Community College,Bronx,NY,Mid East,Public,2-year,Associate,,,4900,0.6303,0.5427,15387,13069,5254,8134,0.1607,8442,34095,40485,18641,60405,0.586,0.209,40.81812,-73.926759
CUNY Hunter College,New York,NY,Mid East,Public,4-year,Bachelor's,0.538,1280,16289,0.5589,0.4694,22326,13905,7382,15332,0.5686,11000,50414,63163,34332,92425,0.758,0.174,40.768669,-73.964795
CUNY John Jay College of Criminal Justice,New York,NY,Mid East,Public,4-year,Bachelor's,0.5711,1080,11590,0.5979,0.4849,19475,14212,7470,15420,0.5583,11000,50293,56195,35780,80288,0.761,0.196,40.770351,-73.98841
CUNY Kingsborough Community College,Brooklyn,NY,Mid East,Public,2-year,Associate,,,7670,0.2457,0.4779,18942,13580,5252,8132,0.2758,7100,31533,42621,20166,67676,0.652,0.167,40.577222,-73.935812
CUNY LaGuardia Community College,Long Island City,NY,Mid East,Public,2-year,Associate,,,11254,0.3785,0.5401,16968,13648,5218,8098,0.2389,7407,33219,41653,19367,66179,0.642,0.178,40.7445,-73.935057
CUNY Lehman College,Bronx,NY,Mid East,Public,4-year,Bachelor's,0.5658,970,10696,0.5994,0.5193,17797,14121,7410,15360,0.5128,10950,51067,58013,36728,82802,0.759,0.189,40.872962,-73.895379
CUNY Medgar Evers College,Brooklyn,NY,Mid East,Public,4-year,Bachelor's,0.8605,920,3233,0.5632,0.5033,18815,14771,7352,15302,0.1977,10988,37538,46498,23662,68052,0.663,0.236,40.666256,-73.957076
CUNY New York City College of Technology,Brooklyn,NY,Mid East,Public,4-year,Bachelor's,0.8029,1010,13580,0.5507,0.5124,20012,14110,7332,15282,0.2147,10533,39982,49365,24508,76756,0.71,0.213,40.695483,-73.987856
CUNY Queens College,Queens,NY,Mid East,Public,4-year,Bachelor's,0.6435,1120,12550,0.4717,0.469,20800,14367,7538,15488,0.5325,10298,48548,62763,33563,89659,0.763,0.164,40.736416,-73.820053
CUNY Queensborough Community College,Bayside,NY,Mid East,Public,2-year,Associate,,,8940,0.4438,0.5189,20310,12392,5210,8090,0.2405,8600,34254,44214,20990,69408,0.66,0.195,40.755481,-73.756656
CUNY York College,Jamaica,NY,Mid East,Public,4-year,Bachelor's,0.641,880,4345,0.4008,0.4959,19735,14330,7358,15308,0.3225,11000,46148,56945,33179,82369,0.729,0.193,40.701576,-73.796313
Cabarrus College of Health Sciences,Concord,NC,Southeast,Private nonprofit,4-year,Associate,0.2338,1150,712,0.2874,0.3699,42481,26375,16550,16550,0.7143,16000,52960,58708,36139,77574,0.785,0.273,35.440038,-80.600824
Cabell County Career Technology Center,Huntington,WV,Southeast,Public,Less than 2-year,Certificate,,,51,0.6667,0.5506,17943,,,,0.641,,35834,33975,12698,52566,0.5,,38.403244,-82.372418
Cabrillo College,Aptos,CA,Far West,Public,2-year,Associate,,,8002,0.2441,0.5076,19212,24966,1270,9862,0.3804,14380,34990,44114,22686,70453,0.614,0.326,36.989448,-121.924797
Caddo Kiowa Technology Center,Fort Cobb,OK,Southwest,Public,Less than 2-year,Certificate,,,108,0.1465,0.6421,3198,,,,0.6818,,28039,21576,7865,36946,0.399,,35.108561,-98.443443
Cadillac Institute of Cosmetology,Cadillac,MI,Great Lakes,Private for-profit,Less than 2-year,Certificate,,,43,0.8507,,9286,,,,0.5,,15314,16514,9782,,,,44.251375,-85.400655
Cairn University-Langhorne,Langhorne,PA,Mid East,Private nonprofit,4-year,Bachelor's,0.8817,1110,775,0.3205,0.2959,49950,46233,34009,34009,0.5968,26926,37077,44172,27125,64255,0.648,0.61,40.165809,-74.909509
Cal Poly Maritime Academy,Vallejo,CA,Far West,Public,4-year,Bachelor's,0.9501,,804,0.251,0.1995,64087,29853,9944,22544,0.5972,24965,84676,94784,63941,134253,0.883,0.263,38.069061,-122.231551
Caldwell Community College and Technical Institute,Hudson,NC,Southeast,Public,2-year,Associate,,,2393,0.3063,0.5032,19364,20188,2526,6526,0.4474,8750,30689,34515,18928,51021,0.521,0.254,35.854604,-81.484148
Caldwell University,Caldwell,NJ,Mid East,Private nonprofit,4-year,Bachelor's,0.7134,1260,1575,0.4862,0.4307,37962,54073,40848,40848,0.5749,25000,47439,53843,34453,74668,0.758,0.464,40.832753,-74.272571
California Aeronautical University,Bakersfield,CA,Far West,Private for-profit,4-year,Bachelor's,,,347,0.4631,0.5,22891,46233,37667,37667,0.3019,30705,37182,38361,20349,52637,0.64,0.8,35.434905,-119.049264
California Baptist University,Riverside,CA,Far West,Private nonprofit,4-year,Bachelor's,0.8488,,8179,0.4206,0.4161,42597,54038,41228,41228,0.6188,26063,52336,61504,34450,88303,0.704,0.424,33.929321,-117.425619
California Beauty College,Modesto,CA,Far West,Private for-profit,Less than 2-year,Certificate,,,122,0.5507,0.5385,20291,,,,0.8261,,19518,22255,9497,38291,,,37.645371,-120.997481
California Career College,Canoga Park,CA,Far West,Private for-profit,4-year,Associate,,,190,0.2924,,37000,,,,1.0,28500,47215,51684,38741,80785,,0.551,34.197566,-118.601794
California College of ASU,Los Angeles,CA,Far West,Private nonprofit,4-year,Bachelor's,,,71,0.4631,0.2953,46576,31890,25186,25186,0.3723,25000,33350,42014,18032,64671,0.57,0.595,34.039355,-118.25968
California College of the Arts,San Francisco,CA,Far West,Private nonprofit,4-year,Bachelor's,0.911,,990,0.2509,0.2442,38844,79776,60226,60226,0.6122,27000,38308,49414,18349,93969,0.634,0.546,37.767485,-122.399451
California Hair Design Academy,La Mesa,CA,Far West,Private for-profit,Less than 2-year,Certificate,,,98,0.4773,0.5388,21829,,,,0.8684,6333,15702,19347,8126,40931,0.388,0.327,32.765221,-117.024261
California Healing Arts College,Carson,CA,Far West,Private for-profit,Less than 2-year,Certificate,,,243,0.8319,0.5298,9785,,,,0.696,9476,26704,25151,11450,50075,0.481,0.377,33.844718,-118.265919
California Institute of Integral Studies,San Francisco,CA,Far West,Private nonprofit,4-year,Bachelor's,,,38,0.4561,,18380,,,,,18750,56360,48848,20122,84435,,0.384,37.774924,-122.416102
California Institute of Technology,Pasadena,CA,Far West,Private nonprofit,4-year,Bachelor's,0.0257,,987,0.1799,,44848,86886,65898,65898,0.9437,,132140,128566,78105,225460,0.847,,34.137349,-118.125878
California Institute of the Arts,Valencia,CA,Far West,Private nonprofit,4-year,Bachelor's,0.3234,,860,0.2424,0.1573,55256,77560,58996,58996,0.6667,25000,28018,41198,13878,89495,0.607,0.607,34.39327,-118.566837
California Lutheran University,Thousand Oaks,CA,Far West,Private nonprofit,4-year,Bachelor's,0.7567,1266,2296,0.3109,0.3539,56619,68426,52560,52560,0.696,21669,54981,68712,44592,96084,0.819,0.315,34.224566,-118.878924
California Nurses Educational Institute,Rancho Mirage,CA,Far West,Private for-profit,2-year,Certificate,,,200,0.5692,0.5765,18014,,,,0.8047,16941,44704,46895,26995,65653,,0.361,33.80042,-116.393371
California Polytechnic State University-San Luis Obispo,San Luis Obispo,CA,Far West,Public,4-year,Bachelor's,0.3132,,21996,0.1924,0.2481,74513,32265,13596,34665,0.864,18500,72358,90768,58977,132118,0.849,0.204,35.299513,-120.657311
California State Polytechnic University-Humboldt,Arcata,CA,Far West,Public,4-year,Bachelor's,0.982,,5612,0.4287,0.4406,26596,25170,8250,20850,0.4855,18000,37382,47626,27312,69390,0.659,0.378,40.877481,-124.078293
California State Polytechnic University-Pomona,Pomona,CA,Far West,Public,4-year,Bachelor's,0.7517,,25042,0.4633,0.4928,29032,23955,7780,20380,0.6843,16000,54466,71902,45083,100593,0.819,0.223,34.057912,-117.821476
California State University-Bakersfield,Bakersfield,CA,Far West,Public,4-year,Bachelor's,0.9385,,8577,0.6065,0.5817,27270,19522,8090,20690,0.498,16600,44282,59009,34128,84724,0.759,0.281,35.350005,-119.104711
California State University-Channel Islands,Camarillo,CA,Far West,Public,4-year,Bachelor's,0.9481,,5013,0.466,0.5069,27978,23561,7159,19759,0.5132,15000,46785,62152,36869,86521,0.758,0.241,34.162949,-119.04356
California State University-Chico,Chico,CA,Far West,Public,4-year,Bachelor's,0.9272,,13631,0.4252,0.4734,30780,26283,8472,21072,0.6278,16552,50493,64172,41693,95212,0.787,0.258,39.729712,-121.844859
California State University-Dominguez Hills,Carson,CA,Far West,Public,4-year,Bachelor's,0.933,,12538,0.6333,0.5905,20044,23191,7449,20049,0.4279,13807,46827,57162,33459,82789,0.761,0.242,33.864766,-118.255917
California State University-East Bay,Hayward,CA,Far West,Public,4-year,Bachelor's,0.9739,,9809,0.444,0.5093,24527,22850,7583,20183,0.4795,16544,55546,71401,45094,103383,0.807,0.232,37.657694,-122.054135
California State University-Fresno,Fresno,CA,Far West,Public,4-year,Bachelor's,0.9526,,21605,0.5697,0.5325,27059,20095,7350,19950,0.5696,14505,44012,61244,38091,84801,0.76,0.237,36.811154,-119.744569
California State University-Fullerton,Fullerton,CA,Far West,Public,4-year,Bachelor's,0.9052,,38546,0.4807,0.4945,28124,18269,7470,20070,0.7018,13750,48558,62951,39060,89304,0.769,0.218,33.881506,-117.885446
California State University-Long Beach,Long Beach,CA,Far West,Public,4-year,Bachelor's,0.4627,,35924,0.5018,0.4863,26465,22679,7350,19950,0.6888,14289,50062,64403,38902,91639,0.787,0.222,33.782818,-118.11204
California State University-Los Angeles,Los Angeles,CA,Far West,Public,4-year,Bachelor's,0.9125,,19562,0.663,0.6153,22032,18403,7160,19760,0.5298,13000,45702,59211,36906,83961,0.759,0.22,34.066927,-118.168965
California State University-Monterey Bay,Seaside,CA,Far West,Public,4-year,Bachelor's,0.974,,6819,0.4317,0.5177,28759,26987,7779,20379,0.5909,12750,48648,59247,36050,82407,0.762,0.215,36.652397,-121.796178
California State University-Northridge,Northridge,CA,Far West,Public,4-year,Bachelor's,0.9345,,32691,0.5607,0.5387,22839,20485,7458,20058,0.5695,13872,44372,59115,34394,85290,0.752,0.235,34.240126,-118.529319
California State University-Sacramento,Sacramento,CA,Far West,Public,4-year,Bachelor's,0.9399,,28350,0.4913,0.4905,27217,22945,8018,20618,0.5629,15000,51074,64876,43257,89789,0.798,0.231,38.559415,-121.423549
California State University-San Bernardino,San Bernardino,CA,Far West,Public,4-year,Bachelor's,0.9374,,15023,0.5762,0.5969,25849,17427,8093,20693,0.549,14715,43149,59977,36326,83589,0.756,0.245,34.182622,-117.323801
California State University-San Marcos,San Marcos,CA,Far West,Public,4-year,Bachelor's,0.951,,14877,0.4261,0.4826,31282,21649,8082,20682,0.5456,17350,48673,62908,37472,87350,0.78,0.276,33.130569,-117.159013
California State University-Stanislaus,Turlock,CA,Far West,Public,4-year,Bachelor's,0.9814,,8385,0.5519,0.5995,28214,19739,8246,20846,0.5345,13540,47793,63188,39410,86094,0.756,0.214,37.52577,-120.852511
Calumet College of Saint Joseph,Whiting,IN,Great Lakes,Private nonprofit,4-year,Bachelor's,,,529,0.5161,0.5183,28978,32968,23850,23850,0.2286,21534,39342,46945,22559,70968,0.706,0.459,41.671008,-87.494123
Calvary University,Kansas City,MO,Plains,Private nonprofit,4-year,Bachelor's,0.7174,1050,154,0.3131,0.3462,37276,23938,14094,14094,0.5217,20839,33144,45421,29708,66219,0.626,0.459,38.839578,-94.547927
Calvin University,Grand Rapids,MI,Great Lakes,Private nonprofit,4-year,Bachelor's,0.7091,1233,3193,0.1743,0.1323,82351,54222,39350,39350,0.7406,23250,48039,58375,38181,82853,0.781,0.398,42.929916,-85.587548
Calvin University - Handlon Campus,Ionia,MI,Great Lakes,Private nonprofit,4-year,Not classified,,,,,0.1323,82351,,,,,23250,48039,58375,38181,82853,0.781,0.398,,
Cambridge College,Boston,MA,New England,Private nonprofit,4-year,Bachelor's,,,532,0.2999,0.5094,27349,34072,18378,18378,0.1111,21791,49215,45998,28280,62727,0.7,0.474,42.381091,-71.072646
Cambridge College of Healthcare & Technology,Atlanta,GA,Southeast,Private for-profit,4-year,Not classified,,,,,0.4464,20052,,18168,18168,,26250,38468,47792,27703,76149,,0.549,,
Cambridge College of Healthcare & Technology,Delray Beach,FL,Southeast,Private for-profit,4-year,Associate,,,1315,0.6278,0.4464,20052,28227,18168,18168,0.7647,26250,38468,47792,27703,76149,,0.549,26.438379,-80.123788
Cambridge College of Healthcare & Technology,Altamonte Springs,FL,Southeast,Private for-profit,4-year,Certificate,,,381,0.6678,0.5022,19140,28779,18168,18168,0.4722,14656,41535,28190,13846,42568,,0.52,28.66306,-81.375722
Cambridge College of Healthcare & Technology - Miami Gardens,Miami Gardens,FL,Southeast,Private for-profit,2-year,Not classified,,,,,0.4464,20052,,18168,18168,,26250,38468,47792,27703,76149,,0.549,,
Camden County College,Blackwood,NJ,Mid East,Public,2-year,Associate,,,6636,0.4388,0.5308,22066,12535,4320,4416,0.3086,11851,32960,41212,21821,62807,0.612,0.288,39.784874,-75.038381
Cameo Beauty Academy,Oak Lawn,IL,Great Lakes,Private for-profit,Less than 2-year,Certificate,,,82,0.6667,0.4694,10615,,,,0.5909,10929,17987,24513,10564,38504,0.341,0.446,41.716051,-87.740894
Cameo College of Essential Beauty,Murray,UT,Rocky Mountains,Private for-profit,Less than 2-year,Certificate,,,257,0.2984,0.4965,24995,,,,0.8519,5500,26739,32364,13734,48212,,0.17,40.645694,-111.887832
Cameron University,Lawton,OK,Southwest,Public,4-year,Bachelor's,,,2492,0.3884,0.4699,27268,19862,7095,16515,0.3067,21500,33447,40118,22221,58201,0.646,0.536,34.606487,-98.434163
Campbell University,Buies Creek,NC,Southeast,Private nonprofit,4-year,Bachelor's,0.8718,,2680,0.3758,0.3112,41354,62187,41600,41600,0.6096,22500,45511,54886,37957,80333,0.789,0.41,35.409149,-78.738238
Campbellsville University,Campbellsville,KY,Southeast,Private nonprofit,4-year,Bachelor's,0.7974,,2840,0.2005,0.4665,34000,42603,27998,27998,0.4201,17156,34639,41583,25458,58771,0.671,0.413,37.343342,-85.348943
Canada College,Redwood City,CA,Far West,Public,2-year,Associate,,,5175,0.0951,0.5728,19161,9087,1332,11384,0.4675,,42044,50087,24614,79202,0.652,,37.44877,-122.265398
Canadian Valley Technology Center,El Reno,OK,Southwest,Public,2-year,Certificate,,,614,0.0844,0.5844,17784,,,,0.7071,,31675,31355,16369,51689,0.536,,35.509208,-97.881967
Canisius University,Buffalo,NY,Mid East,Private nonprofit,4-year,Bachelor's,0.7236,,1685,0.322,0.2306,65323,44322,34500,34500,0.6639,24250,46089,60681,44638,82280,0.838,0.4,42.925206,-78.852577
Cankdeska Cikana Community College,Fort Totten,ND,Plains,Public,2-year,Associate,,,222,0.5692,0.4079,6524,11969,3950,3950,0.28,,15814,17008,3787,39841,0.415,,47.978122,-98.990801
Cannella School of Hair Design-Chicago,Chicago,IL,Great Lakes,Private for-profit,Less than 2-year,Certificate,,,64,0.7234,0.7317,17676,,,,0.5333,,21868,29075,12167,41175,0.358,,41.815763,-87.701198
Cannella School of Hair Design-Villa Park,Villa Park,IL,Great Lakes,Private for-profit,Less than 2-year,Certificate,,,51,0.4,,19546,,,,0.7143,,18633,26970,11260,42546,,,41.90417,-87.994628
Canton City Schools Adult Career and Technical Education,Canton,OH,Great Lakes,Public,Less than 2-year,Certificate,0.625,,88,0.6075,0.5565,15873,,,,0.8333,9500,31100,42134,26068,56217,0.479,0.225,40.799696,-81.378614
Cape Cod Community College,West Barnstable,MA,New England,Public,2-year,Associate,,,2911,0.3364,0.4132,24110,15053,6000,10944,0.223,12000,39296,43670,23811,63744,0.607,0.275,41.691911,-70.337334
Cape Coral Technical College,Cape Coral,FL,Southeast,Public,Less than 2-year,Certificate,,,278,0.336,0.5077,16369,,,,0.832,,31793,36080,18468,54134,0.54,,26.658582,-81.976156
Cape Fear Community College,Wilmington,NC,Southeast,Public,2-year,Associate,,,9764,0.1769,0.3828,20638,14740,2748,8892,0.3446,9500,32234,38654,19768,58224,0.549,0.246,34.240624,-77.948306
Cape Girardeau Career and Technology Center,Cape Girardeau,MO,Plains,Public,Less than 2-year,Certificate,,,159,0.414,0.5683,22732,,,,0.7143,8750,43113,44369,26985,64231,0.676,0.197,37.274001,-89.565366
Capella University,Minneapolis,MN,Plains,Private for-profit,4-year,Bachelor's,,,18364,0.3853,0.4967,31525,22820,14400,14400,0.2,14968,48500,42189,20330,69019,0.847,0.355,44.976286,-93.268796
Capital Area Career Center,Springfield,IL,Great Lakes,Public,Less than 2-year,Certificate,0.9444,,161,0.6087,0.5385,19614,20495,12075,12075,1.0,9500,50684,55357,37748,73036,0.778,0.172,39.718311,-89.626262
Capital University,Columbus,OH,Great Lakes,Private nonprofit,4-year,Bachelor's,0.7022,1068,1585,0.3389,0.2751,61200,57130,43234,43234,0.6027,26889,45767,54143,38452,74851,0.802,0.497,39.954875,-82.937867
Capitol Beauty School,Omaha,NE,Plains,Private for-profit,2-year,Certificate,,,161,0.3833,,39924,,,,0.8718,6650,28276,31349,13923,46608,0.486,0.212,41.209501,-96.082248
Capitol Technology University,Laurel,MD,Mid East,Private nonprofit,4-year,Bachelor's,0.7435,,315,0.3918,0.3561,41100,42471,27592,27592,0.4268,20264,76545,85035,41086,120194,0.851,0.238,39.046673,-76.850231
Capri Beauty College,Oak Forest,IL,Great Lakes,Private for-profit,Less than 2-year,Certificate,,,33,0.56,0.4511,35881,,,,0.5,9833,19302,26804,10464,43861,0.442,0.367,41.603863,-87.771567
Capri Beauty College,New Lenox,IL,Great Lakes,Private for-profit,Less than 2-year,Certificate,,,75,0.2478,0.4511,35881,,,,0.9565,9833,19302,26804,10464,43861,0.442,0.367,41.509958,-87.927816
Capri College-Cedar Rapids,Cedar Rapids,IA,Plains,Private for-profit,Less than 2-year,Certificate,,,129,0.4884,0.3462,27657,,,,0.65,7600,23433,29307,14757,47106,0.397,0.259,41.960734,-91.710201
Capri College-Davenport,Davenport,IA,Plains,Private for-profit,Less than 2-year,Certificate,,,135,0.3731,0.4263,26176,,,,0.8222,7600,27848,26932,11515,40000,0.354,0.282,41.575211,-90.538828
Capri College-Dubuque,Dubuque,IA,Plains,Private for-profit,Less than 2-year,Certificate,,,165,0.4553,0.4219,24000,,,,0.7358,7600,24838,28266,15198,39374,0.412,0.269,42.497357,-90.665565
Capri Cosmetology Learning Centers,Nanuet,NY,Mid East,Private for-profit,Less than 2-year,Certificate,,,285,0.4688,0.5309,23136,,,,0.8889,5827,24970,30190,9580,49158,0.397,0.193,41.09909,-74.022421
Capstone College,Pasadena,CA,Far West,Private for-profit,Less than 2-year,Certificate,,,148,0.4609,0.5918,18250,,,,0.6434,9500,39597,35348,19971,56416,0.544,0.269,34.165741,-118.149478
Cardiac and Vascular Institute of Ultrasound,Mobile,AL,Southeast,Private for-profit,2-year,Certificate,,,56,0.451,,21551,,,,,19160,59178,52669,35082,75990,,0.364,30.650045,-88.112324
Career Academy of Beauty,Garden Grove,CA,Far West,Private for-profit,Less than 2-year,Certificate,,,219,0.5494,0.5093,14470,,,,0.918,6333,19925,24410,11152,44132,0.365,0.259,33.781018,-118.031697
Career Academy of Hair Design,Springdale,AR,Southeast,Private for-profit,Less than 2-year,Certificate,,,245,0.6913,0.6088,17526,,,,0.7342,6365,18556,21567,10741,39917,0.333,0.295,36.167605,-94.12947
Career Academy of Hair Design - Fort Smith,Fort Smith,AR,Southeast,Private for-profit,Less than 2-year,Not classified,,,,,0.6088,17526,,,,,6365,18556,21567,10741,39917,0.333,0.295,,
Career Academy of Hair Design-Fayetteville,Fayetteville,AR,Southeast,Private for-profit,Less than 2-year,Not classified,,,,,0.6088,17526,,,,,6365,18556,21567,10741,39917,0.333,0.295,,
Career Academy of Hair Design-Rogers,Rogers,AR,Southeast,Private for-profit,Less than 2-year,Not classified,,,,,0.6088,17526,,,,,6365,18556,21567,10741,39917,0.333,0.295,,
Career Academy of Hair Design-Siloam Springs,Siloam Springs,AR,Southeast,Private for-profit,Less than 2-year,Not classified,,,,,0.6088,17526,,,,,6365,18556,21567,10741,39917,0.333,0.295,,
Career Care Institute,Lancaster,CA,Far West,Private for-profit,2-year,Certificate,,,620,0.5974,0.5664,15600,,,,0.7132,16625,36066,39888,21765,61431,,0.417,34.678236,-118.15638
Career Center of Southern Illinois,Red Bud,IL,Great Lakes,Public,Less than 2-year,Certificate,0.5652,,36,0.7411,0.5259,19734,,,,0.5714,15170,49095,48452,33693,68034,0.641,0.313,38.289727,-89.948787
Career Development Institute Inc,Los Angeles,CA,Far West,Private for-profit,Less than 2-year,Certificate,,,172,0.6771,0.463,15982,,,,0.7941,16873,38808,62209,28081,88911,,0.271,34.045817,-118.386067
Career Networks Institute,Santa Ana,CA,Far West,Private for-profit,4-year,Associate,,,1133,0.5224,0.3609,30129,,,,0.8929,25899,52232,45256,23757,70955,0.525,0.572,33.721058,-117.8478
Career School of NY,Staten Island,NY,Mid East,Private nonprofit,Less than 2-year,Certificate,,,112,0.5647,0.7477,10103,,,,0.8197,,23602,35778,13491,54527,,,40.641352,-74.078168
Career Schools of Texas,Houston,TX,Southwest,Private for-profit,Less than 2-year,Certificate,,,518,0.9035,0.5919,12269,,,,0.2565,13000,16822,21262,9736,39226,0.391,0.611,29.69036,-95.532975
Career Schools of Texas - Branch Campus #1,Dallas,TX,Southwest,Private for-profit,Less than 2-year,Not classified,,,,,0.5919,12269,,,,,13000,16822,21262,9736,39226,0.391,0.611,,
Career Schools of Texas - Branch Campus #2,Dallas,TX,Southwest,Private for-profit,Less than 2-year,Not classified,,,,,0.5919,12269,,,,,13000,16822,21262,9736,39226,0.391,0.611,,
Career Schools of Texas - Branch Campus #5,Houston,TX,Southwest,Private for-profit,Less than 2-year,Not classified,,,,,0.5919,12269,,,,,13000,16822,21262,9736,39226,0.391,0.611,,
Career Technology Center of Lackawanna County,Scranton,PA,Mid East,Public,Less than 2-year,Certificate,1.0,,113,0.6612,0.5644,21577,,,,0.5714,17200,41615,45555,32099,57893,0.741,0.378,41.452849,-75.652477
Career and Technology Education Centers of Licking County,Newark,OH,Great Lakes,Public,Less than 2-year,Certificate,,,237,0.1608,0.5155,17671,,,,0.7937,6500,37881,38002,22374,57423,,0.171,40.099973,-82.429175
Careers Unlimited,Orem,UT,Rocky Mountains,Private for-profit,4-year,Bachelor's,,,118,0.5449,,33667,,,,,,48228,30829,12017,62722,,,40.275775,-111.731006
Caribbean Forensic and Technical College,San Juan,PR,Outlying Areas,Private for-profit,Less than 2-year,Certificate,,,381,0.7585,0.5357,0,11284,8700,8700,0.6481,,18179,20691,11261,34919,0.413,,18.45115,-66.074402
Caribbean University-Bayamon,Bayamon,PR,Outlying Areas,Private nonprofit,4-year,Certificate,,,639,0.7683,0.4988,0,9835,8844,8844,0.4255,10500,18349,22842,12390,38346,0.277,0.46,18.383136,-66.168315
Caribbean University-Carolina,Carolina,PR,Outlying Areas,Private nonprofit,4-year,Bachelor's,,,99,0.6772,0.4988,0,10710,8844,8844,0.4444,10500,18349,22842,12390,38346,0.277,0.46,18.380193,-65.960036
Caribbean University-Ponce,Ponce,PR,Outlying Areas,Private nonprofit,4-year,Bachelor's,,,414,0.71,0.4988,0,10000,8844,8844,0.3667,10500,18349,22842,12390,38346,0.277,0.46,18.006633,-66.59425
Caribbean University-Vega Baja,Vega Baja,PR,Outlying Areas,Private nonprofit,4-year,Bachelor's,,,152,0.7629,0.4988,0,9936,8844,8844,0.5,10500,18349,22842,12390,38346,0.277,0.46,18.444882,-66.40315
Carl Albert State College,Poteau,OK,Southwest,Public,2-year,Associate,,,1308,0.5427,0.5182,22242,23617,4380,9098,0.4307,9362,30375,34117,17077,51103,0.52,0.274,35.039173,-94.633986
Carl Sandburg College,Galesburg,IL,Great Lakes,Public,2-year,Associate,,,1051,0.4194,0.4263,21982,11563,5390,8900,0.5,4909,31149,35274,19958,52694,0.526,0.139,40.98128,-90.408203
Carleton College,Northfield,MN,Plains,Private nonprofit,4-year,Bachelor's,0.2041,1517,2086,0.1653,0.1568,78779,84893,68892,68892,0.896,16750,53989,75525,52327,111608,0.831,0.222,44.462318,-93.154666
Carlow University,Pittsburgh,PA,Mid East,Private nonprofit,4-year,Bachelor's,0.8695,1080,1348,0.4301,0.3684,40539,49327,35874,35874,0.5992,25500,44876,51051,32242,76659,0.748,0.5,40.439293,-79.963448
Carlson College of Massage Therapy,Anamosa,IA,Plains,Private for-profit,Less than 2-year,Certificate,,,39,0.55,,34649,,,,1.0,,,26893,10929,40647,,,42.103743,-91.356125
Carnegie Institute,Troy,MI,Great Lakes,Private for-profit,2-year,Certificate,,,93,0.6311,0.539,20808,21852,15645,15645,0.5,9336,36364,38244,18620,55349,0.633,0.244,42.53889,-83.118801
Carnegie Mellon University,Pittsburgh,PA,Mid East,Private nonprofit,4-year,Bachelor's,0.1166,1546,7304,0.1604,0.0995,91372,83654,66246,66246,0.9413,21750,105360,114862,72560,182769,0.889,0.189,40.44357,-79.941993
Carolina Christian College,Winston Salem,NC,Southeast,Private nonprofit,4-year,Bachelor's,,,52,0.4815,,13895,28817,9970,9970,0.1538,,,40672,25313,,,,36.146168,-80.256252
Carolina College of Biblical Studies,Fayetteville,NC,Southeast,Private nonprofit,4-year,Bachelor's,,,159,0.5328,0.573,25405,24267,6906,6906,0.0,25750,34156,24581,,51284,,1.048,35.05141,-78.939514
Carolina University,Winston-Salem,NC,Southeast,Private nonprofit,4-year,Bachelor's,0.3954,,460,0.3726,0.3266,32421,32680,17575,17575,0.2155,20287,30657,32864,13802,51207,0.566,0.617,36.087962,-80.250153
Carolinas College of Health Sciences,Charlotte,NC,Southeast,Public,4-year,Certificate,0.599,1130,533,0.3317,0.3185,31234,,18882,18882,1.0,15337,59817,64624,36702,93174,0.838,0.237,35.181863,-80.927508
Carrington College-Albuquerque,Albuquerque,NM,Southwest,Private for-profit,2-year,Certificate,,,357,0.6284,0.5548,16832,,,,0.65,9500,34062,36718,20311,51422,0.496,0.259,35.110048,-106.633361
Carrington College-Bakersfield,Bakersfield,CA,Far West,Private for-profit,2-year,Associate,,,,,0.5516,18013,,,,,11537,37870,39633,18725,60075,0.565,0.291,,
Carrington College-Boise,Boise,ID,Rocky Mountains,Private for-profit,2-year,Certificate,,,478,0.4676,0.4888,24244,,,,0.619,15188,37283,43731,24610,71829,0.548,0.347,43.615923,-116.243919
Carrington College-Fresno,Fresno,CA,Far West,Private for-profit,2-year,Associate,,,,,0.5516,18013,,,,,11537,37870,39633,18725,60075,0.565,0.291,,
Carrington College-Hesperia,Hesperia,CA,Far West,Private for-profit,2-year,Associate,,,,,0.5516,18013,,,,,11537,37870,39633,18725,60075,0.565,0.291,,
Carrington College-Lancaster,Lancaster,CA,Far West,Private for-profit,2-year,Associate,,,,,0.5516,18013,,,,,11537,37870,39633,18725,60075,0.565,0.291,,
Carrington College-Las Vegas,Las Vegas,NV,Far West,Private for-profit,2-year,Associate,,,396,0.6169,0.5548,16832,,,,0.592,9500,34062,36718,20311,51422,0.496,0.259,36.08486,-115.118231
Carrington College-Mesa,Mesa,AZ,Southwest,Private for-profit,2-year,Certificate,,,528,0.5166,0.5548,16832,,,,0.5378,9500,34062,36718,20311,51422,0.496,0.259,33.39248,-111.853218
Carrington College-Modesto,Salida,CA,Far West,Private for-profit,2-year,Associate,,,,,0.5516,18013,,,,,11537,37870,39633,18725,60075,0.565,0.291,,
Carrington College-Ontario,Ontario,CA,Far West,Private for-profit,2-year,Associate,,,,,0.5516,18013,,,,,11537,37870,39633,18725,60075,0.565,0.291,,
Carrington College-Phoenix North,Phoenix,AZ,Southwest,Private for-profit,2-year,Certificate,,,1080,0.5616,0.5548,16832,,,,0.6223,9500,34062,36718,20311,51422,0.496,0.259,33.565758,-112.104601
Carrington College-Pleasant Hill Campus,Pleasant Hill,CA,Far West,Private for-profit,2-year,Certificate,,,412,0.5285,0.5516,18013,,,,0.5947,11537,37870,39633,18725,60075,0.565,0.291,37.962649,-122.072153
Carrington College-Portland,Portland,OR,Far West,Private for-profit,2-year,Certificate,,,254,0.633,0.4729,17275,,,,0.5417,9295,35208,36625,18711,53355,0.53,0.254,45.532356,-122.653583
Carrington College-Rancho Cordova,Rancho Cordova,CA,Far West,Private for-profit,2-year,Associate,,,,,0.5516,18013,,,,,11537,37870,39633,18725,60075,0.565,0.291,,
Carrington College-Rancho Mirage,Rancho Mirage,CA,Far West,Private for-profit,2-year,Associate,,,,,0.5516,18013,,,,,11537,37870,39633,18725,60075,0.565,0.291,,
Carrington College-Reno,Reno,NV,Far West,Private for-profit,2-year,Associate,,,551,0.3833,0.4888,24244,,,,0.4151,15188,37283,43731,24610,71829,0.548,0.347,39.463165,-119.786947
Carrington College-Sacramento,Sacramento,CA,Far West,Private for-profit,4-year,Certificate,,,2168,0.5737,0.5516,18013,,,,0.5077,11537,37870,39633,18725,60075,0.565,0.291,38.556104,-121.371383
Carrington College-San Jose,San Jose,CA,Far West,Private for-profit,2-year,Certificate,,,644,0.4967,0.5516,18013,,,,0.5953,11537,37870,39633,18725,60075,0.565,0.291,37.248411,-121.777062
Carrington College-San Leandro Campus,San Leandro,CA,Far West,Private for-profit,2-year,Certificate,,,326,0.6167,0.5516,18013,,,,0.5911,11537,37870,39633,18725,60075,0.565,0.291,37.699627,-122.12567
Carrington College-Santa Maria,Santa Maria,CA,Far West,Private for-profit,2-year,Associate,,,,,0.5516,18013,,,,,11537,37870,39633,18725,60075,0.565,0.291,,
Carrington College-Spokane,Spokane,WA,Far West,Private for-profit,2-year,Certificate,,,352,0.6184,0.4729,17275,,,,0.4167,9295,35208,36625,18711,53355,0.53,0.254,47.675918,-117.268126
Carrington College-Stockton,Stockton,CA,Far West,Private for-profit,2-year,Certificate,,,436,0.6429,0.5516,18013,,,,0.5391,11537,37870,39633,18725,60075,0.565,0.291,37.998992,-121.323199
Carrington College-Temecula,Temecula,CA,Far West,Private for-profit,2-year,Associate,,,,,0.5516,18013,,,,,11537,37870,39633,18725,60075,0.565,0.291,,
Carrington College-Tucson,Tucson,AZ,Southwest,Private for-profit,2-year,Certificate,,,517,0.6547,0.5548,16832,,,,0.6611,9500,34062,36718,20311,51422,0.496,0.259,32.224391,-110.983056
Carrington College-Visalia,Visalia,CA,Far West,Private for-profit,2-year,Associate,,,,,0.5516,18013,,,,,11537,37870,39633,18725,60075,0.565,0.291,,
Carroll College,Helena,MT,Rocky Mountains,Private nonprofit,4-year,Bachelor's,0.7093,1200,1092,0.2024,0.1972,82088,55626,41484,41484,0.6929,25757,43507,61772,41237,82374,0.791,0.417,46.600771,-112.040285
Carroll Community College,Westminster,MD,Mid East,Public,2-year,Associate,,,1990,0.1517,0.4132,28671,8628,4308,10158,0.3871,11750,40447,44349,22917,70105,0.599,0.265,39.531805,-76.991113
Carroll University,Waukesha,WI,Great Lakes,Private nonprofit,4-year,Bachelor's,0.6684,1190,2523,0.2291,0.2716,79870,52639,38890,38890,0.707,27000,54456,58009,41980,79764,0.79,0.465,43.004527,-88.228114
Carson-Newman University,Jefferson City,TN,Southeast,Private nonprofit,4-year,Bachelor's,0.9045,1117,1387,0.3337,0.3466,47177,49024,34700,34700,0.5324,21500,39324,48382,30972,68441,0.706,0.444,36.122934,-83.491709
Carteret Community College,Morehead City,NC,Southeast,Public,2-year,Certificate,,,1172,0.3699,0.4783,17302,19621,2310,8222,0.4898,,31047,33357,16208,50992,0.49,,34.723681,-76.755538
Carthage College,Kenosha,WI,Great Lakes,Private nonprofit,4-year,Bachelor's,0.8706,1150,2660,0.271,0.2624,80809,50822,38750,38750,0.6426,26000,46116,56950,40368,80915,0.803,0.457,42.622969,-87.820924
Carver Career Center,Charleston,WV,Southeast,Public,2-year,Certificate,,,169,0.7358,0.599,20077,,,,0.9217,,28840,33739,15304,52184,0.397,,38.289708,-81.562988
Casa Loma College -  Aurora,Aurora,CO,Rocky Mountains,Private nonprofit,2-year,Not classified,,,,,0.5291,27326,,,,,26791,50197,49854,24231,76711,0.823,0.537,,
Casa Loma College - Nashville,Nashville,TN,Southeast,Private nonprofit,4-year,Not classified,,,,,0.5291,27326,,,,,26791,50197,49854,24231,76711,0.823,0.537,,
Casa Loma College-Los Angeles,Sherman Oaks,CA,Far West,Private nonprofit,4-year,Associate,0.4255,,758,0.4916,0.5291,27326,,,,0.7324,26791,50197,49854,24231,76711,0.823,0.537,34.155096,-118.466548
Casal Aveda Institute,Niles,OH,Great Lakes,Private for-profit,2-year,Certificate,,,102,0.5503,0.4975,26014,,,,0.625,7917,21659,22453,9534,39529,0.338,0.353,41.213305,-80.751433
Casal Institute of Nevada,Las Vegas,NV,Far West,Private for-profit,Less than 2-year,Certificate,,,271,0.5711,0.4369,21353,,,,0.7043,6333,25970,25293,10239,44540,,0.25,36.101143,-115.117387
Cascadia College,Bothell,WA,Far West,Public,4-year,Associate,,,1032,0.0859,0.3829,24826,21077,5157,11296,0.321,6368,44620,54133,29667,84819,0.752,0.118,47.760915,-122.191572
Case Western Reserve University,Cleveland,OH,Great Lakes,Private nonprofit,4-year,Bachelor's,0.3654,1513,6437,0.1752,0.1085,94000,85851,66608,66608,0.8717,24000,75613,87989,58275,121871,0.897,0.273,41.507419,-81.609596
Casper College,Casper,WY,Rocky Mountains,Public,2-year,Associate,,,2204,0.2391,0.3713,28161,15256,4470,10770,0.4307,9534,35716,40935,21340,63486,0.641,0.233,42.832788,-106.326712
Cass Career Center,Harrisonville,MO,Plains,Public,Less than 2-year,Certificate,1.0,,27,0.6,,24283,,,,1.0,,46168,52545,32063,76104,,,38.660248,-94.333774
Catawba College,Salisbury,NC,Southeast,Private nonprofit,4-year,Bachelor's,0.7521,1096,1235,0.41,0.2992,48930,49516,34300,34300,0.4729,25000,36912,48793,33908,66494,0.77,0.512,35.691443,-80.482751
Catawba Valley Community College,Hickory,NC,Southeast,Public,2-year,Associate,,,2741,0.2835,0.4953,22585,20446,2427,7803,0.3519,4938,32508,36977,21101,53434,0.533,0.134,35.699732,-81.28792
Cattaraugus Allegany BOCES-Practical Nursing Program,Olean,NY,Mid East,Public,Less than 2-year,Certificate,,,31,0.6522,0.5417,21686,,,,,,31660,39581,23047,53087,0.695,,42.093196,-78.405395
Cayce/Reilly School of Massage,Virginia Beach,VA,Southeast,Private nonprofit,Less than 2-year,Certificate,,,19,0.7105,,16524,,,,0.9,,21679,19338,7163,38587,,,36.892698,-75.990945
Cayuga County Community College,Auburn,NY,Mid East,Public,2-year,Associate,,,1187,0.1634,0.4369,28836,16709,7056,12336,0.3007,12000,34432,38709,20529,60073,0.578,0.31,42.943726,-76.542867
Cayuga Onondaga BOCES-Practical Nursing Program,Auburn,NY,Mid East,Public,Less than 2-year,Certificate,0.4286,,32,0.6667,,25405,38884,14085,14085,1.0,11426,37160,45439,24137,58495,,0.251,42.9419,-76.587981
Cecil College,North East,MD,Mid East,Public,2-year,Associate,,,1363,0.2683,0.533,28228,14700,5640,10830,0.3744,9536,39837,43952,24774,66812,0.591,0.217,39.642225,-75.955949
Cedar Crest College,Allentown,PA,Mid East,Private nonprofit,4-year,Bachelor's,0.8407,,834,0.4357,0.4337,39394,57206,46314,46314,0.6039,27000,48295,59460,36347,83649,0.77,0.454,40.586318,-75.519221
Cedarville University,Cedarville,OH,Great Lakes,Private nonprofit,4-year,Bachelor's,0.6529,1241,4024,0.1522,0.1266,78221,49320,37150,37150,0.7253,20937,47937,55443,36255,84481,0.75,0.378,39.749237,-83.814692
Celebrity Barber School,Monroe,LA,Southeast,Private for-profit,Less than 2-year,Certificate,,,20,1.0,,8344,,,,1.0,9500,,22002,12409,42799,,0.432,32.521718,-92.083641
Celebrity School of Beauty,Miami,FL,Southeast,Private for-profit,Less than 2-year,Certificate,,,855,0.6422,0.738,10196,,,,0.708,6333,16786,15626,8106,29234,,0.405,25.761658,-80.323333
Celebrity School of Beauty - Hialeah,Hialeah,FL,Southeast,Private for-profit,Less than 2-year,Not classified,,,,,0.738,10196,,,,,6333,16786,15626,8106,29234,,0.405,,
Celebrity Stylist Beauty School,Monroe,LA,Southeast,Private for-profit,Less than 2-year,Certificate,,,51,0.7313,,8344,,,,1.0,9500,,22002,12409,42799,,0.432,32.52121,-92.085347
Centenary College of Louisiana,Shreveport,LA,Southeast,Private nonprofit,4-year,Bachelor's,0.5574,1144,685,0.4484,0.2183,62373,60620,41200,41200,0.5621,27000,42821,50330,32109,69045,0.815,0.536,32.483335,-93.730834
Centenary University,Hackettstown,NJ,Mid East,Private nonprofit,4-year,Bachelor's,0.8308,,910,0.3828,0.3822,49039,52362,37732,37732,0.5605,23163,46049,53726,32641,76677,0.769,0.431,40.84764,-74.833644
Center for Advanced Legal Studies,Houston,TX,Southwest,Private for-profit,4-year,Certificate,,,271,0.4439,0.4866,21756,,,,0.6154,9500,43827,56561,31425,76899,0.709,0.168,29.75302,-95.558831
Center for Allied Health Education,Brooklyn,NY,Mid East,Private for-profit,2-year,Certificate,0.1852,,437,0.4098,0.4828,21326,,,,1.0,13626,74596,107249,62389,122350,,0.127,40.608783,-73.958977
Center for Massage,Asheville,NC,Southeast,Private for-profit,Less than 2-year,Certificate,,,51,0.2981,,15666,,,,0.9,6333,14564,19244,9445,38368,,0.329,35.593919,-82.55114
Centra College,Lynchburg,VA,Southeast,Private nonprofit,4-year,Associate,1.0,,219,0.467,0.5602,27508,,12983,12983,1.0,15250,60052,60122,34779,79560,0.815,0.254,37.4051,-79.174101
Central Alabama Community College,Alexander City,AL,Southeast,Public,2-year,Certificate,,,1203,0.3183,0.5497,22217,21413,5110,8980,0.3288,9766,30739,33506,18635,50656,0.561,0.291,32.92478,-85.945266
Central Arizona College,Coolidge,AZ,Southwest,Public,4-year,Certificate,,,4912,0.2957,0.4982,23660,10720,2250,4500,0.2709,10010,36057,40513,22583,59797,0.551,0.247,32.957092,-111.652501
Central Baptist College,Conway,AR,Southeast,Private nonprofit,4-year,Bachelor's,0.6346,1046,484,0.3982,0.3455,38278,30605,21330,21330,0.3411,22250,37681,46789,29462,65716,0.661,0.476,35.083838,-92.445021
Central California School of Continuing Education,San Luis Obispo,CA,Far West,Private for-profit,2-year,Certificate,,,41,0.5556,0.5922,21879,19463,9895,9895,0.8646,5150,32116,41223,20365,63398,0.668,0.125,35.262091,-120.64847
Central California School of Continuing Education -,Coalinga,CA,Far West,Private for-profit,2-year,Not classified,,,,,0.5922,21879,,9895,9895,,5150,32116,41223,20365,63398,0.668,0.125,,
Central Carolina Community College,Sanford,NC,Southeast,Public,2-year,Associate,,,3237,0.2569,0.4618,19822,14901,2711,8855,0.4293,,29774,33525,17814,48995,0.473,,35.471864,-79.143553
Central Carolina Technical College,Sumter,SC,Southeast,Public,2-year,Certificate,,,2163,0.4423,0.4624,18314,13774,5715,9016,0.3427,9977,28887,32603,18051,48220,0.49,0.306,33.933342,-80.37101
Central Christian College of Kansas,McPherson,KS,Plains,Private nonprofit,4-year,Bachelor's,0.5271,,380,0.524,0.4761,30263,33327,21000,21000,0.2697,27000,37685,44468,25841,67221,0.616,0.607,38.357978,-97.668597
Central Christian College of the Bible,Moberly,MO,Plains,Private nonprofit,4-year,Bachelor's,,,154,0.461,0.3125,36336,24748,12200,12200,0.2195,17500,30223,34675,21423,48802,0.562,0.505,39.395963,-92.427259
Central Coast College,Salinas,CA,Far West,Private for-profit,2-year,Certificate,,,569,0.5087,0.6567,19986,,,,0.6684,7476,38955,40823,26158,56676,0.618,0.183,36.706345,-121.652394
Central College,Pella,IA,Plains,Private nonprofit,4-year,Bachelor's,0.8617,1147,1070,0.2228,0.2148,81192,37773,20988,20988,0.6619,26984,49115,54317,38298,71084,0.832,0.497,41.401539,-92.922199
Central College of Cosmetology,Saint Robert,MO,Plains,Private for-profit,Less than 2-year,Certificate,,,61,0.3784,0.5244,16609,,,,0.6923,,13032,22821,12529,36491,0.353,,37.806945,-92.142861
Central Community College,Grand Island,NE,Plains,Public,2-year,Certificate,,,3353,0.1919,0.4932,31020,14128,3360,4800,0.4809,7992,36158,39429,24228,56430,0.587,0.203,40.889582,-98.372549
Central Connecticut State University,New Britain,CT,New England,Public,4-year,Bachelor's,0.7333,1080,7822,0.3836,0.3875,48269,24870,13050,16550,0.4844,22300,49016,58562,38465,89439,0.809,0.381,41.692502,-72.765991
Central Georgia Technical College,Warner Robins,GA,Southeast,Public,2-year,Certificate,,,6174,0.304,0.4825,16929,14577,3448,6016,0.4697,9608,29831,30848,15625,48547,0.402,0.311,32.545341,-83.66765
Central Lakes College-Brainerd,Brainerd,MN,Plains,Public,2-year,Associate,,,1614,0.1445,0.3172,30464,19543,6249,6249,0.532,11000,39389,42162,23264,61365,0.639,0.261,46.345969,-94.216495
Central Lakes College-Staples Campus,Staples,MN,Plains,Public,2-year,Not classified,,,,,0.3172,30464,,6249,6249,,11000,39389,42162,23264,61365,0.639,0.261,,
Central Louisiana Technical Community College,Alexandria,LA,Southeast,Public,2-year,Certificate,,,1078,0.6936,0.5611,17573,12172,4099,4099,0.6988,7000,29573,29558,15143,48180,,0.237,31.310461,-92.446693
Central Maine Community College,Auburn,ME,New England,Public,2-year,Associate,,,2952,0.3543,0.4682,23698,15063,4140,7020,0.3031,12000,31977,42448,26707,60852,0.664,0.283,44.134346,-70.235498
Central Methodist University-College of Graduate and Extended Studies,Fayette,MO,Plains,Private nonprofit,4-year,Bachelor's,0.8753,1120,2092,0.3188,0.4373,38484,22310,7440,7440,0.0,17619,43860,48991,34222,74400,0.769,0.36,39.150497,-92.685253
Central Methodist University-College of Liberal Arts and Sciences,Fayette,MO,Plains,Private nonprofit,4-year,Bachelor's,0.5687,1048,1040,0.4028,0.4373,38484,43635,28260,28260,0.5123,17619,43860,48991,34222,74400,0.769,0.36,39.150497,-92.685253
Central Michigan University,Mount Pleasant,MI,Great Lakes,Public,4-year,Bachelor's,0.8982,1091,10035,0.3143,0.2933,57838,30681,14760,14760,0.5872,27000,46567,55874,38496,78697,0.778,0.483,43.591203,-84.77525
Central New Mexico Community College,Albuquerque,NM,Southwest,Public,2-year,Certificate,,,15203,0.2676,0.4767,20121,11600,2060,8684,0.3117,6612,32460,36869,17982,56964,0.593,0.179,35.071878,-106.628861
Central Ohio Technical College,Newark,OH,Great Lakes,Public,4-year,Associate,,,1941,0.2699,0.5032,27213,14764,5256,8016,0.3026,12072,37165,39168,20554,59572,0.609,0.308,40.069314,-82.447441
Central Oklahoma College,Oklahoma City,OK,Southwest,Private for-profit,2-year,Certificate,,,477,0.6828,0.4597,16390,,,,0.5284,7883,22239,21213,9278,39276,0.231,0.372,35.621488,-97.560235
Central Oregon Community College,Bend,OR,Far West,Public,2-year,Associate,,,3789,0.2948,0.3937,25505,19753,5049,13545,0.2515,12000,34939,38940,19833,58866,0.61,0.308,44.071401,-121.348585
Central Penn College,Summerdale,PA,Mid East,Private for-profit,4-year,Certificate,0.1846,,662,0.4901,0.5059,28098,27116,19854,19854,0.5091,23194,40798,45370,27923,66481,0.681,0.511,40.3049,-76.934461
Central Pennsylvania Institute of Science and Technology,Pleasant Gap,PA,Mid East,Public,2-year,Certificate,0.962,,171,0.5581,0.5466,30664,,,,0.9459,9454,41196,41677,26284,54472,,0.227,40.882168,-77.740923
Central Piedmont Community College,Charlotte,NC,Southeast,Public,2-year,Associate,,,15067,0.291,0.4086,19740,10546,2792,8936,0.3091,7925,32138,37865,19054,56787,0.535,0.209,35.217774,-80.829796
Central School of Practical Nursing,Independence,OH,Great Lakes,Private nonprofit,Less than 2-year,Certificate,,,97,0.5,0.5324,18477,,,,0.2881,9500,47061,50672,29478,70938,0.743,0.187,41.397093,-81.656988
Central School of Practical Nursing,Norfolk,VA,Southeast,Public,Less than 2-year,Certificate,,,24,0.425,,15882,,,,0.7647,,47274,59399,31654,75973,,,36.869309,-76.210274
Central State University,Wilberforce,OH,Great Lakes,Public,4-year,Bachelor's,0.9861,,2620,0.527,0.4004,22476,21929,8058,10058,0.2281,30739,27173,33267,15373,50519,0.483,0.924,39.715787,-83.880186
Central Susquehanna Intermediate Unit LPN Career,Milton,PA,Mid East,Public,Less than 2-year,Certificate,0.6667,,98,0.5847,0.4762,27498,,,,0.5862,12034,45328,49686,36713,63584,0.842,0.242,40.970401,-76.850178
Central Technology Center,Drumright,OK,Southwest,Public,Less than 2-year,Certificate,,,533,0.0546,0.5252,19549,,,,0.8517,,31051,36351,22685,58342,0.522,,35.994261,-96.585322
Central Texas Beauty College-Round Rock,Round Rock,TX,Southwest,Private for-profit,Less than 2-year,Certificate,,,122,0.8893,0.5221,12395,,,,0.7407,,21470,23338,11450,41321,0.305,,30.520723,-97.685077
Central Texas Beauty College-Temple,Temple,TX,Southwest,Private for-profit,Less than 2-year,Certificate,,,32,0.7725,0.5221,12395,,,,0.5781,,21470,23338,11450,41321,0.305,,31.084871,-97.379234
Central Texas College,Killeen,TX,Southwest,Public,2-year,Associate,,,6247,0.3707,0.4613,24912,13822,3750,7500,0.1148,6750,39534,40995,22375,62217,0.592,0.165,31.120516,-97.810827
Central Virginia Community College,Lynchburg,VA,Southeast,Public,2-year,Certificate,,,2249,0.3639,0.4324,22173,12829,5157,11595,0.4458,8625,31969,36627,20812,53563,0.544,0.235,37.358809,-79.184238
Central Washington University,Ellensburg,WA,Far West,Public,4-year,Bachelor's,0.9062,,7833,0.2828,0.4004,42459,28816,9417,27526,0.5361,19500,49398,61580,38275,84664,0.789,0.317,47.002687,-120.538368
Central Wyoming College,Riverton,WY,Rocky Mountains,Public,4-year,Associate,,,1054,0.1883,0.4462,26622,16891,4800,11100,0.3744,8361,30833,34402,17164,50531,0.501,0.243,43.030556,-108.426738
Central Yeshiva Tomchei Tmimim Lubavitz,Brooklyn,NY,Mid East,Private nonprofit,4-year,Bachelor's,0.8743,,863,0.6395,0.2708,36140,29697,8400,8400,0.0513,,21104,35023,16177,67210,0.418,,40.669694,-73.938778
Centralia College,Centralia,WA,Far West,Public,4-year,Associate,,,1552,0.2724,0.4661,16369,19910,5266,5651,0.4172,,35989,43140,23949,66160,0.567,,46.715017,-122.960591
Centre College,Danville,KY,Southeast,Private nonprofit,4-year,Bachelor's,0.5436,1352,1400,0.2264,0.2026,84856,67787,52820,52820,0.8067,27000,50073,66240,45965,98933,0.826,0.408,37.645709,-84.779392
Centura College-Chesapeake,Chesapeake,VA,Southeast,Private for-profit,4-year,Certificate,,,0,0.125,0.5207,14317,,16637,16637,0.7143,14750,26077,25930,12508,39679,0.46,0.569,36.837648,-76.064499
Centura College-Newport News,Newport News,VA,Southeast,Private for-profit,Less than 2-year,Certificate,,,203,0.6,0.5207,14317,31642,16637,16637,0.75,14750,26077,25930,12508,39679,0.46,0.569,37.140484,-76.517328
Centura College-Norfolk,Norfolk,VA,Southeast,Private for-profit,2-year,Certificate,,,163,0.5544,0.5207,14317,36328,16637,16637,0.7273,14750,26077,25930,12508,39679,0.46,0.569,36.908434,-76.232569
Century College,White Bear Lake,MN,Plains,Public,2-year,Certificate,,,6280,0.3121,0.3444,29622,15983,6214,6214,0.312,14250,41959,46424,27253,66302,0.718,0.307,45.041823,-92.982105
Century College,San Juan,PR,Outlying Areas,Private for-profit,Less than 2-year,Certificate,,,678,1.0,0.4188,0,12575,9100,9100,0.9,,14962,19462,8635,33659,0.233,,18.40919,-66.06559
Cerritos College,Norwalk,CA,Far West,Public,4-year,Certificate,,,18870,0.3629,0.5993,19002,10236,1364,12004,0.3051,8447,32581,41156,21330,62798,0.612,0.205,33.886874,-118.097337
Cerro Coso Community College,Ridgecrest,CA,Far West,Public,2-year,Associate,,,3171,0.1547,0.5129,13834,25300,1384,11254,0.2468,,29462,34963,15774,56453,0.513,,35.567525,-117.66767
Chabot College,Hayward,CA,Far West,Public,2-year,Certificate,,,11392,0.2102,0.5554,19292,17456,1150,8686,0.4687,9500,40674,48143,21585,74815,0.627,0.197,37.642458,-122.105636
Chadron State College,Chadron,NE,Plains,Public,4-year,Bachelor's,,,1540,0.3759,0.3934,44642,21132,8290,8290,0.5041,18875,39139,47002,30481,65068,0.73,0.402,42.8199,-103.001615
Chaffey College,Rancho Cucamonga,CA,Far West,Public,2-year,Associate,,,18132,0.2879,0.5578,18960,14451,1184,11120,0.3602,,33265,42975,21044,66788,0.574,,34.147663,-117.573932
Chamberlain University-Arizona,Phoenix,AZ,Southwest,Private for-profit,4-year,Bachelor's,0.9091,,693,0.4685,0.4731,46046,45594,20785,20785,0.5,20919,84533,92405,66826,120947,0.819,0.226,33.670583,-112.100547
Chamberlain University-California,Rancho Cordova,CA,Far West,Private for-profit,4-year,Bachelor's,0.8,,751,0.3343,0.4731,46046,37232,21271,21271,,20919,84533,92405,66826,120947,0.819,0.226,38.596193,-121.278258
Chamberlain University-Florida,Jacksonville,FL,Southeast,Private for-profit,4-year,Bachelor's,0.9091,,821,0.5423,0.4731,46046,37182,19975,19975,0.3333,20919,84533,92405,66826,120947,0.819,0.226,30.243517,-81.586421
Chamberlain University-Georgia,Sandy Springs,GA,Southeast,Private for-profit,4-year,Bachelor's,0.9143,,1940,0.5157,0.4731,46046,38272,20515,20515,0.5,20919,84533,92405,66826,120947,0.819,0.226,33.911943,-84.351949
Chamberlain University-Illinois,Addison,IL,Great Lakes,Private for-profit,4-year,Bachelor's,0.8264,,14027,0.3328,0.4731,46046,40826,21536,21536,0.4167,20919,84533,92405,66826,120947,0.819,0.226,41.949727,-88.038558
Chamberlain University-Indiana,Indianapolis,IN,Great Lakes,Private for-profit,4-year,Bachelor's,1.0,,144,0.5537,0.4731,46046,28094,19975,19975,0.0,20919,84533,92405,66826,120947,0.819,0.226,39.91916,-86.111061
Chamberlain University-Louisiana,Jefferson,LA,Southeast,Private for-profit,4-year,Bachelor's,1.0,,622,0.3985,0.4731,46046,38480,19975,19975,,20919,84533,92405,66826,120947,0.819,0.226,29.962307,-90.152655
Chamberlain University-Michigan,Troy,MI,Great Lakes,Private for-profit,4-year,Bachelor's,0.8571,,629,0.4992,0.4731,46046,33910,20785,20785,1.0,20919,84533,92405,66826,120947,0.819,0.226,42.557063,-83.150571
Chamberlain University-Missouri,St. Louis,MO,Plains,Private for-profit,4-year,Bachelor's,1.0,,284,0.5488,0.4731,46046,38999,19975,19975,1.0,20919,84533,92405,66826,120947,0.819,0.226,38.701907,-90.436283
Chamberlain University-Nevada,Las Vegas,NV,Far West,Private for-profit,4-year,Bachelor's,0.7647,,652,0.4852,0.4731,46046,33051,19975,19975,0.2,20919,84533,92405,66826,120947,0.819,0.226,36.185176,-115.313525
Chamberlain University-New Jersey,North Brunswick,NJ,Mid East,Private for-profit,4-year,Bachelor's,1.0,,1226,0.3868,0.4731,46046,38904,20785,20785,0.3333,20919,84533,92405,66826,120947,0.819,0.226,40.465934,-74.438877
Chamberlain University-North Carolina,Charlotte,NC,Southeast,Private for-profit,4-year,Bachelor's,1.0,,202,0.4352,0.4731,46046,42634,20785,20785,,20919,84533,92405,66826,120947,0.819,0.226,35.13766,-80.931971
Chamberlain University-Ohio,Columbus,OH,Great Lakes,Private for-profit,4-year,Bachelor's,0.875,,257,0.5,0.4731,46046,42634,19975,19975,0.2857,20919,84533,92405,66826,120947,0.819,0.226,40.054055,-82.912163
Chamberlain University-Texas,Houston,TX,Southwest,Private for-profit,4-year,Bachelor's,0.8387,,2270,0.5373,0.4731,46046,38480,20380,20380,0.25,20919,84533,92405,66826,120947,0.819,0.226,29.838386,-95.560414
Chamberlain University-Virginia,Vienna,VA,Southeast,Private for-profit,4-year,Bachelor's,0.9,,557,0.4444,0.4731,46046,45594,20785,20785,1.0,20919,84533,92405,66826,120947,0.819,0.226,38.910459,-77.220505
Chaminade University of Honolulu,Honolulu,HI,Far West,Private nonprofit,4-year,Bachelor's,0.9143,1060,1672,0.4133,0.4234,27932,45798,30874,30874,0.554,23250,48660,52343,32180,73655,0.734,0.444,21.28995,-157.807851
Champlain College,Burlington,VT,New England,Private nonprofit,4-year,Bachelor's,0.8292,1312,2752,0.2502,0.3172,58876,65009,47850,47850,0.6523,26814,48844,58386,33909,89444,0.772,0.459,44.473287,-73.202746
Chandler-Gilbert Community College,Chandler,AZ,Southwest,Public,4-year,Certificate,,,5051,0.1098,0.4305,28924,17845,2358,8958,0.2978,7000,42763,51111,30948,76663,0.714,0.137,33.293897,-111.795922
Chapman University,Orange,CA,Far West,Private nonprofit,4-year,Bachelor's,0.6543,1357,7478,0.1939,0.1788,79694,83146,64984,64984,0.8188,20500,58080,70070,42691,100753,0.805,0.293,33.79302,-117.852518
Charles A Jones Career and Education Center,Sacramento,CA,Far West,Public,Less than 2-year,Certificate,,,91,0.4789,0.6047,14942,,,,0.6526,5512,38231,41047,17887,62184,0.513,0.134,38.516233,-121.440796
Charles R Drew University of Medicine and Science,Los Angeles,CA,Far West,Private nonprofit,4-year,Bachelor's,0.3874,,282,0.5359,0.4771,23200,39834,23000,23000,0.2963,18750,60939,83438,46338,133748,0.771,0.225,33.925658,-118.242791
Charles and Sues School of Hair Design,Bryan,TX,Southwest,Private for-profit,Less than 2-year,Certificate,,,69,0.5437,0.623,19826,,,,0.931,9500,23552,27724,13507,38117,0.215,0.343,30.6528,-96.340102
Charles of Italy Beauty College,Lake Havasu City,AZ,Southwest,Private for-profit,Less than 2-year,Certificate,,,76,0.6207,0.4923,14913,,,,0.74,7388,16810,26269,11507,36718,0.21,0.281,34.477485,-114.332686
Charleston Cosmetology Institute,Charleston,SC,Southeast,Private for-profit,Less than 2-year,Certificate,,,100,0.4754,0.5785,17640,,,,0.5472,5655,24879,25812,,42416,0.397,0.219,32.91777,-80.111988
Charleston School of Beauty Culture,Charleston,WV,Southeast,Private for-profit,2-year,Certificate,,,46,0.6316,0.6116,11120,,,,0.7027,6128,17000,17827,7741,30400,0.265,0.344,38.317676,-81.578638
Charleston Southern University,Charleston,SC,Southeast,Private nonprofit,4-year,Bachelor's,0.9646,1059,2893,0.3449,0.3072,40996,44558,32520,32520,0.4724,26471,40606,45898,29949,65834,0.709,0.577,32.983047,-80.072587
Charlie's Guard-Detective Bureau and Academy Inc,Aguadilla,PR,Outlying Areas,Private for-profit,Less than 2-year,Certificate,,,57,0.9747,0.8167,0,,,,1.0,,17108,21241,10043,35758,,,18.469662,-67.153612
Charlotte Christian College and Theological Seminary,Charlotte,NC,Southeast,Private nonprofit,4-year,Associate,,,24,0.6667,,21102,,12858,12858,,18000,41684,33696,,52862,,0.534,35.159664,-80.737194
Charlotte Technical College,Port Charlotte,FL,Southeast,Public,Less than 2-year,Certificate,,,298,0.3348,0.4909,18431,13272,3110,12110,0.5124,,31469,36349,20088,50964,0.524,,27.005558,-82.147238
Charter College,Anchorage,AK,Far West,Private for-profit,4-year,Certificate,,,2157,0.574,0.554,18566,41344,18375,18375,0.5606,14176,35427,35504,17972,50705,0.691,0.399,61.19633,-149.839274
Charter Oak State College,New Britain,CT,New England,Public,4-year,Bachelor's,,,1821,0.4403,0.5453,35792,23210,8506,8506,0.6667,18683,53779,64209,36661,90195,0.729,0.291,41.666848,-72.781239
Chatham University,Pittsburgh,PA,Mid East,Private nonprofit,4-year,Bachelor's,0.6196,1198,1232,0.2183,0.2969,56204,61261,44626,44626,0.6306,23250,48709,52410,32348,80486,0.66,0.444,40.448432,-79.926083
Chattahoochee Technical College,Marietta,GA,Southeast,Public,2-year,Certificate,,,8727,0.3404,0.4185,18905,12532,3540,6108,0.3827,,31998,37138,18614,56819,0.553,,33.929092,-84.553722
Chattahoochee Valley Community College,Phenix City,AL,Southeast,Public,2-year,Associate,,,1110,0.4025,0.4303,20813,12600,5100,8970,0.3605,10500,32196,36438,20404,52873,0.533,0.288,32.42391,-85.031485
Chattanooga College Medical Dental and & Technical Careers,Chattanooga,TN,Southeast,Private for-profit,4-year,Certificate,,,252,0.8078,0.539,16463,37746,12709,12709,0.12,7891,28876,25954,13312,39348,0.464,0.304,35.13314,-85.238131
Chattanooga State Community College,Chattanooga,TN,Southeast,Public,2-year,Associate,,,5284,0.3569,0.4603,23324,13348,4772,17756,0.2593,10419,33711,37598,19870,56331,0.568,0.277,35.100202,-85.237389
Cheeks Beauty Academy,Loveland,CO,Rocky Mountains,Private for-profit,Less than 2-year,Certificate,,,46,0.5577,0.3889,13139,,,,0.7222,7000,22467,25459,11374,37998,0.278,0.275,40.445169,-105.078334
Cheeks Beauty Academy,Cheyenne,WY,Rocky Mountains,Private for-profit,Less than 2-year,Certificate,,,47,0.6491,0.3889,13139,,,,0.7143,7000,22467,25459,11374,37998,0.278,0.275,41.134123,-104.816751
Chemeketa Community College,Salem,OR,Far West,Public,4-year,Associate,,,6610,0.3692,0.488,25182,16151,6345,14040,0.2134,12822,35771,40968,22362,61579,0.61,0.313,44.978655,-122.978076
Chesapeake College,Wye Mills,MD,Mid East,Public,2-year,Associate,,,1320,0.2288,0.5364,19913,10751,4274,8768,0.3503,,35022,36301,19100,56196,0.547,,38.952193,-76.083668
Chester Career College,CHESTER,VA,Southeast,Private for-profit,2-year,Certificate,,,79,0.5426,0.4497,14342,,,,0.6296,19879,27575,32650,18060,46176,0.585,0.609,37.348882,-77.374112
Chester County Intermediate Unit,Downingtown,PA,Mid East,Public,Less than 2-year,Certificate,0.5833,,82,0.5965,0.6339,29428,,,,0.8571,18075,51810,60347,38376,76563,0.707,0.3,40.005793,-75.679627
Chestnut Hill College,Philadelphia,PA,Mid East,Private nonprofit,4-year,Bachelor's,0.7446,,815,0.5208,0.444,32670,58168,39870,39870,0.4878,26389,45221,52015,33460,71296,0.772,0.507,40.08678,-75.228742
Cheyney University of Pennsylvania,Cheyney,PA,Mid East,Public,4-year,Bachelor's,,,617,0.6602,0.4469,25393,26782,10904,18870,0.4059,21785,28568,37837,18673,54800,0.568,0.576,39.932274,-75.529262
Chicago State University,Chicago,IL,Great Lakes,Public,4-year,Bachelor's,0.4326,,1384,0.5786,0.4202,15134,29764,12754,12754,0.1549,30625,33805,42778,21510,64024,0.661,0.716,41.718446,-87.609384
Chief Dull Knife College,Lame Deer,MT,Rocky Mountains,Public,2-year,Associate,,,183,0.3306,0.473,6953,17734,1960,1960,0.0,,18636,20073,5388,42721,0.353,,45.625568,-106.664593
Chipola College,Marianna,FL,Southeast,Public,4-year,Certificate,,,1312,0.2676,0.5084,21653,9262,3120,8950,0.5313,,32129,37378,21069,54848,0.583,,30.789228,-85.23139
Chippewa Valley Technical College,Eau Claire,WI,Great Lakes,Public,2-year,Certificate,,,4272,0.1743,0.3917,33827,16986,4844,7087,0.5,11432,43630,46297,30302,66156,0.676,0.247,44.794867,-91.505675
Chisholm Trail Technology Center,Omega,OK,Southwest,Public,Less than 2-year,Certificate,,,34,0.0773,,19043,,,,0.7059,,29000,27170,14847,43620,,,35.84221,-98.20184
Choffin Career  and Technical Center,Youngstown,OH,Great Lakes,Public,Less than 2-year,Certificate,1.0,,50,0.8194,0.5398,21857,23858,14415,14415,0.9423,5500,34559,34654,20720,50889,0.592,0.159,41.100847,-80.644393
Chowan University,Murfreesboro,NC,Southeast,Private nonprofit,4-year,Bachelor's,0.6879,,603,0.5658,0.3704,25410,39027,27910,27910,0.2995,29491,30096,38412,21699,55097,0.676,0.768,36.436258,-77.099141
Chris Beauty College,Gulfport,MS,Southeast,Private for-profit,Less than 2-year,Certificate,,,73,0.4817,0.4412,11548,,,,0.881,,14489,18468,7439,31274,0.276,,30.382294,-89.077391
Christian Brothers University,Memphis,TN,Southeast,Private nonprofit,4-year,Bachelor's,0.867,1098,905,0.3098,0.3588,40225,48038,38420,38420,0.5471,27000,48592,57478,34312,80059,0.772,0.47,35.127437,-89.983241
Christopher Newport University,Newport News,VA,Southeast,Public,4-year,Bachelor's,0.8604,1180,4365,0.1613,0.181,97520,33766,16828,31178,0.7164,25000,51931,60509,41512,85473,0.817,0.413,37.062495,-76.494364
Cincinnati College of Mortuary Science,Cincinnati,OH,Great Lakes,Private nonprofit,4-year,Bachelor's,,,107,0.2621,,36901,,,,,15000,50028,55695,37575,72965,0.752,0.269,39.206578,-84.505604
Cincinnati School of Medical Massage,Cincinnati,OH,Great Lakes,Private for-profit,Less than 2-year,Not classified,,,,,0.5437,17212,,18122,18122,,13432,26489,31071,16224,46507,,0.432,,
Cincinnati State Technical and Community College,Cincinnati,OH,Great Lakes,Public,4-year,Certificate,,,5667,0.2969,0.4643,23172,12229,5517,10044,0.1633,14715,35314,40137,21530,60507,0.59,0.367,39.149915,-84.536936
Cinta Aveda Institute,San Francisco,CA,Far West,Private for-profit,Less than 2-year,Certificate,,,117,0.4477,0.4243,19806,,,,0.617,6333,23292,34937,16297,56749,,0.181,37.790935,-122.404307
Cinta Aveda Institute - San Jose,San Jose,CA,Far West,Private for-profit,Less than 2-year,Not classified,,,,,0.4243,19806,,,,,6333,23292,34937,16297,56749,,0.181,,
Circle in the Square Theatre School,New York,NY,Mid East,Private nonprofit,2-year,Certificate,0.08,,39,0.1,,52093,41990,25610,25610,1.0,,,39899,28381,75133,,,40.762059,-73.984607
Cisco College,Cisco,TX,Southwest,Public,2-year,Certificate,,,1620,0.2582,0.4436,26671,17469,4710,7140,0.2981,9500,34134,39092,20411,58874,0.605,0.243,32.401132,-98.985206
Citadel Military College of South Carolina,Charleston,SC,Southeast,Public,4-year,Bachelor's,0.2272,1208,2705,0.198,0.1882,70469,33880,12570,38508,0.75,21096,60168,72085,48175,94558,0.85,0.293,32.797183,-79.958775
Citizens School of Nursing,Tarentum,PA,Mid East,Private nonprofit,2-year,Certificate,0.8333,,152,0.4155,0.3768,36353,,,,0.6,15250,65501,69939,51103,86193,0.873,0.218,40.573248,-79.798934
Citrus College,Glendora,CA,Far West,Public,2-year,Certificate,,,8286,0.2988,0.5376,18678,13699,1204,10636,0.4105,7851,34753,42065,21333,66016,0.567,0.187,34.13537,-117.886469
City College Montana State University Billings,Billings,MT,Rocky Mountains,Public,2-year,Not classified,,,,,0.3845,34882,,4897,10823,,18209,39531,44296,25006,65133,0.669,0.411,,
City College of San Francisco,San Francisco,CA,Far West,Public,2-year,Certificate,,,17348,0.167,0.5503,13954,16870,1696,14656,0.4013,8218,34896,45805,18346,77127,0.631,0.179,37.725953,-122.451155
City Colleges of Chicago-Harold Washington College,Chicago,IL,Great Lakes,Public,2-year,Associate,,,4207,0.3557,0.5487,18168,14726,4590,15150,0.261,5750,29483,36531,16263,56444,0.5,0.157,41.886067,-87.626596
City Colleges of Chicago-Harry S Truman College,Chicago,IL,Great Lakes,Public,2-year,Certificate,,,2505,0.1901,0.5098,15204,15063,4590,15150,0.3182,6997,30439,36484,15519,59731,0.544,0.192,41.964502,-87.659107
City Colleges of Chicago-Kennedy-King College,Chicago,IL,Great Lakes,Public,2-year,Certificate,,,1777,0.3824,0.4984,11938,16256,4590,15150,0.3139,6180,22119,28467,12826,47277,0.452,0.217,41.780253,-87.643425
City Colleges of Chicago-Malcolm X College,Chicago,IL,Great Lakes,Public,2-year,Certificate,,,6409,0.4185,0.5631,16011,14355,4590,15150,0.1765,8375,26891,32427,14291,51427,0.47,0.258,41.878092,-87.675321
City Colleges of Chicago-Olive-Harvey College,Chicago,IL,Great Lakes,Public,2-year,Certificate,,,1661,0.3331,0.4694,13886,16126,4590,15150,0.2124,7646,23378,31114,13338,48302,0.474,0.246,41.709997,-87.589249
City Colleges of Chicago-Richard J Daley College,Chicago,IL,Great Lakes,Public,2-year,Certificate,,,2789,0.1916,0.6125,20264,14086,4590,15150,0.2736,4500,31509,37962,18639,58076,0.558,0.119,41.755955,-87.723981
City Colleges of Chicago-Wilbur Wright College,Chicago,IL,Great Lakes,Public,2-year,Associate,,,4372,0.2601,0.573,21884,13762,4590,15150,0.3092,6500,33808,41625,21879,64232,0.626,0.156,41.958774,-87.787868
City University of Seattle,Seattle,WA,Far West,Private nonprofit,4-year,Bachelor's,,,1137,0.107,0.4093,32049,,,,,25000,56195,69460,45546,96256,0.793,0.36,47.617381,-122.344594
City Vision University,Kansas City,MO,Plains,Private nonprofit,4-year,Certificate,,,257,0.6777,0.4848,6591,15536,6600,6600,0.0,,40650,21123,8610,,,,39.101164,-94.569475
Clackamas Community College,Oregon City,OR,Far West,Public,2-year,Associate,,,4963,0.247,0.4563,25150,11085,6345,14265,0.2299,11992,37557,42886,22456,64430,0.622,0.28,45.323185,-122.574272
Claflin University,Orangeburg,SC,Southeast,Private nonprofit,4-year,Bachelor's,0.6493,,1706,0.7349,0.3236,25694,33530,18282,18282,0.516,29000,29227,40304,25171,55829,0.573,0.72,33.498444,-80.854319
Claremont Graduate University,Claremont,CA,Far West,Private nonprofit,4-year,Graduate,,,,,,35864,,,,,,,64372,50657,94099,0.844,,34.103585,-117.713703
Claremont McKenna College,Claremont,CA,Far West,Private nonprofit,4-year,Bachelor's,0.0959,1527,1388,0.181,,71150,86500,67980,67980,0.9136,13500,87603,104736,66067,182223,0.898,0.129,34.102154,-117.711188
Clarendon College,Clarendon,TX,Southwest,Public,2-year,Associate,,,1520,0.2107,0.4385,22143,14589,3720,5400,0.4061,11000,30902,38696,20749,58486,0.583,0.284,34.944558,-100.902421
Clark Atlanta University,Atlanta,GA,Southeast,Private nonprofit,4-year,Bachelor's,0.6422,,3603,0.7047,0.3225,28746,43676,28310,28310,0.4902,27000,28097,42712,22235,62609,0.671,0.632,33.747628,-84.412584
Clark College,Vancouver,WA,Far West,Public,4-year,Associate,,,4945,0.2406,0.4246,21343,19668,5233,11183,0.3895,10881,37411,42356,21977,64676,0.648,0.257,45.636133,-122.651257
Clark State College,Springfield,OH,Great Lakes,Public,4-year,Certificate,,,3456,0.3825,0.5275,22130,16812,4393,8049,0.2176,14490,32341,39584,20697,57400,0.538,0.366,39.896411,-83.799788
Clark University,Worcester,MA,New England,Private nonprofit,4-year,Bachelor's,0.3954,1370,2214,0.2313,0.163,77506,68432,58867,58867,0.7694,26759,49022,62381,44684,89149,0.796,0.429,42.249987,-71.823356
Clarke University,Dubuque,IA,Plains,Private nonprofit,4-year,Bachelor's,0.7183,1054,742,0.3673,0.2935,66479,55782,40910,40910,0.5612,26717,49157,55396,41376,75443,0.783,0.482,42.509475,-90.690487
Clarksburg Beauty Academy and School of Massage Therapy,Clarksburg,WV,Southeast,Private for-profit,2-year,Certificate,,,47,0.6489,0.6782,6409,,,,0.7333,6415,18521,16306,9791,26734,0.287,0.393,39.279875,-80.339054
Clarkson College,Omaha,NE,Plains,Private nonprofit,4-year,Bachelor's,0.7818,,622,0.4013,0.3333,45418,24670,16104,16104,0.4667,23716,62339,64876,46975,87488,0.868,0.366,41.259165,-95.974847
Clarkson University,Potsdam,NY,Mid East,Private nonprofit,4-year,Bachelor's,0.7736,1304,2196,0.2157,0.1529,90321,79022,59398,59398,0.7491,26000,76970,89696,62112,112758,0.91,0.29,44.662716,-74.999359
Clarkson University Capital Region Campus,Latham,NY,Mid East,Private nonprofit,4-year,Not classified,,,,,0.1529,90321,,,,,26000,76970,89696,62112,112758,0.91,0.29,,
Clary Sage College,Tulsa,OK,Southwest,Private nonprofit,2-year,Certificate,,,415,0.6467,0.5436,17680,,,,0.7995,8898,26891,28954,14023,42320,0.396,0.307,36.117058,-95.903835
Clatsop Community College,Astoria,OR,Far West,Public,2-year,Associate,,,493,0.3875,0.5269,20285,18567,5110,9610,0.2921,11602,36067,39477,20654,64269,0.539,0.294,46.183107,-123.823339
Clayton  State University,Morrow,GA,Southeast,Public,4-year,Bachelor's,0.6845,958,4348,0.5217,0.3792,24211,17415,5180,16532,0.3986,25706,41633,49179,27996,74456,0.708,0.523,33.594079,-84.328174
Clear Creek Baptist Bible College,Pineville,KY,Southeast,Private nonprofit,4-year,Bachelor's,,,159,0.4485,,29081,21040,10720,10720,0.3846,,35559,41623,26378,67737,0.521,,36.725236,-83.727702
Clearfield County Career and Technology Center,Clearfield,PA,Mid East,Public,Less than 2-year,Certificate,,,31,0.4906,0.6316,31372,,,,0.7857,8750,40754,41559,23007,55158,,0.211,41.030572,-78.418679
Cleary University,Howell,MI,Great Lakes,Private nonprofit,4-year,Bachelor's,0.6754,,738,0.2988,0.4229,46774,39718,26102,26102,0.4146,19500,55077,54186,32488,84853,0.784,0.36,42.586638,-83.879987
Clemson University,Clemson,SC,Southeast,Public,4-year,Bachelor's,0.3834,1353,23300,0.1475,0.1725,78377,35015,15554,40866,0.8656,21500,58311,71513,46322,100350,0.86,0.301,34.679381,-82.835114
Cleveland Community College,Shelby,NC,Southeast,Public,2-year,Certificate,,,1097,0.5206,0.4859,17997,5565,2602,8746,0.3152,,30126,33755,18172,49874,0.486,,35.279833,-81.492856
Cleveland Institute of Art,Cleveland,OH,Great Lakes,Private nonprofit,4-year,Bachelor's,0.6135,1193,539,0.4223,0.2671,53314,64587,49400,49400,0.5771,27000,33148,42509,27642,62028,0.667,0.635,41.510435,-81.602416
Cleveland Institute of Medical Massage,Middleburg Heights,OH,Great Lakes,Private for-profit,Less than 2-year,Not classified,,,,,0.5437,17212,,18122,18122,,13432,26489,31071,16224,46507,,0.432,,
Cleveland Institute of Music,Cleveland,OH,Great Lakes,Private nonprofit,4-year,Bachelor's,0.4731,,159,0.1371,,93006,61212,52880,52880,0.7213,24968,20170,32641,,62372,0.636,0.765,41.512444,-81.608878
Cleveland State Community College,Cleveland,TN,Southeast,Public,2-year,Associate,,,1975,0.2719,0.5135,24692,14834,4762,17746,0.3675,7954,33359,36671,19319,54778,0.558,0.217,35.200103,-84.879284
Cleveland State University,Cleveland,OH,Great Lakes,Public,4-year,Bachelor's,0.913,,8969,0.4051,0.3838,33556,27159,12988,18510,0.5057,21797,44625,52131,33018,74241,0.747,0.418,41.502281,-81.674355
Cleveland University-Kansas City,Overland Park,KS,Plains,Private nonprofit,4-year,Bachelor's,0.6923,,95,0.5349,,18219,40764,14400,14400,1.0,12500,,52304,26568,74953,0.67,0.239,38.932019,-94.679076
Clinton College,Rock Hill,SC,Southeast,Private nonprofit,4-year,Bachelor's,,,126,0.7677,0.3962,16926,25015,11136,11136,0.1405,28987,24047,30180,13759,46093,0.333,0.96,34.913721,-81.043469
Clinton Community College,Plattsburgh,NY,Mid East,Public,2-year,Associate,,,400,0.2322,0.4622,28685,16318,6831,6831,0.3736,13250,35186,39246,24109,56462,0.614,0.338,44.64841,-73.439739
Cloud County Community College,Concordia,KS,Plains,Public,2-year,Certificate,,,762,0.2068,0.4028,28976,17584,3540,4500,0.5534,8000,34705,39883,23817,59067,0.602,0.201,39.554199,-97.664147
Clover Park Technical College,Lakewood,WA,Far West,Public,4-year,Certificate,,,2636,0.1813,0.4595,19169,18882,6634,6634,0.4275,12112,36840,41787,20959,64109,0.611,0.29,47.176084,-122.497873
Clovis Adult Education,Clovis,CA,Far West,Public,Less than 2-year,Certificate,,,226,0.0883,0.6034,16392,,,,0.6778,,42777,50098,29416,68443,0.638,,36.834459,-119.690369
Clovis Community College,Clovis,NM,Southwest,Public,2-year,Certificate,,,1309,0.3007,0.513,22014,10043,1592,3344,0.3438,7250,30567,34020,19442,52953,0.504,0.213,34.402483,-103.165886
Cloyd's Barber School 2 Inc,Monroe,LA,Southeast,Private for-profit,Less than 2-year,Certificate,,,35,0.8125,,4413,,,,0.5714,,,23220,10871,39855,,,32.485377,-92.090159
Cloyd's Beauty School 1 Inc,West Monroe,LA,Southeast,Private for-profit,Less than 2-year,Certificate,,,48,0.7105,0.5556,12425,,,,0.5833,,,18603,8692,30435,,,32.499976,-92.126506
Cloyd's Beauty School 3 Inc,Monroe,LA,Southeast,Private for-profit,Less than 2-year,Certificate,,,93,0.6471,0.5714,12364,,,,0.6279,,15565,15105,5102,30047,,,32.533231,-92.080603
Coahoma Community College,Clarksdale,MS,Southeast,Public,2-year,Certificate,,,1144,0.5697,0.4231,14422,9444,3490,3490,0.4101,,21521,24289,12590,39288,0.377,,34.254417,-90.568469
Coalinga College,Coalinga,CA,Far West,Public,2-year,Certificate,,,2522,0.1991,0.637,21911,19272,1384,10954,0.4308,6750,33449,37633,18375,62067,0.519,0.179,36.147891,-120.356747
Coastal Alabama Community College,Bay Minette,AL,Southeast,Public,2-year,Certificate,,,4798,0.3567,0.4351,24150,20605,5040,8910,0.3133,11000,30808,34894,18526,54820,0.579,0.315,30.851343,-87.778193
Coastal Bend College,Beeville,TX,Southwest,Public,2-year,Associate,,,1958,0.2624,0.5,21471,12875,2916,5226,0.2514,,29547,35086,19040,55422,0.523,,28.435194,-97.755896
Coastal Carolina Community College,Jacksonville,NC,Southeast,Public,2-year,Associate,,,2724,0.3231,0.449,23042,16793,2512,8656,0.4936,,35192,36444,19043,54243,0.529,,34.771687,-77.384785
Coastal Carolina University,Conway,SC,Southeast,Public,4-year,Bachelor's,0.7527,1143,10377,0.2624,0.2656,55786,26692,11640,29628,0.4846,23750,38070,47258,30885,67776,0.729,0.503,33.794995,-79.011767
Coastal Pines Technical College,Waycross,GA,Southeast,Public,2-year,Certificate,,,1648,0.2809,0.5185,16769,10649,3268,5836,0.4828,,29888,30214,15311,47201,0.486,,31.212781,-82.3821
Coastline Beauty College,Fountain Valley,CA,Far West,Private for-profit,Less than 2-year,Certificate,,,203,0.5352,0.7188,3263,,,,0.8718,,9113,11585,5122,25039,,,33.728821,-117.921471
Coastline Beauty College - Hemet,Hemet,CA,Far West,Private for-profit,Less than 2-year,Not classified,,,,,0.7188,3263,,,,,,9113,11585,5122,25039,,,,
Coastline Community College,Fountain Valley,CA,Far West,Public,2-year,Associate,,,7393,0.092,0.5549,18682,24290,1364,11612,0.3377,8250,42638,44483,16849,70803,0.581,0.185,33.716054,-117.928979
Coba Academy,Anaheim,CA,Far West,Private for-profit,Less than 2-year,Certificate,,,109,0.6632,0.4655,15879,,,,0.7636,6333,17269,21208,12347,43414,0.407,0.299,33.841141,-117.943108
Cochise County Community College District,Sierra Vista,AZ,Southwest,Public,4-year,Associate,,,3096,0.3815,0.4862,20864,14342,2280,6120,0.3044,6750,33836,38033,21259,56203,0.574,0.177,31.564597,-110.246946
Cochran School of Nursing,Yonkers,NY,Mid East,Private nonprofit,2-year,Associate,,,117,0.4474,0.4167,33102,,,,,19625,78092,99503,62053,125096,0.958,0.197,40.969116,-73.885705
Coconino Community College,Flagstaff,AZ,Southwest,Public,2-year,Certificate,,,2426,0.1257,0.4093,26785,19844,2907,9987,0.2429,10250,37040,40420,21175,61028,0.575,0.254,35.171328,-111.645631
Coe College,Cedar Rapids,IA,Plains,Private nonprofit,4-year,Bachelor's,0.6404,1223,1164,0.3584,0.2352,73952,67372,54666,54666,0.659,27000,47136,57125,40127,80381,0.846,0.473,41.988263,-91.658192
Coffeyville Community College,Coffeyville,KS,Plains,Public,2-year,Certificate,,,850,0.327,0.4339,27976,11863,3600,4680,0.3795,8103,30267,35246,19276,53374,0.571,0.23,37.033814,-95.621374
Coffeyville Community College - EMS Building,Coffeyville,KS,Plains,Public,Less than 2-year,Not classified,,,,,0.4339,27976,,,,,8103,30267,35246,19276,53374,0.571,0.23,,
Coffeyville Technical Campus,Coffeyville,KS,Plains,Public,Less than 2-year,Not classified,,,,,0.4339,27976,,3600,4680,,8103,30267,35246,19276,53374,0.571,0.23,,
Coker University,Hartsville,SC,Southeast,Private nonprofit,4-year,Bachelor's,0.9396,,840,0.257,0.3762,31522,45805,33416,33416,0.3953,26000,36650,40117,23027,56329,0.636,0.648,34.37696,-80.070416
Colby College,Waterville,ME,New England,Private nonprofit,4-year,Bachelor's,0.0709,1501,2407,0.1432,0.109,94859,85420,69600,69600,0.8879,19157,60052,80490,58383,134924,0.873,0.238,44.564211,-69.66337
Colby Community College,Colby,KS,Plains,Public,2-year,Certificate,,,838,0.2211,0.4033,31976,13160,4140,5830,0.5526,8908,38878,41889,25672,58805,0.652,0.213,39.377601,-101.052744
Colby-Sawyer College,New London,NH,New England,Private nonprofit,4-year,Bachelor's,0.8008,,771,0.2278,0.2414,80006,38527,19125,19125,0.5745,27000,37935,46474,36418,65186,0.813,0.581,43.411663,-71.975805
Colegio Educativo Tecnologico Industrial Inc,Arecibo,PR,Outlying Areas,Private nonprofit,Less than 2-year,Certificate,,,76,0.9348,0.546,0,,,,0.2308,,18077,19432,11493,33431,,,18.471007,-66.714906
Colegio Mayor de Tecnologia Inc,Arroyo,PR,Outlying Areas,Private for-profit,Less than 2-year,Certificate,,,56,0.9817,0.578,0,,,,0.787,,19882,24591,12611,43778,0.233,,17.971111,-66.060409
Colegio Tecnico de Electricidad Galloza,Aguada,PR,Outlying Areas,Private for-profit,Less than 2-year,Certificate,,,7,0.8906,,8980,,,,0.9643,,,22859,12383,34387,,,18.354438,-67.176343
Colegio Universitario de San Juan,San Juan,PR,Outlying Areas,Public,4-year,Associate,0.7538,,491,0.7694,0.4523,2460,6024,2580,2580,0.3226,,22675,26510,14638,41946,0.455,,18.428528,-66.066529
Colegio de Cinematografia Artes y Television,Bayamon,PR,Outlying Areas,Private for-profit,2-year,Associate,,,556,0.8448,0.3457,6756,8846,7796,7796,0.4745,,18950,25707,12496,41129,0.325,,18.399507,-66.155509
Colgate University,Hamilton,NY,Mid East,Private nonprofit,4-year,Bachelor's,0.1388,1508,3180,0.1252,0.1808,76732,87070,70306,70306,0.9117,15000,64949,85139,56075,139443,0.885,0.176,42.819475,-75.536346
Collectiv Academy,Sandy,UT,Rocky Mountains,Private for-profit,Less than 2-year,Certificate,,,70,0.4688,,15000,,,,0.9074,10540,24491,29334,7354,39869,,0.359,40.56441,-111.851661
Collectiv Hair Dressing Academy-Collectiv Academy-Dallas,Dallas,TX,Southwest,Private for-profit,Less than 2-year,Certificate,,,319,0.6196,,15000,,,,,10540,24491,29334,7354,39869,,0.359,32.963087,-96.790828
College for Creative Studies,Detroit,MI,Great Lakes,Private nonprofit,4-year,Bachelor's,0.9194,,1230,0.3002,0.2284,61518,66014,53350,53350,0.7061,26000,33691,44860,22591,75526,0.671,0.58,42.361839,-83.062352
College of Alameda,Alameda,CA,Far West,Public,2-year,Associate,,,4487,0.1047,0.5613,14595,18185,1258,9898,0.3333,,34535,42563,17757,69921,0.607,,37.781017,-122.279303
College of Biblical Studies-Houston,Houston,TX,Southwest,Private nonprofit,4-year,Bachelor's,,,419,0.3817,0.5089,24970,11523,9350,9350,0.4,25570,33366,39260,21510,60248,0.716,0.651,29.716676,-95.506559
College of Business and Technology,Hialeah,FL,Southeast,Private for-profit,2-year,Certificate,,,547,0.7911,0.5826,8968,17988,14030,14030,0.9552,8550,35733,29534,14433,47973,0.466,0.289,25.867003,-80.302213
College of Business and Technology,Miami,FL,Southeast,Private for-profit,2-year,Certificate,,,508,0.9181,0.5826,8968,24550,14030,14030,0.9338,8550,35733,29534,14433,47973,0.466,0.289,25.769052,-80.329161
College of Business and Technology,Cutler Bay,FL,Southeast,Private for-profit,2-year,Certificate,,,326,0.8206,0.5826,8968,24770,14030,14030,0.8824,8550,35733,29534,14433,47973,0.466,0.289,25.590468,-80.356565
College of Central Florida,Ocala,FL,Southeast,Public,4-year,Certificate,,,5033,0.4054,0.4877,21993,18424,2710,10517,0.4446,13000,33267,38203,21603,56432,0.62,0.34,29.166079,-82.175692
College of Charleston,Charleston,SC,Southeast,Public,4-year,Bachelor's,0.6003,1247,10558,0.1883,0.2006,58643,32362,12978,38296,0.6583,23250,43821,56416,35817,81379,0.755,0.412,32.784225,-79.939794
College of Coastal Georgia,Brunswick,GA,Southeast,Public,4-year,Associate,0.9813,1000,2979,0.4047,0.3783,29123,21924,3616,10936,0.2559,15039,35382,39318,19732,59937,0.56,0.382,31.181983,-81.486169
College of Court Reporting Inc,Valparaiso,IN,Great Lakes,Private for-profit,2-year,Associate,,,175,0.445,0.4654,27431,43083,10080,10080,0.0,,41363,43927,27253,59109,0.634,,41.467574,-87.066331
College of DuPage,Glen Ellyn,IL,Great Lakes,Public,2-year,Associate,,,16114,0.2014,0.4261,28618,15554,4560,12750,0.252,10410,38925,46909,24422,71464,0.66,0.222,41.841577,-88.071635
College of Eastern Idaho,Idaho Falls,ID,Rocky Mountains,Public,4-year,Associate,,,1478,0.3501,0.4095,25579,13947,3390,6750,0.3874,12000,37934,42057,26439,65592,0.513,0.285,43.486041,-111.985519
College of Hair Design Careers,Salem,OR,Far West,Private for-profit,2-year,Certificate,,,58,0.4299,0.5098,16399,,,,0.7424,10750,29780,23915,11702,43351,0.264,0.45,44.949897,-122.981554
College of Hair Design-Downtown,Lincoln,NE,Plains,Private for-profit,2-year,Certificate,,,53,0.6762,0.4444,24999,,,,0.8302,12000,24991,28376,13715,41876,0.373,0.423,40.811084,-96.705169
College of Health Care Professions,Houston,TX,Southwest,Private for-profit,2-year,Certificate,,,631,0.729,0.5601,19726,,,,0.75,9500,31970,33070,17182,48092,0.563,0.287,29.678462,-95.420012
College of Health Care Professions-Garland,Garland,TX,Southwest,Private for-profit,2-year,Associate,,,,,0.6067,18699,,,,,9120,34375,38922,23111,52350,0.539,0.234,,
College of Lake County,Grayslake,IL,Great Lakes,Public,2-year,Certificate,,,9420,0.2415,0.5203,26170,12694,4788,14400,0.3735,8735,36407,43424,25444,65365,0.619,0.201,42.354164,-88.012291
College of Marin,Kentfield,CA,Far West,Public,2-year,Associate,,,4042,0.165,0.4636,15491,21015,1558,9334,0.3929,10062,35698,42654,15769,72201,0.631,0.236,37.951918,-122.548758
College of Menominee Nation,Keshena,WI,Great Lakes,Private nonprofit,4-year,Associate,,,258,0.6347,0.55,14468,16144,6200,6200,0.3171,,25934,25853,9137,42823,0.407,,44.859044,-88.625628
College of Micronesia-FSM,Pohnpei,FM,Outlying Areas,Public,4-year,Associate,0.8707,,1729,0.7925,0.4718,0,10445,5050,5050,0.3408,,21711,24651,14199,40756,0.249,,6.909759,158.158189
College of Our Lady of the Elms,Chicopee,MA,New England,Private nonprofit,4-year,Bachelor's,0.8526,,949,0.4509,0.3517,35491,54027,43325,43325,0.6809,25000,54087,51540,31411,72563,0.778,0.485,42.141781,-72.60154
College of Saint Benedict,Saint Joseph,MN,Plains,Private nonprofit,4-year,Bachelor's,0.9152,1151,1370,0.1986,0.2141,86620,68453,55756,55756,0.7712,26944,54567,63260,47705,85878,0.884,0.426,45.561792,-94.319888
College of Saint Mary,Omaha,NE,Plains,Private nonprofit,4-year,Bachelor's,0.4465,1150,445,0.388,0.26,37527,35971,24510,24510,0.605,24250,59339,54338,36095,77863,0.775,0.446,41.240028,-96.021425
College of San Mateo,San Mateo,CA,Far West,Public,2-year,Associate,,,7977,0.1089,0.5095,20282,10837,1332,11384,0.6081,14695,43803,54172,26816,93903,0.663,0.271,37.535698,-122.334801
College of Southern Idaho,Twin Falls,ID,Rocky Mountains,Public,4-year,Associate,,,3810,0.1765,0.4159,30300,12803,3360,6840,0.3316,8000,35642,40916,23099,60906,0.564,0.196,42.579837,-114.473901
College of Southern Maryland,La Plata,MD,Mid East,Public,2-year,Certificate,,,4512,0.2586,0.4512,29723,13681,4200,10050,0.3304,8500,37269,44435,23525,70743,0.682,0.191,38.55895,-77.009245
College of Southern Nevada,Las Vegas,NV,Far West,Public,4-year,Associate,,,27252,0.2966,0.5102,22219,13665,4358,13024,0.1914,8000,31822,38087,18739,59935,0.615,0.21,36.158114,-115.233099
College of Staten Island CUNY,Staten Island,NY,Mid East,Public,4-year,Bachelor's,0.9234,1040,9657,0.4959,0.4673,23634,14795,7490,15440,0.3393,14350,36931,53501,28588,84344,0.699,0.268,40.601831,-74.14849
College of Wilmington,Wilmington,NC,Southeast,Private for-profit,Less than 2-year,Certificate,,,132,0.5212,0.4764,8736,,,,0.15,9423,23178,19235,10191,37516,,0.49,34.21396,-77.906111
College of the Albemarle,Elizabeth City,NC,Southeast,Public,2-year,Associate,,,2001,0.1731,0.4526,18320,13621,2242,7652,0.3478,,29939,33234,17302,48725,0.435,,36.324885,-76.219765
College of the Atlantic,Bar Harbor,ME,New England,Private nonprofit,4-year,Bachelor's,0.7017,1370,353,0.2806,,57786,58266,47997,47997,0.6829,25050,,40264,27366,65816,0.486,0.622,44.395258,-68.221517
College of the Canyons,Santa Clarita,CA,Far West,Public,4-year,Associate,,,15832,0.1848,0.5146,21409,11360,1166,10958,0.4479,9612,37697,49022,25065,76659,0.683,0.196,34.403993,-118.568698
College of the Desert,Palm Desert,CA,Far West,Public,2-year,Certificate,,,10207,0.3789,0.6213,19994,24607,1326,10174,0.3114,,31085,39020,20036,58937,0.594,,33.732108,-116.388271
College of the Holy Cross,Worcester,MA,New England,Private nonprofit,4-year,Bachelor's,0.1761,1353,3106,0.148,0.1663,106778,80334,64500,64500,0.8733,27000,69984,90543,65874,134575,0.931,0.298,42.23752,-71.808214
College of the Mainland,Texas City,TX,Southwest,Public,4-year,Associate,,,3368,0.2711,0.4649,22108,8357,2310,4140,0.3118,5960,36164,39639,19771,63360,0.562,0.15,29.39581,-94.999602
College of the Ozarks,Point Lookout,MO,Plains,Private nonprofit,4-year,Bachelor's,0.1199,1118,1444,0.4919,0.3266,37573,33734,22320,22320,0.6369,,36507,41592,29292,58758,0.699,,36.616019,-93.238174
College of the Redwoods,Eureka,CA,Far West,Public,2-year,Associate,,,3829,0.3775,0.4695,12590,15504,1198,8854,0.3394,8080,31896,36243,16260,56698,0.526,0.223,40.698427,-124.195293
College of the Sequoias,Visalia,CA,Far West,Public,2-year,Certificate,,,11562,0.3539,0.5737,19124,9145,1394,9038,0.3896,4500,31439,39092,20220,60883,0.525,0.115,36.323877,-119.315182
College of the Siskiyous,Weed,CA,Far West,Public,2-year,Associate,,,1190,0.3182,0.446,18710,17725,1444,9394,0.3307,10750,34686,39098,17456,64002,0.521,0.275,41.413005,-122.38909
Collin County Community College District,McKinney,TX,Southwest,Public,4-year,Associate,,,26449,0.1622,0.4099,27292,15237,2014,6064,0.2034,7500,38984,48701,26534,72591,0.681,0.154,33.16241,-96.63894
Collins Career Technical Center,Chesapeake,OH,Great Lakes,Public,2-year,Certificate,,,454,0.7147,0.5605,21878,,,,0.5536,13887,38610,47329,32965,66183,0.592,0.293,38.491898,-82.473516
Colorado Christian University,Lakewood,CO,Rocky Mountains,Private nonprofit,4-year,Bachelor's,,,5549,0.3747,0.4485,29376,54242,41342,41342,0.6441,28312,41623,50416,30894,78791,0.705,0.562,39.71388,-105.09456
Colorado College,Colorado Springs,CO,Rocky Mountains,Private nonprofit,4-year,Bachelor's,0.1847,1365,2014,0.1445,0.1757,74864,86921,70734,70734,0.8766,18257,47611,65222,39898,98182,0.744,0.28,38.84886,-104.822697
Colorado Media School,Denver,CO,Rocky Mountains,Private for-profit,Less than 2-year,Certificate,,,38,0.5283,0.424,16766,,,,0.7143,9500,28853,37423,19551,52877,0.597,0.254,39.637456,-104.898784
Colorado Mesa University,Grand Junction,CO,Rocky Mountains,Public,4-year,Certificate,0.8203,1055,8143,0.2809,0.3938,44794,24046,9927,25124,0.4061,22000,39223,45823,26727,67577,0.679,0.48,39.080643,-108.553275
Colorado Mountain College,Glenwood Springs,CO,Rocky Mountains,Public,4-year,Certificate,,,2816,0.1234,0.3748,30750,14799,2616,12840,0.2737,9000,36307,44127,25082,68139,0.605,0.204,39.54636,-107.324441
Colorado Northwestern Community College,Rangely,CO,Rocky Mountains,Public,4-year,Certificate,,,504,0.1441,0.4589,35548,20923,4594,7304,0.3354,12000,39760,43526,19844,68360,0.656,0.276,40.081112,-108.790048
Colorado School of Healing Arts,Lakewood,CO,Rocky Mountains,Private for-profit,Less than 2-year,Certificate,,,52,0.4667,,24967,,11764,11764,1.0,7600,25606,33444,15440,53452,0.567,0.227,39.697033,-105.082406
Colorado School of Mines,Golden,CO,Rocky Mountains,Public,4-year,Bachelor's,0.6069,1412,6155,0.1357,0.1545,95766,40560,21914,45824,0.8171,23000,82950,97335,69672,130454,0.917,0.236,39.751443,-105.223364
Colorado School of Trades,Lakewood,CO,Rocky Mountains,Private for-profit,2-year,Associate,0.9091,,85,0.2778,0.3161,22376,,,,0.8085,20000,44718,51591,31637,72220,0.693,0.388,39.74181,-105.104174
Colorado State University Global,Denver,CO,Rocky Mountains,Public,4-year,Bachelor's,0.984,,6563,0.2727,0.448,38728,21201,9000,9000,,25000,65131,76813,51128,113979,,0.325,39.745405,-104.989255
Colorado State University Pueblo,Pueblo,CO,Rocky Mountains,Public,4-year,Bachelor's,0.949,1120,3042,0.2857,0.4087,38397,23937,9720,17944,0.3973,21500,43053,55563,34654,84507,0.697,0.387,38.30859,-104.579033
Colorado State University-Fort Collins,Fort Collins,CO,Rocky Mountains,Public,4-year,Bachelor's,0.8854,,25538,0.2109,0.2421,63464,31642,13373,34783,0.6651,20000,49748,60543,40471,88212,0.8,0.33,40.574805,-105.080732
Colorado Technical University-Colorado Springs,Colorado Springs,CO,Rocky Mountains,Private for-profit,4-year,Bachelor's,,,28086,0.616,0.5459,14688,23744,12750,12750,0.1878,29832,30406,37180,18869,57737,0.779,0.802,38.895069,-104.85716
Columbia Basin College,Pasco,WA,Far West,Public,4-year,Associate,,,4640,0.2572,0.5006,24700,18261,6555,8668,0.333,14829,38255,46680,26950,68836,0.673,0.318,46.25216,-119.12103
Columbia College,Columbia,MO,Plains,Private nonprofit,4-year,Bachelor's,,,4950,0.4465,0.4856,25623,37207,25826,25826,0.4219,23879,40747,45378,26967,67837,0.733,0.526,38.957388,-92.326354
Columbia College,Columbia,SC,Southeast,Private nonprofit,4-year,Bachelor's,0.9393,,1343,0.5398,0.4139,34742,35258,22214,22214,0.3688,22750,45863,41338,26337,55228,0.691,0.55,34.045581,-81.029967
Columbia College,Vienna,VA,Southeast,Private for-profit,2-year,Certificate,,,151,0.341,0.6549,3102,,,,0.8,7940,23950,22160,11114,43603,,0.358,38.928425,-77.249152
Columbia College,Sonora,CA,Far West,Public,2-year,Associate,,,1984,0.2837,0.5341,13865,19870,1282,9264,0.2653,,32510,39035,17705,58863,0.496,,38.030367,-120.388385
Columbia College - Denver,Aurora,CO,Rocky Mountains,Private nonprofit,4-year,Not classified,,,,,0.4856,25623,,8256,8256,,23879,40747,45378,26967,67837,0.733,0.526,,
Columbia College - Elgin,Elgin,IL,Great Lakes,Private nonprofit,4-year,Not classified,,,,,0.4856,25623,,8256,8256,,23879,40747,45378,26967,67837,0.733,0.526,,
Columbia College - Fort Leonard Wood,Fort Leonard Wood,MO,Plains,Private nonprofit,4-year,Not classified,,,,,0.4856,25623,,8256,8256,,23879,40747,45378,26967,67837,0.733,0.526,,
Columbia College - Fort Sill,Fort Sill,OK,Southwest,Private nonprofit,4-year,Not classified,,,,,0.4856,25623,,8256,8256,,23879,40747,45378,26967,67837,0.733,0.526,,
Columbia College - Fort Stewart,Ft. Stewart,GA,Southeast,Private nonprofit,4-year,Not classified,,,,,0.4856,25623,,8256,8256,,23879,40747,45378,26967,67837,0.733,0.526,,
Columbia College - Fort Worth,Fort Worth,TX,Southwest,Private nonprofit,4-year,Not classified,,,,,0.4856,25623,,8256,8256,,23879,40747,45378,26967,67837,0.733,0.526,,
Columbia College - Hunter Army Airfield,Hunter Army Airfield,GA,Southeast,Private nonprofit,4-year,Not classified,,,,,0.4856,25623,,8256,8256,,23879,40747,45378,26967,67837,0.733,0.526,,
Columbia College - Lake Ozark,Osage Beach,MO,Plains,Private nonprofit,4-year,Not classified,,,,,0.4856,25623,,8256,8256,,23879,40747,45378,26967,67837,0.733,0.526,,
Columbia College - NAS Jacksonville,Jacksonville,FL,Southeast,Private nonprofit,4-year,Not classified,,,,,0.4856,25623,,8256,8256,,23879,40747,45378,26967,67837,0.733,0.526,,
Columbia College - Naval Station Everett/Marysville,Marysville,WA,Far West,Private nonprofit,4-year,Not classified,,,,,0.4856,25623,,8256,8256,,23879,40747,45378,26967,67837,0.733,0.526,,
Columbia College - Redstone Arsenal,Redstone Arsenal,AL,Southeast,Private nonprofit,4-year,Not classified,,,,,0.4856,25623,,8256,8256,,23879,40747,45378,26967,67837,0.733,0.526,,
Columbia College - San Diego,San Diego,CA,Far West,Private nonprofit,4-year,Not classified,,,,,0.4856,25623,,8256,8256,,23879,40747,45378,26967,67837,0.733,0.526,,
Columbia College - Whidbey Island,Oak Harbor,WA,Far West,Private nonprofit,4-year,Not classified,,,,,0.4856,25623,,8256,8256,,23879,40747,45378,26967,67837,0.733,0.526,,
Columbia College - Whiteman AFB,Whiteman AFB,MO,Plains,Private nonprofit,4-year,Not classified,,,,,0.4856,25623,,8256,8256,,23879,40747,45378,26967,67837,0.733,0.526,,
Columbia College Chicago,Chicago,IL,Great Lakes,Private nonprofit,4-year,Bachelor's,0.8946,,5368,0.4596,0.2495,49117,51889,34088,34088,0.5155,25000,32596,42195,20974,65271,0.638,0.592,41.874261,-87.624667
Columbia Gorge Community College,The Dalles,OR,Far West,Public,2-year,Associate,,,543,0.2921,0.5621,23489,18608,5940,10260,0.2875,19397,37252,44440,28133,72449,,0.436,45.590724,-121.190197
Columbia International University,Columbia,SC,Southeast,Private nonprofit,4-year,Bachelor's,0.9447,,716,0.3417,0.2414,49960,43045,27900,27900,0.4679,20000,33929,38951,21349,59327,0.573,0.513,34.07551,-81.07443
Columbia Southern University,Orange Beach,AL,Southeast,Private for-profit,4-year,Bachelor's,,,12176,0.2419,0.5352,35183,18226,6760,6760,0.3328,21339,55140,63534,38559,93506,,0.336,30.329288,-87.653162
Columbia State Community College,Columbia,TN,Southeast,Public,2-year,Associate,,,3897,0.2978,0.4403,26796,13179,5296,18112,0.2963,8500,35400,40256,22723,59308,0.621,0.211,35.616757,-87.101917
Columbia University in the City of New York,New York,NY,Mid East,Private nonprofit,4-year,Bachelor's,0.0399,1553,8973,0.2271,0.2505,31310,89472,71845,71845,0.961,21500,88535,102491,62687,162279,0.884,0.21,40.808286,-73.961885
Columbia-Greene Community College,Hudson,NY,Mid East,Public,2-year,Associate,,,876,0.2642,0.4362,27153,14261,6048,11448,0.4628,12000,35538,44441,24740,62589,0.691,0.27,42.217613,-73.818113
Columbiana County Career and Technical Center,Lisbon,OH,Great Lakes,Public,Less than 2-year,Certificate,,,144,0.6488,0.5126,16344,,,,0.75,12109,35221,33552,18267,50574,0.478,0.361,40.768063,-80.747828
Columbus College of Art & Design,Columbus,OH,Great Lakes,Private nonprofit,4-year,Bachelor's,0.6766,,882,0.3919,0.2456,58108,54443,40825,40825,0.556,27000,30590,40664,21400,64027,0.619,0.664,39.966074,-82.989479
Columbus School of Medical Massage,Dublin,OH,Great Lakes,Private for-profit,Less than 2-year,Not classified,,,,,0.5437,17212,,18122,18122,,13432,26489,31071,16224,46507,,0.432,,
Columbus State Community College,Columbus,OH,Great Lakes,Public,4-year,Certificate,,,17549,0.2596,0.4379,25752,13381,5488,11224,0.2806,8749,36895,39435,19965,58491,0.62,0.222,39.96887,-82.98766
Columbus State University,Columbus,GA,Southeast,Public,4-year,Bachelor's,0.9912,977,5625,0.4464,0.3295,32788,21676,5898,17610,0.4176,26000,39190,44544,27521,62748,0.668,0.584,32.50096,-84.94106
Columbus Technical Campus,Columbus,KS,Plains,Public,Less than 2-year,Not classified,,,,,0.4339,27976,,3600,4680,,8103,30267,35246,19276,53374,0.571,0.23,,
Columbus Technical College,Columbus,GA,Southeast,Public,2-year,Certificate,,,2719,0.5737,0.4165,17754,13144,4052,7262,0.2674,8756,28884,34238,18245,49911,0.507,0.256,32.508076,-84.978551
Commonwealth Institute of Funeral Service,Houston,TX,Southwest,Private nonprofit,2-year,Associate,0.8642,1110,254,0.4058,0.4574,24573,45244,15313,15313,0.5455,9500,44813,37786,22222,61258,0.639,0.251,29.989545,-95.430153
Commonwealth Technical Institute,Johnstown,PA,Mid East,Private nonprofit,2-year,Certificate,,,129,0.553,0.4138,5696,20876,7714,7714,0.8571,,20040,21632,9930,35042,0.176,,40.301691,-78.947004
Commonwealth University of Pennsylvania,Bloomsburg,PA,Mid East,Public,4-year,Bachelor's,0.9309,1090,9210,0.3179,0.3399,65570,25161,11046,22870,0.5448,26000,44053,52416,35693,72563,0.804,0.496,41.00782,-76.447844
Commonwealth of Puerto Rico Department of Education-PRAMI,Fajardo,PR,Outlying Areas,Public,2-year,Certificate,,,79,0.0,0.4221,6228,,4100,4100,0.4348,,22824,26293,14236,40523,0.36,,18.300193,-65.6476
Community Care College,Tulsa,OK,Southwest,Private nonprofit,2-year,Certificate,,,493,0.5136,0.5436,17680,,,,0.6653,8898,26891,28954,14023,42320,0.396,0.307,36.101615,-95.905178
Community Christian College,Quartzsite,AZ,Southwest,Private nonprofit,2-year,Associate,,,424,0.9019,,22923,27218,9675,9675,0.1304,,,39217,21167,56667,,,34.068664,-117.217101
Community College of Allegheny County,Pittsburgh,PA,Mid East,Public,2-year,Associate,,,9544,0.3226,0.4063,24004,19716,4842,12583,0.2422,12680,33940,39449,20865,58783,0.615,0.321,40.450908,-80.018453
Community College of Aurora,Aurora,CO,Rocky Mountains,Public,4-year,Associate,,,3250,0.1608,0.5112,25239,17275,4470,17070,0.3346,10500,38842,44592,23335,66759,0.63,0.235,39.71788,-104.802673
Community College of Baltimore County,Baltimore,MD,Mid East,Public,2-year,Associate,,,13872,0.3427,0.4655,23498,15781,4432,11010,0.1894,11528,36507,43729,23632,66286,0.643,0.264,39.352647,-76.48211
Community College of Beaver County,Monaca,PA,Mid East,Public,2-year,Associate,,,1247,0.2781,0.4003,30724,12556,7500,20700,0.1243,14923,38184,45090,27222,71536,0.667,0.331,40.655601,-80.305876
Community College of Denver,Denver,CO,Rocky Mountains,Public,4-year,Associate,,,5096,0.3072,0.4941,20562,19550,4902,17136,0.1997,12495,36412,39095,17100,60321,0.593,0.32,39.741413,-105.001044
Community College of Philadelphia,Philadelphia,PA,Mid East,Public,2-year,Associate,,,11948,0.5715,0.5541,17328,19172,4632,12744,0.2444,10750,31173,40852,20601,61228,0.606,0.263,39.962458,-75.165604
Community College of Rhode Island,Warwick,RI,New England,Public,2-year,Associate,,,11171,0.4665,0.5347,22267,12725,5550,14834,0.2615,10920,33476,42659,22183,66610,0.586,0.256,41.712817,-71.481509
Community College of Vermont,Montpelier,VT,New England,Public,2-year,Associate,,,2841,0.295,0.5074,23004,21123,6920,13640,0.1963,10491,37362,36234,17441,56454,0.552,0.29,44.280811,-72.573774
Compass Career College,Hammond,LA,Southeast,Private for-profit,Less than 2-year,Certificate,,,194,0.8247,0.6332,15242,,,,0.5942,7917,21109,21175,11865,34060,,0.374,30.476327,-90.479356
Compton College,Compton,CA,Far West,Public,2-year,Associate,,,3142,0.2682,,,20447,1142,8822,0.2681,,28922,34181,15189,55557,,,33.878226,-118.209463
Compu-Med Vocational Careers - Dallas,Dallas,TX,Southwest,Private for-profit,2-year,Not classified,,,,,0.6027,0,,,,,,21973,22226,12270,34371,0.228,,,
Compu-Med Vocational Careers Corp,Hialeah,FL,Southeast,Private for-profit,4-year,Certificate,,,169,0.8683,0.6027,0,,,,0.808,,21973,22226,12270,34371,0.228,,25.848446,-80.306915
Compu-Med Vocational Careers Corp,Miami,FL,Southeast,Private for-profit,4-year,Not classified,,,,,0.6027,0,,,,,,21973,22226,12270,34371,0.228,,,
Conception Seminary College,Conception,MO,Plains,Private nonprofit,4-year,Bachelor's,0.3182,,40,0.1951,,46370,42698,26206,26206,0.5,,33606,50430,36254,63401,,,40.24044,-94.682831
Concord University,Athens,WV,Southeast,Public,4-year,Bachelor's,0.9256,977,1504,0.4952,0.4765,33025,20434,10664,22000,0.3897,18900,33094,42703,26282,57358,0.629,0.443,37.423723,-81.006696
Concorde Career College-Aurora,Aurora,CO,Rocky Mountains,Private for-profit,4-year,Certificate,0.9046,,256,0.6008,0.5263,21907,,,,0.636,9500,40181,42456,23978,64451,0.59,0.224,39.718699,-104.867089
Concorde Career College-Broadway,Kansas City,MO,Plains,Private for-profit,Less than 2-year,Certificate,1.0,,26,0.7527,0.5298,17899,,,,0.6803,9500,33845,35242,19813,50192,0.516,0.27,39.068021,-94.589739
Concorde Career College-Dallas,Dallas,TX,Southwest,Private for-profit,2-year,Certificate,0.9045,,194,0.7508,0.5263,21907,,,,0.601,9500,40181,42456,23978,64451,0.59,0.224,32.91856,-96.741711
Concorde Career College-Garden Grove,Garden Grove,CA,Far West,Private for-profit,2-year,Certificate,0.9742,,214,0.6597,0.4635,19948,,,,0.8444,13000,42232,45711,28015,69578,0.713,0.284,33.774741,-117.938395
Concorde Career College-Grand Prairie,Grand Prairie,TX,Southwest,Private for-profit,2-year,Certificate,1.0,,268,0.7653,0.5238,18267,,,,0.5475,9500,37023,40648,22747,61439,0.649,0.234,32.675369,-97.05498
Concorde Career College-Kansas City,Kansas City,MO,Plains,Private for-profit,4-year,Certificate,0.9633,,198,0.6817,0.5298,17899,,,,0.5286,9500,33845,35242,19813,50192,0.516,0.27,38.936103,-94.602584
Concorde Career College-Memphis,Memphis,TN,Southeast,Private for-profit,2-year,Certificate,0.9506,,517,0.8187,0.5304,13615,,,,0.5532,9500,30765,31599,16825,45927,0.433,0.301,35.112892,-89.891723
Concorde Career College-North Hollywood,North Hollywood,CA,Far West,Private for-profit,2-year,Certificate,1.0,,158,0.6836,0.5497,17874,,,,0.7824,9500,41796,50552,28273,76284,0.709,0.188,34.186407,-118.403627
Concorde Career College-Portland,Portland,OR,Far West,Private for-profit,2-year,Certificate,,,,,0.5304,13615,,,,,9500,30765,31599,16825,45927,0.433,0.301,,
Concorde Career College-San Antonio,San Antonio,TX,Southwest,Private for-profit,2-year,Certificate,0.9518,,195,0.6888,0.5298,17899,,,,0.6903,9500,33845,35242,19813,50192,0.516,0.27,29.49003,-98.582351
Concorde Career College-San Bernardino,San Bernardino,CA,Far West,Private for-profit,2-year,Certificate,0.9834,,222,0.781,0.5862,17215,,,,0.7562,9500,36222,39993,21890,63222,0.559,0.238,34.066823,-117.283995
Concorde Career College-San Diego,San Diego,CA,Far West,Private for-profit,2-year,Certificate,1.0,,147,0.7021,0.4737,18600,,,,0.7616,9500,39255,39169,19751,58887,0.557,0.243,32.702814,-117.102845
Concorde Career College-Southaven,Southaven,MS,Southeast,Private for-profit,2-year,Certificate,1.0,,115,0.8838,0.5304,13615,,,,0.654,9500,30765,31599,16825,45927,0.433,0.301,34.976181,-89.988876
Concorde Career Institute-Jacksonville,Jacksonville,FL,Southeast,Private for-profit,2-year,Certificate,0.9404,,225,0.739,0.4948,16617,,,,0.4731,9500,34027,34098,18167,50485,0.382,0.279,30.23886,-81.581748
Concorde Career Institute-Miramar,Miramar,FL,Southeast,Private for-profit,2-year,Certificate,0.9959,,108,0.7231,0.5359,16502,,,,0.6737,9933,33128,35442,18079,53471,0.442,0.28,25.977088,-80.291516
Concorde Career Institute-Orlando,Orlando,FL,Southeast,Private for-profit,2-year,Certificate,0.9005,,95,0.6026,0.4948,16617,,,,0.6891,9500,34027,34098,18167,50485,0.382,0.279,28.55984,-81.340421
Concorde Career Institute-Tampa,Tampa,FL,Southeast,Private for-profit,2-year,Certificate,0.957,,158,0.6461,0.5985,15715,,,,0.5644,9500,33985,36288,19305,50586,0.467,0.262,27.959148,-82.514341
Concordia College at Moorhead,Moorhead,MN,Plains,Private nonprofit,4-year,Bachelor's,0.6265,1190,1829,0.1907,0.1269,87417,45942,31170,31170,0.6107,26847,48225,59317,43119,81521,0.833,0.453,46.862482,-96.76749
Concordia University Ann Arbor,Ann Arbor,MI,Great Lakes,Private nonprofit,4-year,Bachelor's,0.6925,,702,0.2414,0.3184,58748,51853,35410,35410,0.4764,25750,49761,56075,37673,78409,0.779,0.459,42.273157,-83.68268
Concordia University Texas,Austin,TX,Southwest,Private nonprofit,4-year,Bachelor's,0.9125,,1185,0.4142,0.377,40238,53020,23500,23500,0.446,21852,48058,60883,38795,87304,0.794,0.359,30.420232,-97.835703
Concordia University-Chicago,River Forest,IL,Great Lakes,Private nonprofit,4-year,Bachelor's,0.9279,,1323,0.4568,0.385,46286,45383,37488,37488,0.3646,23000,44405,54089,36112,75178,0.754,0.425,41.898696,-87.809482
Concordia University-Irvine,Irvine,CA,Far West,Private nonprofit,4-year,Bachelor's,0.6599,,1536,0.2423,0.2839,50504,58682,43480,43480,0.5831,24247,53777,65083,39043,96875,0.748,0.373,33.653665,-117.812305
Concordia University-Nebraska,Seward,NE,Plains,Private nonprofit,4-year,Bachelor's,0.8572,,1283,0.1138,0.1828,73277,53292,40640,40640,0.6489,25750,44527,52415,34805,70805,0.73,0.491,40.914853,-97.089054
Concordia University-Saint Paul,Saint Paul,MN,Plains,Private nonprofit,4-year,Bachelor's,0.7887,,3018,0.3522,0.3357,42756,37239,25600,25600,0.459,17832,50646,59871,39108,85664,0.824,0.298,44.949759,-93.154861
Concordia University-Wisconsin,Mequon,WI,Great Lakes,Private nonprofit,4-year,Bachelor's,0.782,1190,2197,0.2673,0.3184,58748,53315,35470,35470,0.6835,25750,49761,56075,37673,78409,0.779,0.459,43.253387,-87.91552
Connecticut College,New London,CT,New England,Private nonprofit,4-year,Bachelor's,0.3704,1432,1937,0.1419,0.1404,89003,84623,67242,67242,0.8205,23500,49165,75001,46471,120051,0.815,0.313,41.379833,-72.107321
Connecticut State Community College,New Britain,CT,New England,Public,2-year,Associate,,,33645,0.4544,0.5768,18008,18370,5338,15596,0.2414,9200,35849,41344,22093,63375,0.641,0.223,41.768397,-72.672734
Connors State College,Warner,OK,Southwest,Public,2-year,Certificate,,,2076,0.2541,0.4287,21580,17957,3792,7530,0.3611,11500,34475,38469,19455,58428,0.583,0.299,35.492873,-95.319541
Conservatory of Recording Arts and Sciences,Tempe,AZ,Southwest,Private for-profit,Less than 2-year,Certificate,,,692,0.3877,0.3512,27479,,,,0.3916,8344,32059,37429,18641,57440,0.706,0.223,33.407853,-111.889544
Continental School of Beauty Culture-Mattydale,Mattydale,NY,Mid East,Private for-profit,Less than 2-year,Certificate,,,152,0.6296,0.4369,16234,,,,0.8171,6333,22157,23906,11278,38072,0.339,0.265,43.105938,-76.147295
Continental School of Beauty Culture-Rochester,Rochester,NY,Mid East,Private for-profit,Less than 2-year,Certificate,,,194,0.6693,0.4369,16234,,,,0.7037,6333,22157,23906,11278,38072,0.339,0.265,43.086397,-77.626383
Continental School of Beauty Culture-West Seneca,West Seneca,NY,Mid East,Private for-profit,Less than 2-year,Certificate,,,78,0.6513,0.5886,13264,,,,0.7838,6333,22796,22193,10721,38260,0.329,0.285,42.828416,-78.754584
Contra Costa College,San Pablo,CA,Far West,Public,2-year,Associate,,,5203,0.2445,0.5578,14339,18422,1312,10320,0.283,,34342,40850,17990,67264,0.575,,37.969381,-122.337377
Converse University,Spartanburg,SC,Southeast,Private nonprofit,4-year,Bachelor's,0.6774,1138,1173,0.3978,0.317,48877,38838,25240,25240,0.6154,27000,33110,40867,26797,56823,0.643,0.661,34.955534,-81.917881
Copiah-Lincoln Community College,Wesson,MS,Southeast,Public,2-year,Associate,,,1922,0.4041,0.4114,18658,12490,4000,5000,0.4991,7435,28001,31241,17521,49086,0.518,0.238,31.69272,-90.400234
Copiah-Lincoln Community College Simpson County Center,Mendenhall,MS,Southeast,Public,2-year,Not classified,,,,,0.4114,18658,,4200,5200,,7435,28001,31241,17521,49086,0.518,0.238,,
Copiah-Lincoln Community College-Natchez Campus,Natchez,MS,Southeast,Public,2-year,Not classified,,,,,0.4114,18658,,4200,5200,,7435,28001,31241,17521,49086,0.518,0.238,,
Copper Mountain Community College,Joshua Tree,CA,Far West,Public,2-year,Associate,,,1323,0.4442,0.5296,16992,18216,1390,13570,0.2,,28840,33281,14869,56281,0.542,,34.140464,-116.213939
Coppin State University,Baltimore,MD,Mid East,Public,4-year,Bachelor's,0.4583,975,1844,0.5392,0.472,26331,23748,7100,14024,0.2622,25000,42243,46490,25684,70148,0.694,0.538,39.311258,-76.658687
Corban University,Salem,OR,Far West,Private nonprofit,4-year,Bachelor's,0.939,,678,0.2497,0.2252,67205,52019,40280,40280,0.6059,22625,41735,48917,24847,69991,0.673,0.463,44.882399,-122.961129
Corinth Academy of Cosmetology,Corinth,MS,Southeast,Private for-profit,Less than 2-year,Certificate,,,90,0.5229,0.6127,12874,,,,0.4231,8500,19228,25685,,36189,,0.331,34.934036,-88.520546
Cornell College,Mount Vernon,IA,Plains,Private nonprofit,4-year,Bachelor's,0.799,1234,1086,0.3207,0.1958,80000,66249,52660,52660,0.6182,27000,39299,53460,36797,75013,0.787,0.505,41.924554,-91.423741
Cornell University,Ithaca,NY,Mid East,Private nonprofit,4-year,Bachelor's,0.0876,1535,15995,0.1841,0.1542,75110,88140,69314,69314,0.9538,14000,87830,104043,67090,166446,0.903,0.135,42.4472,-76.483084
Cornerstone University,Grand Rapids,MI,Great Lakes,Private nonprofit,4-year,Bachelor's,0.7777,,1298,0.3276,0.3477,49808,42043,23000,23000,0.6187,25000,42598,47314,28589,66987,0.679,0.528,42.979966,-85.595328
Cortiva Institute,King of Prussia,PA,Mid East,Private for-profit,Less than 2-year,Certificate,,,125,0.2243,0.486,15789,,,,0.8367,8677,25906,32094,14092,50600,,0.27,40.08063,-75.378356
Cortiva Institute,St. Petersburg,FL,Southeast,Private for-profit,Less than 2-year,Certificate,,,95,0.4795,0.5016,18657,,,,0.7857,7521,27841,29204,12003,42851,0.589,0.258,27.793547,-82.680031
Cortiva Institute,Maitland,FL,Southeast,Private for-profit,Less than 2-year,Certificate,,,0,0.5241,0.422,17597,,,,0.7949,7521,25080,27193,12824,45346,0.491,0.277,26.275351,-80.150541
Cortiva Institute,Maitland,FL,Southeast,Private for-profit,Less than 2-year,Certificate,,,159,0.5191,0.422,17597,,,,0.7,7521,25080,27193,12824,45346,0.491,0.277,28.629921,-81.397179
Cortiva Institute,Cromwell,CT,New England,Private for-profit,Less than 2-year,Certificate,,,209,0.5718,0.4523,23109,,,,0.8476,11259,25386,34866,12379,50785,0.602,0.323,41.604041,-72.678562
Cortiva Institute,Linthicum,MD,Mid East,Private for-profit,Less than 2-year,Certificate,,,225,0.5201,0.5623,18797,,,,0.7,7785,27372,30474,15262,48427,0.536,0.255,39.215919,-76.672532
Cortiva Institute-Arlington,Arlington,TX,Southwest,Private for-profit,Less than 2-year,Certificate,,,155,0.6682,0.5016,18657,,,,0.8182,7521,27841,29204,12003,42851,0.589,0.258,32.6769,-97.119031
Cosmetology & Spa Academy,Crystal Lake,IL,Great Lakes,Private for-profit,Less than 2-year,Certificate,,,445,0.6114,0.5874,23464,,,,0.7034,7917,25231,29779,15340,48382,,0.266,42.24918,-88.294087
Cosmetology Concepts Niles,Niles,IL,Great Lakes,Private for-profit,Less than 2-year,Certificate,,,31,0.4028,0.65,11942,,,,1.0,,25473,20303,11124,38049,0.364,,42.027601,-87.815113
Cosmetology School of Arts & Sciences,Burley,ID,Rocky Mountains,Private for-profit,Less than 2-year,Certificate,,,40,0.7397,,11516,,,,0.75,10556,22290,19120,7832,32731,,0.552,42.561068,-113.78718
Cosmetology Training Center,Lafayette,LA,Southeast,Private for-profit,Less than 2-year,Certificate,,,125,0.5705,0.4842,30351,,,,0.8333,7800,16485,16194,7781,30672,0.25,0.482,30.180961,-92.073116
Cossatot Community College of the University of Arkansas,De Queen,AR,Southeast,Public,2-year,Certificate,,,772,0.3157,0.5862,20384,11538,4200,5070,0.5376,,30249,33775,18217,52762,0.457,,34.043389,-94.3673
Cosumnes River College,Sacramento,CA,Far West,Public,2-year,Associate,,,14023,0.2615,0.5134,16505,14202,1288,12616,0.398,10722,33490,42446,20282,65187,0.544,0.253,38.45295,-121.423108
Cottey College,Nevada,MO,Plains,Private nonprofit,4-year,Bachelor's,0.6918,,254,0.4624,0.3068,42404,39269,27562,27562,0.5625,19043,32903,35422,20139,54483,0.638,0.538,37.836127,-94.371311
County College of Morris,Randolph,NJ,Mid East,Public,2-year,Associate,,,5360,0.2679,0.4333,37951,15033,6210,14310,0.3557,9000,40215,50243,28555,74926,0.718,0.179,40.859141,-74.579873
Covenant College,Lookout Mountain,GA,Southeast,Private nonprofit,4-year,Bachelor's,0.8651,1294,939,0.1905,,78999,57467,42040,42040,0.7149,22500,39570,50412,33938,73784,0.761,0.446,34.965161,-85.375066
Covenant School of Nursing and Allied Health,Lubbock,TX,Southwest,Private nonprofit,2-year,Certificate,,,360,0.4431,0.4188,31351,,,,,12969,69686,78724,62987,99197,0.861,0.165,33.5757,-101.937872
Cowley County Community College,Arkansas City,KS,Plains,Public,2-year,Certificate,,,1543,0.3517,0.4042,31967,13534,4800,6600,0.447,8000,33469,37723,20410,56548,0.637,0.212,37.061668,-97.043075
Cox College,Springfield,MO,Plains,Private nonprofit,4-year,Associate,1.0,,540,0.3579,0.4103,38004,,14822,14822,1.0,20000,58703,56867,32349,78575,0.731,0.352,37.225116,-93.290233
Cozmo Beauty School,Bonita Springs,FL,Southeast,Private for-profit,Less than 2-year,Certificate,,,52,0.1232,0.5775,23065,,,,0.95,8082,23718,24319,,45024,,0.332,26.330412,-81.7803
Crafton Hills College,Yucaipa,CA,Far West,Public,4-year,Associate,,,5687,0.1396,0.5681,20504,20282,1188,14556,0.3128,,35077,42553,23387,65439,0.63,,34.039178,-117.101173
Crave Beauty Academy,Wichita,KS,Plains,Private for-profit,Less than 2-year,Certificate,,,303,0.3944,0.4352,23959,,,,0.7273,7917,23192,26589,11487,39328,0.401,0.298,37.684374,-97.387374
Craven Community College,New Bern,NC,Southeast,Public,2-year,Associate,,,1989,0.4283,0.4515,21586,10735,2022,6630,0.4836,,32904,34231,18107,52521,0.571,,35.111516,-77.102232
Creative Images Institute of Cosmetology-North Dayton,Dayton,OH,Great Lakes,Private for-profit,2-year,Certificate,,,210,0.5314,0.4855,19750,,,,0.7377,9731,21877,22271,10272,36906,0.281,0.437,39.855992,-84.188407
Creative Images Institute of Cosmetology-South Dayton,Dayton,OH,Great Lakes,Private for-profit,2-year,Certificate,,,69,0.3391,0.4855,19750,,,,0.7759,9731,21877,22271,10272,36906,0.281,0.437,39.627019,-84.174179
Creighton University,Omaha,NE,Plains,Private nonprofit,4-year,Bachelor's,0.7975,1321,4348,0.1152,0.1838,94392,63423,48856,48856,0.8336,25000,63090,73911,51701,108608,0.886,0.338,41.265361,-95.947811
Crescent City Bartending School,New Orleans,LA,Southeast,Private for-profit,Less than 2-year,Certificate,,,570,0.9881,0.5252,10329,,,,0.8938,9500,22089,22407,11250,39581,0.467,0.424,29.966842,-90.086679
Crestpoint University,Phoenix,AZ,Southwest,Private for-profit,4-year,Bachelor's,,,385,0.5026,0.4678,19698,19927,7995,7995,0.3303,24853,34769,42269,18518,61873,,0.588,33.530663,-112.064275
Crevier's Academy of Cosmetology Arts,Kalispell,MT,Rocky Mountains,Private for-profit,Less than 2-year,Certificate,,,79,0.4685,0.4815,17109,,,,0.9318,,16846,14047,9893,21726,,,48.201201,-114.319109
Criswell College,Dallas,TX,Southwest,Private nonprofit,4-year,Bachelor's,1.0,,132,0.4237,,32296,27748,15750,15750,0.5,25346,42026,43185,19114,71440,,0.587,32.793513,-96.77669
Crowder College,Neosho,MO,Plains,Public,2-year,Associate,,,2570,0.3571,0.5351,26496,16291,6180,8280,0.4921,9000,31698,35987,20580,54363,0.526,0.25,36.814906,-94.368315
Crowley's Ridge College,Paragould,AR,Southeast,Private nonprofit,4-year,Bachelor's,,,165,0.4178,0.3957,47685,27340,16670,16670,0.3585,26228,33362,39533,25001,51374,0.583,0.663,36.064845,-90.584395
Crown College,Saint Bonifacius,MN,Plains,Private nonprofit,4-year,Bachelor's,0.2278,,796,0.2444,0.2656,50787,46598,31410,31410,0.4539,22500,39003,48057,28949,68776,0.63,0.468,44.885393,-93.743019
Cuesta College,San Luis Obispo,CA,Far West,Public,2-year,Certificate,,,7180,0.1761,0.4286,19228,20192,1350,11010,0.4834,13750,38541,46047,22243,73541,0.649,0.299,35.331276,-120.742235
Culinary Institute Inc,Houston,TX,Southwest,Private for-profit,4-year,Associate,,,313,0.564,0.4659,20221,32893,18827,18827,1.0,16004,24831,32195,16478,55310,,0.497,29.823623,-95.378633
Culinary Institute of America,Hyde Park,NY,Mid East,Private nonprofit,4-year,Associate,0.9115,1060,3011,0.2894,0.2827,50484,58790,39850,39850,0.6292,15750,37846,47475,27262,71624,0.782,0.332,41.745806,-73.933231
Culinary Institute of America San Antonio,San Antonio,TX,Southwest,Private nonprofit,2-year,Not classified,,,,,0.2827,50484,,39050,39050,,15750,37846,47475,27262,71624,0.782,0.332,,
Culinary Institute of America at Greystone,St. Helena,CA,Far West,Private nonprofit,2-year,Not classified,,,,,0.2827,50484,,39850,39850,,15750,37846,47475,27262,71624,0.782,0.332,,
Culver-Stockton College,Canton,MO,Plains,Private nonprofit,4-year,Bachelor's,0.991,,807,0.3935,0.3188,52224,44112,30875,30875,0.3916,26000,40673,46092,32798,61858,0.73,0.564,40.128993,-91.529374
Cumberland University,Lebanon,TN,Southeast,Private nonprofit,4-year,Bachelor's,0.6733,,2104,0.3028,0.4082,41840,43358,27840,27840,0.4559,17952,52246,57687,38662,82086,0.729,0.311,36.204514,-86.298782
Curry College,Milton,MA,New England,Private nonprofit,4-year,Bachelor's,0.8765,1125,1780,0.3091,0.3002,64734,64020,47970,47970,0.5112,25000,46746,54400,32659,88666,0.807,0.46,42.238061,-71.116539
Cuyahoga Community College District,Cleveland,OH,Great Lakes,Public,4-year,Certificate,,,13382,0.3226,0.4883,18748,11189,3249,7249,0.3086,8150,30927,35654,17099,53448,0.541,0.229,41.494906,-81.683533
Cuyahoga Valley Career Center,Brecksville,OH,Great Lakes,Public,Less than 2-year,Certificate,,,131,0.3228,0.4643,20029,,,,0.8125,12964,42757,47914,28208,62378,0.864,0.271,41.344555,-81.625375
Cuyamaca College,El Cajon,CA,Far West,Public,2-year,Associate,,,7177,0.2739,0.6101,11353,16690,1346,11314,0.4054,,29836,32435,13201,57755,0.525,,32.744305,-116.942854
Cypress College,Cypress,CA,Far West,Public,4-year,Certificate,,,13354,0.3124,0.5359,18919,14290,1150,12379,0.3728,10000,35285,43533,21841,67477,0.633,0.23,33.82833,-118.025143
D'Mart Institute,Barranquitas,PR,Outlying Areas,Private for-profit,Less than 2-year,Certificate,,,257,0.5921,0.6174,0,,,,0.7039,,15851,17340,7235,29810,0.189,,18.182628,-66.294065
D'Youville  University,Buffalo,NY,Mid East,Private nonprofit,4-year,Bachelor's,0.8137,1130,1258,0.3918,0.2709,47229,48539,34940,34940,0.6749,25000,63804,66942,42220,98468,0.789,0.373,42.902636,-78.890868
DLP Conemaugh Memorial Medical Center,Johnstown,PA,Mid East,Private for-profit,2-year,Certificate,0.3034,1070,90,0.2867,,50522,,,,0.4545,12000,64119,65740,49373,83380,0.894,0.183,40.305445,-78.918445
Daemen University,Amherst,NY,Mid East,Private nonprofit,4-year,Bachelor's,0.6826,,1643,0.4618,0.2884,51684,45192,35218,35218,0.5888,22091,59912,61808,39844,87929,0.795,0.357,42.965605,-78.788111
Dakota College at Bottineau,Bottineau,ND,Plains,Public,2-year,Associate,,,399,0.1288,0.3985,31970,16774,5388,6294,0.4804,10507,32758,40576,21986,63399,0.691,0.259,48.832505,-100.441103
Dakota County Technical College,Rosemount,MN,Plains,Public,2-year,Associate,,,2168,0.2727,0.3116,39514,18552,6679,6679,0.5767,11000,46398,51938,32416,73399,0.688,0.212,44.737255,-93.07805
Dakota State University,Madison,SD,Plains,Public,4-year,Bachelor's,0.8805,1215,2071,0.1681,0.2755,50856,25753,9654,12756,0.513,23500,46146,50970,36497,69547,0.777,0.461,44.013014,-97.113358
Dakota Wesleyan University,Mitchell,SD,Plains,Private nonprofit,4-year,Bachelor's,0.7338,,670,0.2712,0.2894,68742,43864,33790,33790,0.4832,27000,49432,53728,38140,73136,0.721,0.503,43.697432,-98.031188
Dallas Baptist University,Dallas,TX,Southwest,Private nonprofit,4-year,Bachelor's,0.8884,1120,2403,0.2305,0.3233,43504,52716,40190,40190,0.5701,21591,45138,56807,34818,81273,0.74,0.38,32.710017,-96.947006
Dallas Barber & Stylist College,Dallas,TX,Southwest,Private for-profit,Less than 2-year,Certificate,,,8,0.4722,0.6857,10100,,,,0.814,,19323,20142,8355,39850,0.212,,32.909891,-96.737009
Dallas Christian College,Dallas,TX,Southwest,Private nonprofit,4-year,Bachelor's,0.218,931,224,0.4856,0.4013,41226,34502,21730,21730,0.2857,24912,39868,43503,23556,64776,0.727,0.573,32.913692,-96.887117
Dallas College,Dallas,TX,Southwest,Public,4-year,Associate,,,43869,0.236,0.5606,20054,9704,2730,6900,0.3232,9500,35493,41714,21743,61867,0.585,0.228,32.766319,-96.794036
Dallas Institute of Funeral Service,Dallas,TX,Southwest,Private nonprofit,2-year,Associate,,,454,0.2665,0.4934,20090,27708,17640,17640,0.3268,12820,40945,45866,25018,65095,0.713,0.28,32.771368,-96.683404
Dalton State College,Dalton,GA,Southeast,Public,4-year,Bachelor's,,,4553,0.4986,0.5118,31184,12719,3336,10656,0.2531,12937,37491,40251,24619,56194,0.642,0.321,34.774221,-85.002775
Danville Area Community College,Danville,IL,Great Lakes,Public,2-year,Certificate,,,1508,0.2852,0.493,22360,10822,4440,7440,0.4493,7218,34443,34867,16181,54942,0.538,0.207,40.127539,-87.587884
Danville Community College,Danville,VA,Southeast,Public,2-year,Certificate,,,1306,0.3684,0.4956,17994,14126,4992,11430,0.3927,9000,29054,31664,15892,47724,0.491,0.284,36.565286,-79.408803
Dartmouth College,Hanover,NH,New England,Private nonprofit,4-year,Bachelor's,0.054,1534,4541,0.1435,0.1736,68456,87793,68268,68268,0.9554,17500,82541,97434,64562,189467,0.886,0.18,43.704115,-72.289949
Davenport University,Grand Rapids,MI,Great Lakes,Private nonprofit,4-year,Bachelor's,0.9784,,3134,0.338,0.3986,34920,37319,24466,24466,0.5659,26000,47041,45099,24736,67837,0.579,0.577,42.850013,-85.533519
Davenport University - Detroit,Detroit,MI,Great Lakes,Private nonprofit,4-year,Not classified,,,,,0.3986,34920,,,,,26000,47041,45099,24736,67837,0.579,0.577,,
Davenport University - Wayne CCCD,Belleville,MI,Great Lakes,Private nonprofit,4-year,Not classified,,,,,0.3986,34920,,,,,26000,47041,45099,24736,67837,0.579,0.577,,
Davenport University-Kalamazoo Location,Kalamazoo,MI,Great Lakes,Private nonprofit,4-year,Not classified,,,,,0.3986,34920,,,,,26000,47041,45099,24736,67837,0.579,0.577,,
Davenport University-Lansing Location,Lansing,MI,Great Lakes,Private nonprofit,4-year,Not classified,,,,,0.3986,34920,,24466,24466,,26000,47041,45099,24736,67837,0.579,0.577,,
Davenport University-Midland Location,Midland,MI,Great Lakes,Private nonprofit,4-year,Not classified,,,,,0.3986,34920,,24466,24466,,26000,47041,45099,24736,67837,0.579,0.577,,
Davenport University-Traverse City Location,Traverse City,MI,Great Lakes,Private nonprofit,4-year,Not classified,,,,,0.3986,34920,,,,,26000,47041,45099,24736,67837,0.579,0.577,,
Davenport University-Warren Location,Warren,MI,Great Lakes,Private nonprofit,4-year,Not classified,,,,,0.3986,34920,,24466,24466,,26000,47041,45099,24736,67837,0.579,0.577,,
David Pressley School of Cosmetology,Royal Oak,MI,Great Lakes,Private for-profit,Less than 2-year,Certificate,,,225,0.5193,0.5475,18353,,,,0.8684,6333,21182,22973,10602,39496,0.359,0.276,42.479729,-83.146008
Davidson College,Davidson,NC,Southeast,Private nonprofit,4-year,Bachelor's,0.1337,1469,1867,0.1759,0.1577,80076,79475,64410,64410,0.9107,18688,62866,81400,60136,116852,0.865,0.23,35.499767,-80.843979
Davidson-Davie Community College,Thomasville,NC,Southeast,Public,2-year,Certificate,,,2633,0.3447,0.4899,20504,14280,1980,6588,0.4594,10500,30183,36337,20986,52294,0.513,0.289,35.865471,-80.181868
Davis & Elkins College,Elkins,WV,Southeast,Private nonprofit,4-year,Bachelor's,0.9433,,661,0.4334,0.4785,40924,44888,31820,31820,0.3929,27000,38495,43411,27027,63017,0.678,0.622,38.931232,-79.846022
Davis College,Pottersville,NY,Mid East,Private nonprofit,4-year,Bachelor's,0.5625,,106,0.4015,0.2718,30076,24830,18000,18000,0.2667,,29943,38450,16929,55366,0.583,,43.730713,-73.812057
Davis College,Toledo,OH,Great Lakes,Private for-profit,4-year,Certificate,,,273,0.4526,0.5392,13223,29862,14130,14130,0.5,21277,31261,31588,14369,44805,0.513,0.674,41.652922,-83.532589
Davis Technical College,Kaysville,UT,Rocky Mountains,Public,Less than 2-year,Certificate,,,3027,0.08,0.3582,20391,,,,0.5667,,41916,41734,23706,62314,0.539,,41.028956,-111.925227
Dawn Career Institute LLC,Newark,DE,Mid East,Private for-profit,Less than 2-year,Certificate,,,355,0.6634,0.6444,13254,,,,0.8184,9500,27702,30429,12526,43874,0.458,0.312,39.668605,-75.677768
Dawson Community College,Glendive,MT,Rocky Mountains,Public,2-year,Associate,,,189,0.2389,0.354,37109,16105,5010,9810,0.4508,9450,37252,41951,26276,59648,0.586,0.225,47.085396,-104.725485
Dayton Barber College,Miamisburg,OH,Great Lakes,Private for-profit,2-year,Certificate,,,74,0.7207,,4247,,,,0.7963,,19323,17789,6305,,0.162,,39.628936,-84.222996
Dayton School of Medical Massage,Dayton,OH,Great Lakes,Private for-profit,Less than 2-year,Certificate,,,376,0.9294,0.5437,17212,33911,18122,18122,0.7342,13432,26489,31071,16224,46507,,0.432,39.682932,-84.168901
Dayton School of Medical Massage-Lima,Lima,OH,Great Lakes,Private for-profit,Less than 2-year,Not classified,,,,,0.5437,17212,,18122,18122,,13432,26489,31071,16224,46507,,0.432,,
Daytona College,Ormond Beach,FL,Southeast,Private for-profit,4-year,Certificate,,,191,0.5915,0.5127,16479,,,,0.8571,7403,27975,26422,14247,39569,,0.28,29.270088,-81.080155
Daytona State College,Daytona Beach,FL,Southeast,Public,4-year,Associate,,,10176,0.3454,0.42,21285,12050,3106,11994,0.4323,8250,32933,37096,19272,56849,0.554,0.222,29.20278,-81.049513
De Anza College,Cupertino,CA,Far West,Public,4-year,Associate,,,15264,0.1752,0.5206,20482,14975,1571,12596,0.6774,5625,43179,56596,27991,87640,0.702,0.099,37.319914,-122.045783
DePaul University,Chicago,IL,Great Lakes,Private nonprofit,4-year,Bachelor's,0.7589,1262,14090,0.3178,0.3024,48556,63052,45999,45999,0.678,23168,54695,68751,42705,101987,0.804,0.337,41.877618,-87.62724
DePauw University,Greencastle,IN,Great Lakes,Private nonprofit,4-year,Bachelor's,0.5719,1340,1905,0.1637,0.1635,82288,74320,59070,59070,0.7469,27000,58476,70527,47395,104082,0.862,0.383,39.640904,-86.860363
DeSales University,Center Valley,PA,Mid East,Private nonprofit,4-year,Bachelor's,0.7709,1186,2128,0.2378,0.2955,65095,62745,46800,46800,0.722,25788,52721,61295,38663,89044,0.816,0.421,40.539091,-75.375608
DeVry College of New York,New York,NY,Mid East,Private for-profit,4-year,Bachelor's,1.0,,86,0.5143,0.5023,22648,25596,17408,17408,0.3077,24807,42178,45987,25449,71271,0.769,0.539,40.747747,-73.983492
DeVry University-Arizona,Phoenix,AZ,Southwest,Private for-profit,4-year,Bachelor's,,,6,0.4091,0.5023,22648,,17408,17408,0.6667,24807,42178,45987,25449,71271,0.769,0.539,33.565758,-112.104601
DeVry University-California,Ontario,CA,Far West,Private for-profit,4-year,Certificate,0.985,,2378,0.6183,0.5023,22648,40687,17408,17408,0.2174,24807,42178,45987,25449,71271,0.769,0.539,34.068481,-117.5876
DeVry University-Florida,Orlando,FL,Southeast,Private for-profit,4-year,Bachelor's,,,109,0.6223,0.5023,22648,40132,17408,17408,0.3333,24807,42178,45987,25449,71271,0.769,0.539,28.53732,-81.379188
DeVry University-Georgia,Decatur,GA,Southeast,Private for-profit,4-year,Bachelor's,1.0,,516,0.7373,0.5023,22648,38315,17408,17408,0.125,24807,42178,45987,25449,71271,0.769,0.539,33.775112,-84.297316
DeVry University-Illinois,Lisle,IL,Great Lakes,Private for-profit,4-year,Certificate,0.9838,868,27825,0.6843,0.5023,22648,38660,17408,17408,0.3657,24807,42178,45987,25449,71271,0.769,0.539,41.807204,-88.116625
DeVry University-Nevada,Henderson,NV,Far West,Private for-profit,4-year,Bachelor's,,,1,0.25,0.5023,22648,,17408,17408,0.0,24807,42178,45987,25449,71271,0.769,0.539,36.020266,-115.096601
DeVry University-New Jersey,Iselin,NJ,Mid East,Private for-profit,4-year,Bachelor's,1.0,,62,0.7059,0.5023,22648,42312,17408,17408,0.7143,24807,42178,45987,25449,71271,0.769,0.539,40.557503,-74.311372
DeVry University-Ohio,Columbus,OH,Great Lakes,Private for-profit,4-year,Bachelor's,1.0,,210,0.7936,0.5023,22648,34318,17408,17408,0.3889,24807,42178,45987,25449,71271,0.769,0.539,40.046679,-82.906219
DeVry University-Texas,Irving,TX,Southwest,Private for-profit,4-year,Bachelor's,,,8,0.5385,0.5023,22648,,17408,17408,0.3333,24807,42178,45987,25449,71271,0.769,0.539,32.934524,-97.012494
DeVry University-Virginia,Arlington,VA,Southeast,Private for-profit,4-year,Bachelor's,,,13,0.52,0.5023,22648,42312,17408,17408,0.0,24807,42178,45987,25449,71271,0.769,0.539,38.861096,-77.049759
Dean College,Franklin,MA,New England,Private nonprofit,4-year,Bachelor's,0.7371,,1089,0.3371,0.3168,51545,64889,46526,46526,0.5359,25000,30046,38109,19982,59888,0.604,0.656,42.085634,-71.397813
Defiance College,Defiance,OH,Great Lakes,Private nonprofit,4-year,Bachelor's,0.4755,,499,0.4978,0.3554,58500,53667,29320,29320,0.3057,26813,39303,49351,34642,67145,0.8,0.543,41.296842,-84.357075
Del Mar College,Corpus Christi,TX,Southwest,Public,4-year,Associate,,,9501,0.3349,0.5049,21574,12895,3440,6050,0.1109,5500,32526,38656,20990,61557,0.594,0.142,27.763619,-97.40762
Del-Mar-Va Beauty Academy,Salisbury,MD,Mid East,Private for-profit,Less than 2-year,Certificate,,,32,0.623,,13098,,,,0.4,16500,18809,25426,13470,39618,0.309,0.649,38.339006,-75.601701
Delaware Chenango Madison Otsego BOCES-Practical Nursing Program,Norwich,NY,Mid East,Public,Less than 2-year,Certificate,,,31,0.6471,,,,,,0.5,,,48116,18105,65125,0.678,,42.585293,-75.520079
Delaware County Community College,Media,PA,Mid East,Public,2-year,Associate,,,6861,0.412,0.4708,27336,13530,6930,15540,0.2407,13250,37658,45391,24711,68513,0.666,0.292,39.966724,-75.39308
Delaware County Technical School-Practical Nursing Program,Broomall,PA,Mid East,Public,Less than 2-year,Certificate,1.0,,48,0.5341,0.5679,24806,,,,0.697,16500,54431,55120,35831,71301,0.833,0.299,39.988428,-75.367229
Delaware State University,Dover,DE,Mid East,Public,4-year,Bachelor's,0.4658,940,4398,0.4853,0.355,39554,27939,10670,20634,0.391,26000,37503,49307,29089,69606,0.669,0.527,39.187173,-75.54053
Delaware Technical Community College-Owens,Georgetown,DE,Mid East,Public,4-year,Not classified,,,,,0.4993,25575,,5445,12308,,10500,35336,41448,23434,61211,0.642,0.253,,
Delaware Technical Community College-Stanton/Wilmington,Wilmington,DE,Mid East,Public,4-year,Not classified,,,,,0.4993,25575,,5445,12308,,10500,35336,41448,23434,61211,0.642,0.253,,
Delaware Technical Community College-Terry,Dover,DE,Mid East,Public,4-year,Associate,,,10867,0.3829,0.4993,25575,17232,5445,12308,0.2248,10500,35336,41448,23434,61211,0.642,0.253,39.198371,-75.56012
Delaware Valley University,Doylestown,PA,Mid East,Private nonprofit,4-year,Bachelor's,0.9321,1204,1628,0.299,0.3633,65247,59933,44850,44850,0.5591,25000,41324,55838,36188,79286,0.768,0.448,40.298659,-75.158452
Delgado Community College,New Orleans,LA,Southeast,Public,2-year,Certificate,,,11668,0.6392,0.5225,16650,18568,4279,4279,0.2379,20198,27129,33305,16005,53009,0.563,0.606,29.985149,-90.103962
Delta College,University Center,MI,Great Lakes,Public,2-year,Associate,,,6573,0.3772,0.4151,22628,13541,4820,7880,0.2682,10978,31651,37781,20533,58045,0.578,0.291,43.559491,-83.985943
Delta College Inc,Covington,LA,Southeast,Private for-profit,Less than 2-year,Certificate,,,155,0.6691,0.5276,14836,,,,0.7105,6397,26952,32044,15300,45809,0.373,0.2,30.467468,-90.086695
Delta College South,Baton Rouge,LA,Southeast,Private for-profit,Less than 2-year,Certificate,,,164,0.7067,0.5215,15138,,,,0.5806,5845,27159,30894,14777,39679,0.456,0.189,30.427312,-91.069449
Delta College of Arts & Technology,Baton Rouge,LA,Southeast,Private for-profit,2-year,Certificate,,,326,0.7647,0.5449,15980,,,,0.6515,7393,27631,34222,21768,51212,0.573,0.216,30.463619,-91.113841
Delta College of Arts & Technology-Lafayette Campus,Lafayette,LA,Southeast,Private for-profit,Less than 2-year,Certificate,,,189,0.7259,0.5449,15980,,,,0.561,7393,27631,34222,21768,51212,0.573,0.216,30.158184,-92.041847
Delta College-Slidell Campus,Slidell,LA,Southeast,Private for-profit,Less than 2-year,Certificate,,,162,0.8211,0.5276,14836,,,,0.625,6397,26952,32044,15300,45809,0.373,0.2,30.286052,-89.78043
Delta State University,Cleveland,MS,Southeast,Public,4-year,Bachelor's,1.0,1050,1620,0.4175,0.3227,25245,22445,8605,8605,0.4806,20390,36265,41991,24798,59444,0.681,0.486,33.744745,-90.735365
Delta Technical College-Mississippi,Horn Lake,MS,Southeast,Private for-profit,Less than 2-year,Certificate,,,2307,0.8548,0.513,16417,,,,0.713,9500,30633,33601,17993,49314,0.555,0.283,34.955269,-89.99937
Denham Springs Beauty School,Denham Springs,LA,Southeast,Private for-profit,Less than 2-year,Certificate,,,89,0.4381,,25978,,,,0.6,,19304,18298,10097,37700,,,30.484636,-90.944774
Denison University,Granville,OH,Great Lakes,Private nonprofit,4-year,Bachelor's,0.1739,1410,2380,0.1255,0.1712,77800,81900,67000,67000,0.789,26000,51352,67753,44066,96126,0.844,0.384,40.071505,-82.523272
Denmark College,Merrillville,IN,Great Lakes,Private for-profit,Less than 2-year,Certificate,,,175,0.6398,0.5068,14536,,,,0.7538,8965,15969,23538,10294,46362,,0.381,41.469921,-87.357915
Denmark Technical College,Denmark,SC,Southeast,Public,2-year,Certificate,,,519,0.3947,0.4751,13352,24590,6315,11955,0.125,15250,18631,25351,12199,40642,0.273,0.602,33.313355,-81.123629
Denver College of Nursing,Denver,CO,Rocky Mountains,Private for-profit,4-year,Bachelor's,,,757,0.2743,0.3224,29692,,,,,26500,80184,81809,55991,107032,,0.324,39.75303,-104.994725
Denver College of Nursing-Houston,Houston,TX,Southwest,Private for-profit,4-year,Bachelor's,,,135,0.4286,0.3224,29692,,,,,26500,80184,81809,55991,107032,,0.324,29.781312,-95.607143
Des Moines Area Community College,Ankeny,IA,Plains,Public,2-year,Certificate,,,10446,0.1567,0.3689,34507,16204,5790,6690,0.3917,11000,39349,41018,21828,60028,0.658,0.268,41.707348,-93.611597
Design Institute of San Diego,San Diego,CA,Far West,Private for-profit,4-year,Bachelor's,1.0,,77,0.5109,,28782,55911,29300,29300,0.8,36844,46916,46920,24270,75601,0.629,0.785,32.880926,-117.167374
Design's School of Cosmetology,Paso Robles,CA,Far West,Private for-profit,Less than 2-year,Certificate,,,73,0.6,0.4513,24333,,,,0.7551,6333,22692,23937,10032,49274,0.275,0.265,35.648459,-120.672526
Detroit Business Institute-Downriver,Detroit,MI,Great Lakes,Private for-profit,Less than 2-year,Certificate,1.0,,124,0.7219,0.5493,20376,,,,1.0,,44270,26702,10664,42697,0.36,,42.168682,-83.191212
Dewey University-Carolina,Carolina,PR,Outlying Areas,Private nonprofit,4-year,Associate,,,292,0.8736,0.4796,0,11572,7630,7630,0.6207,5185,17132,19761,9317,33664,0.248,0.262,18.376596,-65.958397
Dewey University-Hato Rey,Hato Rey,PR,Outlying Areas,Private nonprofit,4-year,Bachelor's,,,244,0.937,0.4796,0,11993,8180,8180,0.537,5185,17132,19761,9317,33664,0.248,0.262,18.417614,-66.043033
Dewey University-Juana Diaz,Juana Diaz,PR,Outlying Areas,Private nonprofit,4-year,Associate,,,263,0.8971,0.4796,0,11572,7630,7630,0.7333,5185,17132,19761,9317,33664,0.248,0.262,18.057023,-66.509285
Dewey University-Manati,Manati,PR,Outlying Areas,Private nonprofit,4-year,Associate,,,221,0.9451,0.4796,0,12277,7630,7630,0.5897,5185,17132,19761,9317,33664,0.248,0.262,18.433307,-66.487333
DiGrigoli School of Cosmetology,West Springfield,MA,New England,Private for-profit,Less than 2-year,Certificate,,,21,0.0421,0.562,16092,,,,0.6667,,13581,14195,4746,33176,,,42.146311,-72.630272
Diablo Valley College,Pleasant Hill,CA,Far West,Public,2-year,Associate,,,15358,0.1827,0.4532,16778,16774,1312,10320,0.4906,10021,38306,51378,24960,82989,0.659,0.195,37.968516,-122.073142
Diamonds College,Sherman,TX,Southwest,Private for-profit,Less than 2-year,Certificate,,,51,0.6933,0.5965,14047,,,,0.5854,8000,20361,27126,10906,44526,,0.295,33.673442,-96.606125
Dickinson College,Carlisle,PA,Mid East,Private nonprofit,4-year,Bachelor's,0.4209,1391,2273,0.1275,0.122,100109,82902,65650,65650,0.7978,19000,57110,70204,48149,101383,0.872,0.271,40.202796,-77.197854
Dickinson State University,Dickinson,ND,Plains,Public,4-year,Bachelor's,0.3702,,1090,0.2148,0.3053,58846,20567,9118,9118,0.506,18442,48628,50720,31837,70067,0.734,0.364,46.882917,-102.799679
Diesel Driving Academy-Baton Rouge,Baton Rouge,LA,Southeast,Private for-profit,Less than 2-year,Certificate,,,282,0.7322,0.6146,15474,,,,0.747,6333,40253,43011,22584,62896,,0.147,30.465289,-91.103287
Diesel Driving Academy-Shreveport,Shreveport,LA,Southeast,Private for-profit,Less than 2-year,Certificate,,,191,0.6346,0.6923,15587,,,,0.7294,6333,39377,38740,20409,62960,,0.163,32.47617,-93.794921
DigiPen Institute of Technology,Redmond,WA,Far West,Private for-profit,4-year,Bachelor's,0.6442,1297,995,0.2246,0.1743,61196,55588,38950,38950,0.6095,27000,58771,79878,44010,142169,0.87,0.338,47.68871,-122.150603
Dillard University,New Orleans,LA,Southeast,Private nonprofit,4-year,Bachelor's,0.4186,1050,1063,0.6965,0.3529,23449,39202,23918,23918,0.4328,31000,28507,39196,19843,60794,0.653,0.791,29.996587,-90.06464
Dine College,Tsaile,AZ,Southwest,Public,4-year,Associate,,,1375,0.4333,0.4319,14495,11923,1410,1410,0.1259,,23195,29188,14734,44246,0.397,,36.293328,-109.21684
Divers Institute of Technology,Seattle,WA,Far West,Private for-profit,Less than 2-year,Certificate,,,198,0.3901,0.3466,25523,,,,0.9077,9500,56726,62489,34027,90909,0.771,0.152,47.647402,-122.340894
Diversified Vocational College,Los Angeles,CA,Far West,Private for-profit,Less than 2-year,Certificate,,,264,0.7865,0.5079,0,,,,0.9577,9500,21937,25328,10975,39870,0.391,0.375,34.056102,-118.272364
Dixie Technical College,Saint George,UT,Rocky Mountains,Public,Less than 2-year,Certificate,,,1144,0.1344,0.4389,21129,,,,0.7692,,40738,31051,16922,52386,,,37.098418,-113.591475
Doane University,Crete,NE,Plains,Private nonprofit,4-year,Bachelor's,0.9801,,978,0.2678,0.2993,57081,57836,43985,43985,0.5714,25000,46009,53316,37728,72174,0.813,0.469,40.622952,-96.950932
Dodge City Community College,Dodge City,KS,Plains,Public,2-year,Certificate,,,1106,0.2937,0.4862,29273,10189,4650,5850,0.3509,8800,35682,45427,25500,66776,0.642,0.194,37.776891,-100.037481
Dominican University,River Forest,IL,Great Lakes,Private nonprofit,4-year,Bachelor's,0.9032,1002,2561,0.5152,0.5075,38451,43891,38978,38978,0.5526,24411,47907,60327,39029,81636,0.791,0.405,41.902678,-87.823003
Dominican University New York,Orangeburg,NY,Mid East,Private nonprofit,4-year,Bachelor's,0.633,,1105,0.4839,0.3213,43171,47802,34220,34220,0.5251,25000,50865,61171,40451,89065,0.802,0.409,41.047419,-73.950555
Dominican University of California,San Rafael,CA,Far West,Private nonprofit,4-year,Bachelor's,0.835,1290,1114,0.319,0.3061,65976,71751,52161,52161,0.7805,27000,71477,84713,54435,132065,0.78,0.319,37.981279,-122.512051
Don Roberts School of Hair Design,Schererville,IN,Great Lakes,Private for-profit,Less than 2-year,Certificate,,,25,0.375,,18830,,,,0.76,8025,12608,19976,11311,35518,0.357,0.402,41.485532,-87.447089
Donnelly College,Kansas City,KS,Plains,Private nonprofit,4-year,Associate,,,395,0.6676,0.6062,22484,21659,10440,10440,0.4583,11842,34791,35715,19274,52112,0.462,0.332,39.112346,-94.649827
Dordt University,Sioux Center,IA,Plains,Private nonprofit,4-year,Bachelor's,0.6847,1221,1597,0.2018,0.1225,83534,51733,37050,37050,0.7014,21500,50551,52559,36110,72670,0.711,0.409,43.082527,-96.166562
Dorsey College,Madison Heights,MI,Great Lakes,Private for-profit,2-year,Certificate,,,643,0.7422,0.5744,11499,34227,16990,16990,0.5435,13000,21514,29392,13351,42074,0.416,0.442,42.525318,-83.107631
Dorsey College-Dearborn,Detroit,MI,Great Lakes,Private for-profit,2-year,Certificate,,,430,0.8822,0.5744,11499,30532,15154,15154,0.3538,13000,21514,29392,13351,42074,0.416,0.442,42.330658,-83.219356
Dorsey College-Grand Rapids,Grand Rapids,MI,Great Lakes,Private for-profit,Less than 2-year,Certificate,,,82,0.1667,0.5744,11499,32076,9695,9695,,13000,21514,29392,13351,42074,0.416,0.442,42.916234,-85.542671
Dorsey College-Roseville,Roseville,MI,Great Lakes,Private for-profit,2-year,Certificate,,,437,0.8691,0.5744,11499,33929,16990,16990,0.3511,13000,21514,29392,13351,42074,0.416,0.442,42.527764,-82.915541
Dorsey College-Saginaw,Saginaw,MI,Great Lakes,Private for-profit,2-year,Certificate,,,183,0.8492,0.5744,11499,36916,16990,16990,0.6545,13000,21514,29392,13351,42074,0.416,0.442,43.47055,-83.973056
Dorsey College-Wayne,Wayne,MI,Great Lakes,Private for-profit,2-year,Certificate,,,196,0.8325,0.5744,11499,36763,16990,16990,0.5,13000,21514,29392,13351,42074,0.416,0.442,42.28171,-83.382299
Dorsey College-Woodhaven,Woodhaven,MI,Great Lakes,Private for-profit,Less than 2-year,Certificate,,,223,0.5896,0.5744,11499,35532,16990,16990,0.4828,13000,21514,29392,13351,42074,0.416,0.442,42.142483,-83.223919
Dorsey School of Beauty,Taylor,MI,Great Lakes,Private for-profit,Less than 2-year,Certificate,,,164,0.4724,0.5768,12126,,,,0.5088,16500,15237,13256,8904,43889,,1.245,42.254745,-83.259322
Douglas Education Center,Monessen,PA,Mid East,Private for-profit,2-year,Certificate,,,178,0.415,0.4127,27789,32767,19450,19450,0.8816,12000,25006,30814,13437,44341,0.389,0.389,40.161519,-79.888461
Douglas J Aveda Institute,East Lansing,MI,Great Lakes,Private for-profit,2-year,Certificate,,,777,0.4593,0.3738,30810,,,,0.833,6333,24836,26849,12573,46656,0.472,0.236,42.734606,-84.480467
Downey Adult School,Downey,CA,Far West,Public,2-year,Certificate,,,875,0.3508,0.6774,16621,,,,0.3093,,35477,46851,25301,65181,,,33.91965,-118.115727
Drake University,Des Moines,IA,Plains,Private nonprofit,4-year,Bachelor's,0.6385,1292,2543,0.2169,0.153,89603,64835,52130,52130,0.7403,23000,58233,71901,47785,110436,0.874,0.32,41.60129,-93.652163
Drew University,Madison,NJ,Mid East,Private nonprofit,4-year,Bachelor's,0.6783,1227,1533,0.2894,0.245,61492,65301,47100,47100,0.7048,25288,47562,63646,39892,88416,0.819,0.397,40.761829,-74.424584
Drexel University,Philadelphia,PA,Mid East,Private nonprofit,4-year,Bachelor's,0.7944,1345,13233,0.2676,0.2923,52511,76835,62412,62412,0.7816,25325,69063,84648,54500,113366,0.877,0.299,39.955217,-75.190051
Drury University,Springfield,MO,Plains,Private nonprofit,4-year,Bachelor's,0.5758,1218,1383,0.2558,0.4128,31973,48846,36745,36745,0.618,20979,37508,40694,22819,61963,0.643,0.516,37.219681,-93.286192
Drury University-College of Continuing Professional Studies,Springfield,MO,Plains,Private nonprofit,4-year,Bachelor's,,,632,0.6411,0.4128,31973,19698,8054,8054,0.4324,20979,37508,40694,22819,61963,0.643,0.516,37.219681,-93.286192
DuVall's School of Cosmetology,Bedford,TX,Southwest,Private for-profit,Less than 2-year,Certificate,,,65,0.6054,0.48,17874,,,,0.5676,7917,24728,30572,13670,52036,,0.259,32.852275,-97.168105
Duke University,Durham,NC,Southeast,Private nonprofit,4-year,Bachelor's,0.0571,1548,6442,0.1403,0.1346,61560,87072,68758,68758,0.9678,13000,85792,97800,66351,171770,0.916,0.133,36.001135,-78.937624
Dunwoody College of Technology,Minneapolis,MN,Plains,Private nonprofit,4-year,Associate,0.9887,1120,1533,0.3167,0.2822,34196,36587,27836,27836,0.6606,16000,59069,61511,37744,85760,0.829,0.26,44.97281,-93.290608
Duquesne University,Pittsburgh,PA,Mid East,Private nonprofit,4-year,Bachelor's,0.8356,1276,5350,0.2024,0.173,88633,67776,48986,48986,0.7749,26244,62627,74742,49248,106567,0.873,0.351,40.43589,-79.993123
Durham Technical Community College,Durham,NC,Southeast,Public,2-year,Associate,,,3890,0.314,0.4234,18500,10430,1986,6594,0.4493,14750,31129,36142,18641,53466,0.564,0.408,35.974768,-78.8817
Dutchess BOCES-Practical Nursing Program,Poughkeepsie,NY,Mid East,Public,Less than 2-year,Certificate,,,81,0.5909,0.4563,22304,,,,0.973,7063,47278,48363,33736,66958,0.72,0.146,41.743538,-73.866875
Dutchess Community College,Poughkeepsie,NY,Mid East,Public,2-year,Associate,,,3824,0.2201,0.4246,30761,17159,5670,10670,0.297,10039,34095,43929,24920,67007,0.643,0.229,41.724245,-73.904652
Dyersburg State Community College,Dyersburg,TN,Southeast,Public,2-year,Associate,,,2103,0.3394,0.5601,22428,14329,4758,17742,0.3354,6900,32595,36132,18634,52500,0.523,0.191,36.047565,-89.390791
ECPI University,Virginia Beach,VA,Southeast,Private for-profit,4-year,Associate,0.7452,,12090,0.5313,0.4767,22890,30055,18484,18484,0.4246,20000,41278,42837,25868,64290,0.68,0.467,36.842526,-76.178773
ECPI University - Orlando,Lake Mary,FL,Southeast,Private for-profit,4-year,Not classified,,,,,0.4767,22890,,22885,22885,,20000,41278,42837,25868,64290,0.68,0.467,,
ECPI University - Roanoke,Roanoke,VA,Southeast,Private for-profit,4-year,Not classified,,,,,0.4767,22890,,18484,18484,,20000,41278,42837,25868,64290,0.68,0.467,,
ECPI University - San Antonio,San Antonio,TX,Southwest,Private for-profit,4-year,Not classified,,,,,0.4767,22890,,18484,18484,,20000,41278,42837,25868,64290,0.68,0.467,,
ECPI University-Charleston,North Charleston,SC,Southeast,Private for-profit,4-year,Not classified,,,,,0.4767,22890,,18484,18484,,20000,41278,42837,25868,64290,0.68,0.467,,
ECPI University-Charlotte,Charlotte,NC,Southeast,Private for-profit,4-year,Not classified,,,,,0.4767,22890,,18484,18484,,20000,41278,42837,25868,64290,0.68,0.467,,
ECPI University-Columbia,Columbia,SC,Southeast,Private for-profit,4-year,Not classified,,,,,0.4767,22890,,18484,18484,,20000,41278,42837,25868,64290,0.68,0.467,,
ECPI University-Culinary Institute of Virginia,Norfolk,VA,Southeast,Private for-profit,4-year,Not classified,,,,,0.4767,22890,,18484,18484,,20000,41278,42837,25868,64290,0.68,0.467,,
ECPI University-Greensboro,Greensboro,NC,Southeast,Private for-profit,4-year,Not classified,,,,,0.4767,22890,,18484,18484,,20000,41278,42837,25868,64290,0.68,0.467,,
ECPI University-Greenville,Greenville,SC,Southeast,Private for-profit,4-year,Not classified,,,,,0.4767,22890,,18484,18484,,20000,41278,42837,25868,64290,0.68,0.467,,
ECPI University-Innsbrook,Glen Allen,VA,Southeast,Private for-profit,4-year,Not classified,,,,,0.4767,22890,,18484,18484,,20000,41278,42837,25868,64290,0.68,0.467,,
ECPI University-Manassas,Manassas,VA,Southeast,Private for-profit,4-year,Not classified,,,,,0.4767,22890,,18484,18484,,20000,41278,42837,25868,64290,0.68,0.467,,
ECPI University-Newport News,Newport News,VA,Southeast,Private for-profit,4-year,Not classified,,,,,0.4767,22890,,18484,18484,,20000,41278,42837,25868,64290,0.68,0.467,,
ECPI University-Raleigh,Raleigh,NC,Southeast,Private for-profit,4-year,Not classified,,,,,0.4767,22890,,18484,18484,,20000,41278,42837,25868,64290,0.68,0.467,,
ECPI University-Richmond South,Richmond,VA,Southeast,Private for-profit,4-year,Not classified,,,,,0.4767,22890,,18484,18484,,20000,41278,42837,25868,64290,0.68,0.467,,
ECPI University-Richmond West,Richmond,VA,Southeast,Private for-profit,4-year,Not classified,,,,,0.4767,22890,,18484,18484,,20000,41278,42837,25868,64290,0.68,0.467,,
ECPI University-Virginia Beach Health Sciences,Virginia Beach,VA,Southeast,Private for-profit,4-year,Not classified,,,,,0.4767,22890,,18484,18484,,20000,41278,42837,25868,64290,0.68,0.467,,
EDP School,Brooklyn,NY,Mid East,Private nonprofit,Less than 2-year,Certificate,,,151,0.9095,0.9573,12398,,,,0.9801,,41482,41461,23915,68799,,,40.58605,-73.952901
EDP University of Puerto Rico Inc-San Juan,San Juan,PR,Outlying Areas,Private nonprofit,4-year,Associate,0.6067,,1404,0.5816,0.4409,7153,15740,7050,14125,0.2439,14000,21535,22844,11249,39209,0.372,0.613,18.415375,-66.055403
EDP University of Puerto Rico Inc-San Sebastian,San Sebastian,PR,Outlying Areas,Private nonprofit,4-year,Associate,0.9574,,1032,0.6289,0.4409,7153,15680,7050,14125,0.287,14000,21535,22844,11249,39209,0.372,0.613,18.338036,-66.992287
EDP University of Puerto Rico-Caguas,Caguas,PR,Outlying Areas,Private nonprofit,4-year,Associate,0.725,,414,,0.4409,7153,,7050,14125,,14000,21535,22844,11249,39209,0.372,0.613,18.242649,-66.025309
EDP University of Puerto Rico-Humacao,Humacao,PR,Outlying Areas,Private nonprofit,4-year,Associate,0.5952,,325,0.6357,0.4409,7153,19625,7050,14125,,14000,21535,22844,11249,39209,0.372,0.613,18.150762,-65.82455
EDP University of Puerto Rico-Manati,Manati,PR,Outlying Areas,Private nonprofit,4-year,Associate,0.6818,,468,0.4165,0.4409,7153,17523,7050,14125,,14000,21535,22844,11249,39209,0.372,0.613,18.429431,-66.490949
EDP University of Puerto Rico-Villalba,Villalba,PR,Outlying Areas,Private nonprofit,4-year,Associate,0.7565,,379,0.6904,0.4409,7153,19138,7050,14125,0.25,14000,21535,22844,11249,39209,0.372,0.613,18.109811,-66.505648
EHOVE Career Center,Milan,OH,Great Lakes,Public,Less than 2-year,Certificate,,,398,0.3535,0.5744,23525,,,,0.9583,7672,40591,40117,24603,58504,0.631,0.191,41.332655,-82.630439
ETI School of Skilled Trades,Willowbrook,IL,Great Lakes,Private for-profit,Less than 2-year,Certificate,,,443,0.5177,0.5329,18765,,,,0.7969,9500,43093,52800,32772,77147,0.72,0.18,41.748334,-87.936249
ETI Technical College of Niles,Niles,OH,Great Lakes,Private for-profit,2-year,Certificate,,,179,0.8297,0.5859,15256,22732,11350,11350,0.625,13805,32064,34017,19555,55785,0.435,0.406,41.18694,-80.723213
Eagle Gate College-Boise Campus,Boise,ID,Rocky Mountains,Private for-profit,4-year,Bachelor's,,,594,0.3464,0.5258,22815,35847,19068,19068,,43021,36393,37518,20717,54175,0.599,1.147,43.59091,-116.298572
Eagle Gate College-Layton,Layton,UT,Rocky Mountains,Private for-profit,4-year,Bachelor's,,,226,0.3764,0.5258,22815,,,,0.3846,43021,36393,37518,20717,54175,0.599,1.147,41.073374,-111.973885
Eagle Gate College-Murray,Murray,UT,Rocky Mountains,Private for-profit,4-year,Certificate,,,351,0.308,0.5258,22815,33765,16548,16548,0.48,43021,36393,37518,20717,54175,0.599,1.147,40.649984,-111.903609
Earlham College,Richmond,IN,Great Lakes,Private nonprofit,4-year,Bachelor's,0.7311,1219,670,0.2441,0.2263,62075,67684,53930,53930,0.69,23488,35430,50797,29949,74089,0.688,0.462,39.823431,-84.915037
East Carolina University,Greenville,NC,Southeast,Public,4-year,Bachelor's,0.8921,1180,19896,0.318,0.2646,51027,23867,7361,23638,0.6262,22750,46420,55146,37968,78746,0.78,0.413,35.607186,-77.368291
East Central College,Union,MO,Plains,Public,2-year,Associate,,,1639,0.3328,0.46,24155,19386,4272,7680,0.4764,9500,33017,36916,21761,54391,0.548,0.257,38.431845,-90.97809
East Central Community College,Decatur,MS,Southeast,Public,2-year,Associate,,,1520,0.3911,0.3713,22722,13255,4160,6260,0.361,5500,28873,32421,17712,48709,0.563,0.17,32.441164,-89.113706
East Central University,Ada,OK,Southwest,Public,4-year,Bachelor's,0.5815,1049,2467,0.45,0.4641,35364,18459,8032,17842,0.3442,17671,40677,44962,27580,65215,0.712,0.393,34.771934,-96.663849
East Georgia State College,Swainsboro,GA,Southeast,Public,4-year,Associate,,,1413,0.4853,0.3311,25910,15966,2900,9860,0.1667,11750,30593,37174,21086,56384,0.605,0.316,32.594944,-82.309021
East Georgia State College - Augusta,Augusta,GA,Southeast,Public,2-year,Not classified,,,,,0.3311,25910,,4094,11054,,11750,30593,37174,21086,56384,0.605,0.316,,
East Georgia State College - Statesboro,Statesboro,GA,Southeast,Public,2-year,Not classified,,,,,0.3311,25910,,4278,11238,,11750,30593,37174,21086,56384,0.605,0.316,,
East Los Angeles College,Monterey Park,CA,Far West,Public,4-year,Certificate,,,27753,0.2392,0.6852,17784,19193,1238,10572,0.3683,10500,33032,42006,21287,63706,0.599,0.25,34.040531,-118.148785
East Mississippi Community College,Scooba,MS,Southeast,Public,2-year,Associate,,,2838,0.4481,0.3753,19489,11353,4095,7445,0.4766,9006,28549,33772,18565,51247,0.491,0.267,32.830246,-88.483516
East Ohio College,East Liverpool,OH,Great Lakes,Private for-profit,2-year,Associate,,,118,0.7383,0.6067,17574,22500,14798,14798,0.7391,12000,31085,29342,16253,43318,0.309,0.409,40.6796,-80.572063
East Stroudsburg University of Pennsylvania,East Stroudsburg,PA,Mid East,Public,4-year,Bachelor's,0.9205,1084,4814,0.4149,0.3954,50096,27917,11536,19502,0.4312,24218,44290,56148,36540,76021,0.783,0.431,40.99599,-75.173905
East Tennessee State University,Johnson City,TN,Southeast,Public,4-year,Bachelor's,0.8619,1144,10004,0.3483,0.3769,33885,27042,10472,14522,0.5321,19442,38704,44859,27964,66045,0.68,0.433,36.301643,-82.366954
East Texas A&M University,Commerce,TX,Southwest,Public,4-year,Bachelor's,0.9224,1076,9912,0.4047,0.4203,31618,23438,10026,22326,0.4281,20500,43157,50296,33068,66325,0.763,0.408,33.242112,-95.904579
East Texas Baptist University,Marshall,TX,Southwest,Private nonprofit,4-year,Bachelor's,0.5776,,1352,0.3219,0.3182,48655,44211,30680,30680,0.4712,23250,41759,52788,35467,71231,0.736,0.44,32.557847,-94.374488
East Valley Institute of Technology,Mesa,AZ,Southwest,Public,Less than 2-year,Certificate,,,377,0.2189,0.4056,21490,,,,0.6818,,41246,35086,13471,51358,,,33.412268,-111.863966
East West College of the Healing Arts,Portland,OR,Far West,Private for-profit,Less than 2-year,Certificate,,,236,0.3691,0.3586,18997,,,,,12667,22618,28483,13100,47255,0.39,0.445,45.513392,-122.681029
East-West University,Chicago,IL,Great Lakes,Private nonprofit,4-year,Bachelor's,,,468,0.6174,0.5394,14812,32606,25395,25395,0.1556,26986,21236,29963,12703,47010,0.484,0.901,41.871309,-87.624793
Eastern Arizona College,Thatcher,AZ,Southwest,Public,4-year,Certificate,,,2643,0.1594,0.3935,18854,16696,2352,9552,0.4194,,33246,38018,19056,59863,0.577,,32.843664,-109.76234
Eastern Center for Arts and Technology,Willow Grove,PA,Mid East,Public,Less than 2-year,Certificate,0.8081,,180,0.2704,0.5714,31076,,,,1.0,11200,55817,56446,34387,71533,0.824,0.198,40.158437,-75.108649
Eastern Connecticut State University,Willimantic,CT,New England,Public,4-year,Bachelor's,0.8298,1160,3418,0.2868,0.3447,61960,31983,13928,17428,0.5752,24250,47289,56469,37092,82962,0.793,0.429,41.721673,-72.218753
Eastern Florida State College,Melbourne,FL,Southeast,Public,4-year,Associate,,,10490,0.2949,0.4005,22006,11966,2496,9739,0.5208,12250,32437,37195,20193,56671,0.562,0.329,28.170002,-80.670781
Eastern Illinois University,Charleston,IL,Great Lakes,Public,4-year,Bachelor's,0.6535,1000,4188,0.2941,0.3422,39153,26996,13679,16217,0.4736,21500,42694,51989,35825,72492,0.781,0.414,39.479843,-88.175658
Eastern International College-Jersey City,Jersey City,NJ,Mid East,Private for-profit,4-year,Bachelor's,0.6963,,495,0.3861,0.5227,22886,26182,18383,18383,0.3412,24751,36936,35008,17202,51088,0.617,0.707,40.735178,-74.060452
Eastern Iowa Community College District,Davenport,IA,Plains,Public,2-year,Certificate,,,3520,0.2417,0.4479,25444,19170,4848,6456,0.4541,12739,34717,39060,20277,58998,0.574,0.326,41.522179,-90.574459
Eastern Kentucky University,Richmond,KY,Southeast,Public,4-year,Bachelor's,0.7761,1149,12318,0.411,0.3995,39224,23735,10320,21230,0.5004,22500,38611,45795,29173,66400,0.69,0.491,37.740845,-84.300796
Eastern Maine Community College,Bangor,ME,New England,Public,2-year,Associate,,,1840,0.3587,0.4134,26902,16791,4156,7036,0.3209,11293,40444,41704,25840,65503,0.621,0.271,44.826048,-68.74445
Eastern Mennonite University,Harrisonburg,VA,Southeast,Private nonprofit,4-year,Bachelor's,1.0,,754,0.3268,0.3191,62190,56756,43920,43920,0.67,24813,48158,54869,37199,79999,0.739,0.452,38.471134,-78.880326
Eastern Michigan University,Ypsilanti,MI,Great Lakes,Public,4-year,Bachelor's,0.7964,1066,10055,0.3664,0.3442,36983,29640,16240,16240,0.4644,25000,43148,51793,30031,75153,0.723,0.483,42.251675,-83.627443
Eastern New Mexico University Ruidoso Branch Community College,Ruidoso,NM,Southwest,Public,2-year,Certificate,,,377,0.1409,0.4559,28573,9907,1372,3268,0.2857,16500,33619,38550,21084,59977,0.577,0.428,33.346376,-105.677273
Eastern New Mexico University-Main Campus,Portales,NM,Southwest,Public,4-year,Bachelor's,0.9166,964,3357,0.3571,0.4559,28573,18940,7194,9174,0.4509,16500,33619,38550,21084,59977,0.577,0.428,34.175592,-103.34819
Eastern New Mexico University-Roswell Campus,Roswell,NM,Southwest,Public,2-year,Certificate,,,1300,0.2434,0.4559,28573,11816,2256,5616,0.3168,16500,33619,38550,21084,59977,0.577,0.428,33.313167,-104.525718
Eastern Oklahoma County Technology Center,Choctaw,OK,Southwest,Public,Less than 2-year,Certificate,,,115,0.0435,,17030,,,,0.9178,,49138,49311,19608,81637,,,35.516891,-97.266991
Eastern Oklahoma State College,Wilburton,OK,Southwest,Public,2-year,Associate,,,964,0.4373,0.5257,22001,18546,4947,8384,0.2714,11900,32427,38658,19195,55073,0.577,0.308,34.914079,-95.328995
Eastern Oregon University,La Grande,OR,Far West,Public,4-year,Bachelor's,0.9831,,2172,0.3475,0.4649,32240,26718,11076,25431,0.43,20500,43034,50112,29162,72357,0.708,0.409,45.319795,-118.092495
Eastern School of Acupuncture and Traditional Medicine,Bloomfield,NJ,Mid East,Private for-profit,4-year,Certificate,,,2,0.0,,13480,,,,,,,48962,,,,,40.79361,-74.19716
Eastern Shore Community College,Melfa,VA,Southeast,Public,2-year,Certificate,,,495,0.4042,0.6287,18597,10998,5082,11520,0.4107,,30763,32418,16066,48637,0.433,,37.639652,-75.751129
Eastern Suffolk BOCES,Riverhead,NY,Mid East,Public,Less than 2-year,Certificate,,,9,0.2308,0.4943,27376,,,,0.8571,9500,45571,63394,41200,86182,0.756,0.15,40.927928,-72.671895
Eastern Suffolk BOCES,Oakdale,NY,Mid East,Public,Less than 2-year,Certificate,,,31,0.3529,0.4943,27376,,,,0.7619,9500,45571,63394,41200,86182,0.756,0.15,40.745531,-73.109752
Eastern Suffolk BOCES,Sayville,NY,Mid East,Public,Less than 2-year,Certificate,0.7895,,310,0.5308,0.4943,27376,,,,0.7674,9500,45571,63394,41200,86182,0.756,0.15,40.738793,-73.086618
Eastern University,Saint Davids,PA,Mid East,Private nonprofit,4-year,Bachelor's,0.9077,,2404,0.4192,0.3649,36522,55001,38400,38400,0.54,25000,41580,51655,32081,74621,0.73,0.484,40.050448,-75.370316
Eastern Virginia Career College,Fredericksburg,VA,Southeast,Private for-profit,2-year,Certificate,0.9596,,177,0.5045,0.5412,22886,,,,0.6585,10500,39991,37304,20660,51877,0.511,0.281,38.24116,-77.495581
Eastern Washington University,Cheney,WA,Far West,Public,4-year,Bachelor's,0.9075,,6222,0.351,0.3623,38218,24478,8586,25959,0.4349,19500,46469,57897,36589,80559,0.783,0.337,47.490667,-117.583808
Eastern West Virginia Community and Technical College,Moorefield,WV,Southeast,Public,2-year,Associate,,,225,0.2668,0.6338,20405,17258,4722,4722,0.4167,8500,30420,31636,18573,44720,,0.269,39.075562,-78.932546
Eastern Wyoming College,Torrington,WY,Rocky Mountains,Public,2-year,Associate,,,482,0.1298,0.4379,27041,14076,4290,10590,0.5181,7000,32658,37121,20079,56999,0.522,0.189,42.079354,-104.190823
Eastland-Fairfield Career and Technical Schools,Groveport,OH,Great Lakes,Public,Less than 2-year,Certificate,,,115,0.5146,0.5896,24054,,,,0.8125,6333,42265,43780,26775,66755,0.563,0.145,39.88667,-82.884305
Eastwick College-Hackensack,Hackensack,NJ,Mid East,Private for-profit,4-year,Associate,,,1171,0.7059,0.6211,20281,33359,18075,18075,0.4254,13264,38122,39762,18657,60846,0.517,0.334,40.885847,-74.040491
Eastwick College-Nutley,Nutley,NJ,Mid East,Private for-profit,2-year,Associate,,,618,0.6601,0.5708,22928,26454,15848,15848,0.5692,11775,39332,42827,23231,62120,0.604,0.275,40.810742,-74.144192
Eastwick College-Ramsey,Ramsey,NJ,Mid East,Private for-profit,4-year,Associate,,,1203,0.4543,0.4527,28634,32704,18057,18057,0.7547,16084,53147,51725,29635,80326,0.709,0.311,41.057866,-74.131486
Ecclesia College,Springdale,AR,Southeast,Private nonprofit,4-year,Bachelor's,0.7381,,108,0.4855,0.4742,29535,31571,16850,16850,0.4,13019,32147,40650,25046,57852,,0.32,36.2141,-94.236643
Eckerd College,Saint Petersburg,FL,Southeast,Private nonprofit,4-year,Bachelor's,0.758,1250,1888,0.2085,0.2038,77695,68944,51884,51884,0.6592,27000,37505,51819,32964,76174,0.739,0.521,27.715798,-82.687043
Edgecombe Community College,Tarboro,NC,Southeast,Public,2-year,Certificate,,,1397,0.6921,0.5399,15322,9330,2640,8784,0.3654,15917,27119,33267,16944,48422,0.477,0.478,35.879867,-77.571786
Edgewood University,Madison,WI,Great Lakes,Private nonprofit,4-year,Bachelor's,0.7573,,1107,0.2578,0.281,58183,50903,35860,35860,0.6024,24424,53843,59728,40198,84290,0.783,0.409,43.057059,-89.422884
Edison State Community College,Piqua,OH,Great Lakes,Public,4-year,Certificate,,,1302,0.1711,0.5188,26937,13472,4499,8346,0.3801,16250,34785,41360,22936,60836,0.557,0.393,40.157699,-84.212385
Edmonds College,Lynnwood,WA,Far West,Public,4-year,Associate,,,3656,0.1395,0.4378,20771,20062,4810,10875,0.2901,11855,41063,48144,24529,75159,0.651,0.246,47.816376,-122.327598
Educators of Beauty College of Cosmetology-Peru,PERU,IL,Great Lakes,Private for-profit,Less than 2-year,Certificate,,,52,0.65,,15040,,,,0.8333,9833,22718,21949,9470,29847,0.151,0.448,41.354338,-89.118454
Educators of Beauty College of Cosmetology-Rockford,Rockford,IL,Great Lakes,Private for-profit,Less than 2-year,Certificate,,,97,0.6863,0.4803,21992,,,,0.6538,9833,18716,21463,11218,36403,0.237,0.458,42.268515,-88.98081
Educators of Beauty College of Cosmetology-Sterling,Sterling,IL,Great Lakes,Private for-profit,Less than 2-year,Certificate,,,59,0.619,0.4803,21992,,,,0.5926,9833,18716,21463,11218,36403,0.237,0.458,41.788581,-89.692522
Edward Waters University,Jacksonville,FL,Southeast,Private nonprofit,4-year,Bachelor's,0.8495,,1087,0.7545,0.5041,19476,26617,16366,16366,0.2819,,29809,34782,20670,47585,0.463,,30.34479,-81.684879
El Camino Community College District,Torrance,CA,Far West,Public,2-year,Associate,,,19210,0.2725,0.5655,17500,15246,1144,7630,0.418,,30790,41589,19739,64198,0.599,,33.885229,-118.329913
El Paso Community College,El Paso,TX,Southwest,Public,2-year,Associate,,,24214,0.3655,0.4875,18863,13337,4080,6630,0.2417,6566,28765,35212,19704,55562,0.506,0.186,31.773359,-106.373616
Elevate Salon Institute,Utica,MI,Great Lakes,Private for-profit,Less than 2-year,Not classified,,,,,0.5882,13738,,,,,6333,17197,16853,7210,34671,,0.376,,
Elevate Salon Institute,Royal Oak,MI,Great Lakes,Private for-profit,Less than 2-year,Certificate,,,197,0.1944,0.5882,13738,,,,0.8545,6333,17197,16853,7210,34671,,0.376,42.525165,-83.164514
Elgin Community College,Elgin,IL,Great Lakes,Public,2-year,Certificate,,,6648,0.2202,0.5216,28006,10408,3252,9516,0.4112,7390,39007,45516,25345,67049,0.626,0.162,42.018066,-88.32194
Elite College of Cosmetology,Lexington,TN,Southeast,Private for-profit,Less than 2-year,Certificate,,,53,0.6588,0.5714,17137,,,,0.7895,5500,21197,21197,,33828,,0.259,35.657876,-88.409149
Elite Cosmetology School,PALM DESERT,CA,Far West,Private for-profit,Less than 2-year,Certificate,,,115,0.6635,0.5208,14658,,,,0.8824,8164,18399,17966,,35407,,0.454,33.723624,-116.394724
Elite School of Cosmetology,Norwalk,OH,Great Lakes,Private for-profit,2-year,Certificate,,,200,0.5211,0.5652,12592,,,,0.6471,7412,19104,23547,,41213,,0.315,41.233614,-82.60795
Elizabeth City State University,Elizabeth City,NC,Southeast,Public,4-year,Bachelor's,0.6422,1019,1975,0.5352,0.3746,23286,17701,6536,10536,0.4351,21463,33776,40026,23461,53814,0.578,0.536,36.277978,-76.214041
Elizabethtown College,Elizabethtown,PA,Mid East,Private nonprofit,4-year,Bachelor's,0.7787,1204,1868,0.2084,0.2996,79306,50865,37950,37950,0.7617,27000,54833,62399,45388,86157,0.852,0.433,40.149236,-76.593224
Elizabethtown Community and Technical College,Elizabethtown,KY,Southeast,Public,2-year,Certificate,,,4088,0.3527,0.4796,22907,14212,4728,6432,0.5946,9055,32562,36143,18734,54609,0.547,0.251,37.692858,-85.879927
Ellsworth Community College,Iowa Falls,IA,Plains,Public,2-year,Associate,,,499,0.3477,0.3151,39957,18804,5496,6504,0.375,10000,31739,40562,23291,58572,0.671,0.247,42.527524,-93.265853
Elmhurst University,Elmhurst,IL,Great Lakes,Private nonprofit,4-year,Bachelor's,0.7364,1151,3006,0.3681,0.3519,49618,54679,42955,42955,0.7,20489,52803,61462,41317,84145,0.83,0.333,41.897164,-87.945369
Elmira College,Elmira,NY,Mid East,Private nonprofit,4-year,Bachelor's,0.7696,1314,708,0.3791,0.2684,65605,52449,38976,38976,0.6471,27000,49057,57550,36860,77968,0.786,0.469,42.0961,-76.813459
Elon University,Elon,NC,Southeast,Private nonprofit,4-year,Bachelor's,0.6635,1208,6452,0.0993,0.0909,112797,62266,46958,46958,0.8404,20500,58082,74545,46849,107869,0.857,0.275,36.104148,-79.50344
Embry-Riddle Aeronautical University-Daytona Beach,Daytona Beach,FL,Southeast,Private nonprofit,4-year,Bachelor's,0.6481,1257,7860,0.1478,0.3555,38662,64632,44249,44249,0.6655,23666,65391,84131,55392,112155,0.884,0.281,29.189903,-81.048367
Embry-Riddle Aeronautical University-Prescott,Prescott,AZ,Southwest,Private nonprofit,4-year,Bachelor's,0.7658,1250,3218,0.1825,0.3555,38662,62798,44149,44149,0.6776,23666,65391,84131,55392,112155,0.884,0.281,34.616766,-112.449741
Embry-Riddle Aeronautical University-Worldwide,Daytona Beach,FL,Southeast,Private nonprofit,4-year,Bachelor's,0.5791,1148,9139,0.2551,0.3555,38662,24878,12097,12097,0.2055,23666,65391,84131,55392,112155,0.884,0.281,29.189903,-81.048367
Emerald Coast Technical College,DeFuniak Springs,FL,Southeast,Public,Less than 2-year,Certificate,,,189,0.407,0.5259,18374,,,,0.8696,,31654,36180,27399,47151,,,30.73209,-86.128061
Emerson College,Boston,MA,New England,Private nonprofit,4-year,Bachelor's,0.5131,1358,3870,0.1551,0.1316,93112,80399,57056,57056,0.7711,23000,42799,62832,33763,89059,0.769,0.366,42.352202,-71.065384
Emily Griffith Technical College,Denver,CO,Rocky Mountains,Public,Less than 2-year,Certificate,,,6123,0.0666,0.6039,15058,,,,0.9695,,31296,35487,14357,54889,0.463,,39.74575,-104.985751
Emma's Beauty Academy-Juana Diaz,Juana Diaz,PR,Outlying Areas,Private for-profit,Less than 2-year,Certificate,,,339,0.8399,0.4964,0,,,,0.64,,16502,17034,8287,30070,0.176,,18.041587,-66.504191
Emmanuel College,Boston,MA,New England,Private nonprofit,4-year,Bachelor's,0.7565,1250,1854,0.2235,0.2074,86708,65252,48550,48550,0.6751,27000,50180,68245,45943,93132,0.823,0.396,42.340602,-71.103634
Emmanuel University,Franklin Springs,GA,Southeast,Private nonprofit,4-year,Bachelor's,0.74,,775,0.2869,0.3562,46336,37604,25500,25500,0.4228,24325,37595,38208,18566,57243,0.575,0.637,34.283641,-83.14822
Emmaus Bible College,Dubuque,IA,Plains,Private nonprofit,4-year,Certificate,0.5979,1161,224,0.4315,,44972,30971,20800,20800,0.8298,15750,34653,42631,23874,60207,0.584,0.369,42.508307,-90.706011
Emory & Henry University,Emory,VA,Southeast,Private nonprofit,4-year,Bachelor's,0.8365,1135,1078,0.3848,0.2671,53148,52854,39000,39000,0.5634,26332,39448,47385,30905,68854,0.759,0.556,36.772857,-81.829142
Emory University,Atlanta,GA,Southeast,Private nonprofit,4-year,Bachelor's,0.1065,1520,7298,0.1821,0.1639,56041,83622,64280,64280,0.9109,18250,74980,80137,57523,120080,0.894,0.228,33.790183,-84.325512
Emory University-Oxford College,Oxford,GA,Southeast,Private nonprofit,2-year,Associate,0.1311,1520,967,0.1552,0.1639,56041,83622,64280,64280,0.941,18250,74980,80137,57523,120080,0.894,0.228,33.6191,-83.871141
Empire Beauty  School-Lehigh Valley,Whitehall,PA,Mid East,Private for-profit,Less than 2-year,Certificate,,,99,0.6269,0.5699,14099,,,,0.6667,13000,19285,25073,10829,39642,0.405,0.518,40.63006,-75.485471
Empire Beauty School-Augusta,Augusta,GA,Southeast,Private for-profit,Less than 2-year,Certificate,,,73,0.7101,0.5014,15061,,,,0.3,10667,20215,23921,10818,39242,0.327,0.446,33.516811,-82.066289
Empire Beauty School-Aurora,Aurora,CO,Rocky Mountains,Private for-profit,Less than 2-year,Certificate,,,70,0.5693,0.5065,12594,,,,0.4091,10667,19897,24022,10614,40849,0.355,0.444,39.695935,-104.792572
Empire Beauty School-Avondale,Avondale,AZ,Southwest,Private for-profit,Less than 2-year,Certificate,,,236,0.5903,0.4906,14725,,,,0.5349,10231,21743,23589,10335,39321,0.339,0.434,33.463388,-112.274477
Empire Beauty School-Bloomfield,Bloomfield,NJ,Mid East,Private for-profit,Less than 2-year,Certificate,,,164,0.6892,0.5525,14091,,,,0.3684,13000,19338,23925,10394,40316,0.282,0.543,40.79497,-74.199706
Empire Beauty School-Bloomington,Bloomington,MN,Plains,Private for-profit,Less than 2-year,Certificate,,,128,0.5444,0.4906,14725,,,,0.7794,10231,21743,23589,10335,39321,0.339,0.434,44.82746,-93.287367
Empire Beauty School-Buffalo,Cheektowaga,NY,Mid East,Private for-profit,Less than 2-year,Certificate,,,87,0.6899,0.528,10876,,,,0.4615,10667,18493,22377,9788,38570,0.267,0.477,42.908206,-78.755118
Empire Beauty School-Center City Philadelphia,Philadelphia,PA,Mid East,Private for-profit,Less than 2-year,Certificate,,,279,0.7678,0.528,10876,,,,0.3645,10667,18493,22377,9788,38570,0.267,0.477,39.950921,-75.166566
Empire Beauty School-Chandler,Chandler,AZ,Southwest,Private for-profit,Less than 2-year,Certificate,,,104,0.619,0.5014,15061,,,,0.7083,10667,20215,23921,10818,39242,0.327,0.446,33.347586,-111.860423
Empire Beauty School-Charlotte,Charlotte,NC,Southeast,Private for-profit,Less than 2-year,Certificate,,,90,0.7708,0.5065,12594,,,,0.2353,10667,19897,24022,10614,40849,0.355,0.444,35.25855,-80.7837
Empire Beauty School-Cheltenham,Wyncote,PA,Mid East,Private for-profit,Less than 2-year,Certificate,,,152,0.7674,0.5014,15061,,,,0.5085,10667,20215,23921,10818,39242,0.327,0.446,40.082265,-75.16864
Empire Beauty School-Chenoweth,Louisville,KY,Southeast,Private for-profit,Less than 2-year,Certificate,,,100,0.5241,0.5014,15061,,,,0.5667,10667,20215,23921,10818,39242,0.327,0.446,38.255764,-85.65752
Empire Beauty School-Cherry Hill,Cherry Hill,NJ,Mid East,Private for-profit,Less than 2-year,Certificate,,,139,0.6837,0.5553,13280,,,,0.5682,10667,19174,24397,11012,39125,0.285,0.437,39.941469,-75.017823
Empire Beauty School-Cincinnati,Cincinnati,OH,Great Lakes,Private for-profit,Less than 2-year,Certificate,,,168,0.6928,0.6473,11104,,,,0.4407,16500,20636,23743,12147,38762,0.549,0.695,39.22325,-84.588841
Empire Beauty School-Concord,Concord,NC,Southeast,Private for-profit,Less than 2-year,Certificate,,,110,0.6906,0.5525,14091,,,,0.6512,13000,19338,23925,10394,40316,0.282,0.543,35.364022,-80.712059
Empire Beauty School-Dixie,Louisville,KY,Southeast,Private for-profit,Less than 2-year,Certificate,,,119,0.724,0.5553,13280,,,,0.5217,10667,19174,24397,11012,39125,0.285,0.437,38.167059,-85.830866
Empire Beauty School-E Memphis,Memphis,TN,Southeast,Private for-profit,Less than 2-year,Certificate,,,156,0.6322,0.528,10876,,,,0.6667,10667,18493,22377,9788,38570,0.267,0.477,35.115499,-89.90197
Empire Beauty School-Elizabethtown,Elizabethtown,KY,Southeast,Private for-profit,Less than 2-year,Certificate,,,171,0.6655,0.5065,12594,,,,0.5111,10667,19897,24022,10614,40849,0.355,0.444,37.697453,-85.878557
Empire Beauty School-Florence,Florence,KY,Southeast,Private for-profit,Less than 2-year,Certificate,,,124,0.6262,0.5525,14091,,,,0.75,13000,19338,23925,10394,40316,0.282,0.543,39.009553,-84.628998
Empire Beauty School-Glen Burnie,Glen Burnie,MD,Mid East,Private for-profit,Less than 2-year,Certificate,,,77,0.6692,0.5699,14099,,,,0.36,13000,19285,25073,10829,39642,0.405,0.518,39.203264,-76.616551
Empire Beauty School-Green Bay,Ashwaubenon,WI,Great Lakes,Private for-profit,Less than 2-year,Certificate,,,100,0.4823,0.4906,14725,,,,0.7273,10231,21743,23589,10335,39321,0.339,0.434,44.477375,-88.076427
Empire Beauty School-Gwinnett,Lawrenceville,GA,Southeast,Private for-profit,Less than 2-year,Certificate,,,130,0.6347,0.4906,14725,,,,0.5,10231,21743,23589,10335,39321,0.339,0.434,33.939252,-84.121878
Empire Beauty School-Hanover,Hanover,PA,Mid East,Private for-profit,Less than 2-year,Certificate,,,55,0.5581,0.5482,13614,,,,0.84,13583,20172,24407,11058,41242,0.428,0.557,39.818109,-76.995146
Empire Beauty School-Harrisburg,Harrisburg,PA,Mid East,Private for-profit,Less than 2-year,Certificate,,,152,0.7198,0.528,10876,,,,0.7241,10667,18493,22377,9788,38570,0.267,0.477,40.293647,-76.828798
Empire Beauty School-Hooksett,Hooksett,NH,New England,Private for-profit,Less than 2-year,Certificate,,,306,0.3083,0.4824,23233,,,,0.8333,7942,35629,33546,,50543,0.333,0.237,43.054992,-71.44412
Empire Beauty School-Indianapolis,Indianapolis,IN,Great Lakes,Private for-profit,Less than 2-year,Certificate,,,213,0.6548,0.5553,13280,,,,,10667,19174,24397,11012,39125,0.285,0.437,39.652185,-86.082066
Empire Beauty School-Jackson,Jackson,TN,Southeast,Private for-profit,Less than 2-year,Certificate,,,73,0.6526,0.5553,13280,,,,0.413,10667,19174,24397,11012,39125,0.285,0.437,35.63694,-88.847611
Empire Beauty School-Kennesaw,Kennesaw,GA,Southeast,Private for-profit,Less than 2-year,Certificate,,,161,0.669,0.4906,14725,,,,0.75,10231,21743,23589,10335,39321,0.339,0.434,34.012704,-84.56688
Empire Beauty School-Laconia,Laconia,NH,New England,Private for-profit,Less than 2-year,Certificate,,,92,0.3534,0.4824,23233,,,,0.6429,7942,35629,33546,,50543,0.333,0.237,43.527157,-71.469612
Empire Beauty School-Lakeland,Lakeland,FL,Southeast,Private for-profit,Less than 2-year,Certificate,,,145,0.6244,0.4906,14725,,,,0.5909,10231,21743,23589,10335,39321,0.339,0.434,28.108318,-81.973025
Empire Beauty School-Lancaster,Lancaster,PA,Mid East,Private for-profit,Less than 2-year,Certificate,,,85,0.5797,0.5699,14099,,,,0.8529,13000,19285,25073,10829,39642,0.405,0.518,40.038813,-76.354033
Empire Beauty School-Lebanon,Lebanon,PA,Mid East,Private for-profit,Less than 2-year,Certificate,,,49,0.4727,0.528,10876,,,,0.68,10667,18493,22377,9788,38570,0.267,0.477,40.311029,-76.423302
Empire Beauty School-Littleton,Littleton,CO,Rocky Mountains,Private for-profit,Less than 2-year,Certificate,,,48,0.4444,0.5065,12594,,,,0.6452,10667,19897,24022,10614,40849,0.355,0.444,39.608128,-105.097089
Empire Beauty School-Maine,Bangor,ME,New England,Private for-profit,Less than 2-year,Certificate,,,117,0.5705,0.5525,14091,,,,0.6667,13000,19338,23925,10394,40316,0.282,0.543,44.824546,-68.777161
Empire Beauty School-Malden,Malden,MA,New England,Private for-profit,Less than 2-year,Certificate,,,95,0.5731,0.5014,15061,,,,0.7805,10667,20215,23921,10818,39242,0.327,0.446,42.427368,-71.076619
Empire Beauty School-Manhattan,New York,NY,Mid East,Private for-profit,Less than 2-year,Certificate,,,388,0.7099,0.5065,12594,,,,0.512,10667,19897,24022,10614,40849,0.355,0.444,40.748938,-73.986453
Empire Beauty School-Michigan,Grand Rapids,MI,Great Lakes,Private for-profit,Less than 2-year,Certificate,,,259,0.5335,0.528,10876,,,,0.5727,10667,18493,22377,9788,38570,0.267,0.477,43.028642,-85.691067
Empire Beauty School-Midlothian,Midlothian,VA,Southeast,Private for-profit,Less than 2-year,Certificate,,,125,0.5556,0.5014,15061,,,,0.4444,10667,20215,23921,10818,39242,0.327,0.446,37.43843,-77.593651
Empire Beauty School-Milwaukee,Milwaukee,WI,Great Lakes,Private for-profit,Less than 2-year,Certificate,,,111,0.6566,0.4906,14725,,,,0.4688,10231,21743,23589,10335,39321,0.339,0.434,42.94256,-87.950452
Empire Beauty School-Monroeville,Monroeville,PA,Mid East,Private for-profit,Less than 2-year,Certificate,,,84,0.7143,0.5699,14099,,,,0.7105,13000,19285,25073,10829,39642,0.405,0.518,40.434651,-79.785227
Empire Beauty School-Morrow,Morrow,GA,Southeast,Private for-profit,Less than 2-year,Certificate,,,242,0.6935,0.5553,13280,,,,0.2874,10667,19174,24397,11012,39125,0.285,0.437,33.564936,-84.32568
Empire Beauty School-NE Philadelphia,Philadelphia,PA,Mid East,Private for-profit,Less than 2-year,Certificate,,,110,0.5158,0.5482,13614,,,,0.8214,13583,20172,24407,11058,41242,0.428,0.557,40.084983,-74.971093
Empire Beauty School-Nashville,Brentwood,TN,Southeast,Private for-profit,Less than 2-year,Certificate,,,111,0.4976,0.5014,15061,,,,0.72,10667,20215,23921,10818,39242,0.327,0.446,35.967868,-86.814676
Empire Beauty School-Newport News,Newport News,VA,Southeast,Private for-profit,Less than 2-year,Certificate,,,92,0.5638,0.5014,15061,,,,0.5,10667,20215,23921,10818,39242,0.327,0.446,37.114415,-76.504353
Empire Beauty School-North Hills,Pittsburgh,PA,Mid East,Private for-profit,Less than 2-year,Certificate,,,83,0.7203,0.528,10876,,,,0.4667,10667,18493,22377,9788,38570,0.267,0.477,40.51987,-80.004389
Empire Beauty School-Northlake,Atlanta,GA,Southeast,Private for-profit,Less than 2-year,Certificate,,,127,0.6907,0.5482,13614,,,,0.2222,13583,20172,24407,11058,41242,0.428,0.557,33.847741,-84.256996
Empire Beauty School-Owings Mills,Owings Mills,MD,Mid East,Private for-profit,Less than 2-year,Certificate,,,121,0.6828,0.5699,14099,,,,0.3864,13000,19285,25073,10829,39642,0.405,0.518,39.403672,-76.761993
Empire Beauty School-Peekskill,Peekskill,NY,Mid East,Private for-profit,Less than 2-year,Certificate,,,49,0.4643,0.3889,14414,,,,0.8889,6554,18726,27916,10552,51163,,0.235,41.291484,-73.918806
Empire Beauty School-Pineville,Charlotte,NC,Southeast,Private for-profit,Less than 2-year,Certificate,,,75,0.6134,0.5525,14091,,,,0.4815,13000,19338,23925,10394,40316,0.282,0.543,35.089864,-80.865367
Empire Beauty School-Pottsville,Pottsville,PA,Mid East,Private for-profit,Less than 2-year,Certificate,,,74,0.5979,0.4906,14725,,,,0.6,10231,21743,23589,10335,39321,0.339,0.434,40.706451,-76.186417
Empire Beauty School-Queens,Astoria,NY,Mid East,Private for-profit,Less than 2-year,Certificate,,,172,0.6728,0.5553,13280,,,,0.614,10667,19174,24397,11012,39125,0.285,0.437,40.759259,-73.919033
Empire Beauty School-Reading,Reading,PA,Mid East,Private for-profit,Less than 2-year,Certificate,,,90,0.6457,0.5014,15061,,,,0.8235,10667,20215,23921,10818,39242,0.327,0.446,40.370166,-75.927465
Empire Beauty School-Richmond,Richmond,VA,Southeast,Private for-profit,Less than 2-year,Certificate,,,77,0.5887,0.5014,15061,,,,0.3929,10667,20215,23921,10818,39242,0.327,0.446,37.634052,-77.550607
Empire Beauty School-Rochester,Rochester,NY,Mid East,Private for-profit,Less than 2-year,Certificate,,,67,0.6761,0.5065,12594,,,,0.6061,10667,19897,24022,10614,40849,0.355,0.444,43.216013,-77.726297
Empire Beauty School-Savannah,Savannah,GA,Southeast,Private for-profit,Less than 2-year,Certificate,,,127,0.6032,0.5065,12594,,,,0.4032,10667,19897,24022,10614,40849,0.355,0.444,32.008498,-81.110045
Empire Beauty School-Shamokin Dam,Shamokin Dam,PA,Mid East,Private for-profit,Less than 2-year,Certificate,,,69,0.5182,0.5699,14099,,,,0.825,13000,19285,25073,10829,39642,0.405,0.518,40.854559,-76.815891
Empire Beauty School-Speedway,Speedway,IN,Great Lakes,Private for-profit,Less than 2-year,Certificate,,,166,0.6502,0.5482,13614,,,,0.4348,13583,20172,24407,11058,41242,0.428,0.557,39.80055,-86.261512
Empire Beauty School-Spring Lake Park,Spring Lake Park,MN,Plains,Private for-profit,Less than 2-year,Certificate,,,95,0.6269,0.5525,14091,,,,0.5161,13000,19338,23925,10394,40316,0.282,0.543,45.117185,-93.26237
Empire Beauty School-Springfield,Springfield,PA,Mid East,Private for-profit,Less than 2-year,Certificate,,,188,0.7089,0.5699,14099,,,,0.6349,13000,19285,25073,10829,39642,0.405,0.518,39.93765,-75.349771
Empire Beauty School-Stone Park,Stone Park,IL,Great Lakes,Private for-profit,Less than 2-year,Certificate,,,136,0.6897,0.5482,13614,,,,0.381,13583,20172,24407,11058,41242,0.428,0.557,41.907282,-87.871263
Empire Beauty School-Tampa,Tampa,FL,Southeast,Private for-profit,Less than 2-year,Certificate,,,111,0.5955,0.5014,15061,,,,0.5429,10667,20215,23921,10818,39242,0.327,0.446,27.941959,-82.338274
Empire Beauty School-Thornton,Thornton,CO,Rocky Mountains,Private for-profit,Less than 2-year,Certificate,,,149,0.5862,0.5553,13280,,,,0.5769,10667,19174,24397,11012,39125,0.285,0.437,39.915253,-104.94357
Empire Beauty School-Tucson,Tucson,AZ,Southwest,Private for-profit,Less than 2-year,Certificate,,,203,0.5043,0.5699,14099,,,,0.8333,13000,19285,25073,10829,39642,0.405,0.518,32.235657,-110.927187
Empire Beauty School-Union,Union,NJ,Mid East,Private for-profit,Less than 2-year,Certificate,,,103,0.7447,0.5525,14091,,,,0.439,13000,19338,23925,10394,40316,0.282,0.543,40.684576,-74.238364
Empire Beauty School-Vernon Hills,Vernon Hills,IL,Great Lakes,Private for-profit,Less than 2-year,Certificate,,,50,0.6023,0.5482,13614,,,,0.6957,13583,20172,24407,11058,41242,0.428,0.557,42.241767,-87.958698
Empire Beauty School-Virginia Beach,Virginia Beach,VA,Southeast,Private for-profit,Less than 2-year,Certificate,,,163,0.6314,0.5482,13614,,,,0.3684,13583,20172,24407,11058,41242,0.428,0.557,36.838455,-76.135548
Empire Beauty School-Warwick,Providence,RI,New England,Private for-profit,Less than 2-year,Certificate,,,107,0.5973,0.4906,14725,,,,0.8776,10231,21743,23589,10335,39321,0.339,0.434,41.821724,-71.422425
Empire Beauty School-West Greensboro,Greensboro,NC,Southeast,Private for-profit,Less than 2-year,Certificate,,,99,0.7243,0.5482,13614,,,,0.3191,13583,20172,24407,11058,41242,0.428,0.557,36.051588,-79.90432
Empire Beauty School-West Mifflin,West Mifflin,PA,Mid East,Private for-profit,Less than 2-year,Certificate,,,82,0.7119,0.5699,14099,,,,0.5161,13000,19285,25073,10829,39642,0.405,0.518,40.344669,-79.946147
Empire Beauty School-West Palm,West Palm Beach,FL,Southeast,Private for-profit,Less than 2-year,Certificate,,,96,0.7542,0.5699,14099,,,,0.6,13000,19285,25073,10829,39642,0.405,0.518,26.705541,-80.107401
Empire Beauty School-Winston-Salem,Winston-Salem,NC,Southeast,Private for-profit,Less than 2-year,Certificate,,,80,0.7045,0.5553,13280,,,,0.44,10667,19174,24397,11012,39125,0.285,0.437,36.152612,-80.282751
Empire Beauty School-Wyoming Valley,Moosic,PA,Mid East,Private for-profit,Less than 2-year,Certificate,,,176,0.5658,0.5014,15061,,,,0.7705,10667,20215,23921,10818,39242,0.327,0.446,41.375743,-75.701735
Empire Beauty School-York,York,PA,Mid East,Private for-profit,Less than 2-year,Certificate,,,90,0.6424,0.5014,15061,,,,0.7381,10667,20215,23921,10818,39242,0.327,0.446,39.972543,-76.674663
Empire State University,Saratoga Springs,NY,Mid East,Public,4-year,Bachelor's,,,7585,0.3683,0.4506,26758,19699,7648,17558,0.4123,18730,50167,54080,30511,80195,0.711,0.346,43.077283,-73.782484
Employment Solutions-College for Technical Education,Lexington,KY,Southeast,Private nonprofit,Less than 2-year,Certificate,,,203,0.5702,0.5652,5881,,,,0.6304,11600,17524,20156,8715,34629,,0.576,37.982131,-84.483346
Emporia State University,Emporia,KS,Plains,Public,4-year,Bachelor's,0.9771,1120,2239,0.3449,0.3396,51017,21967,7106,15419,0.561,19500,41389,47601,32486,63000,0.734,0.41,38.414784,-96.179021
Endicott College,Beverly,MA,New England,Private nonprofit,4-year,Bachelor's,0.7121,1274,3125,0.13,0.1895,98646,59328,40650,40650,0.7556,27000,57286,58336,38702,86105,0.846,0.463,42.553296,-70.840847
Ensign College,Salt Lake City,UT,Rocky Mountains,Private nonprofit,4-year,Certificate,,,7568,0.082,0.296,27046,14145,4004,4004,0.4329,,43320,50630,28995,80715,0.66,,40.77113,-111.9002
Enterprise State Community College,Enterprise,AL,Southeast,Public,2-year,Associate,,,1585,0.3496,0.4219,20456,19956,5100,8970,0.4176,7499,32883,42572,21710,71583,0.568,0.176,31.297496,-85.836956
Epic Bible College & Graduate School,Sacramento,CA,Far West,Private nonprofit,4-year,Bachelor's,,,66,0.4844,0.4681,19850,,15072,15072,0.0,,33779,37822,16540,60117,0.579,,38.645152,-121.362642
Eric Fisher Academy,Wichita,KS,Plains,Private for-profit,Less than 2-year,Certificate,,,161,0.4495,0.4667,33619,,,,0.8519,9339,23414,32858,14251,44445,,0.284,37.693713,-97.422011
Erie 1 BOCES,West Seneca,NY,Mid East,Public,Less than 2-year,Certificate,,,383,0.5379,0.4515,21028,,,,0.96,9500,43451,47114,29178,60251,0.686,0.202,42.851567,-78.78642
Erie 2 Chautauqua Cattaraugus BOCES-Practical Nursing Program,Angola,NY,Mid East,Public,Less than 2-year,Certificate,,,24,0.597,0.3548,16188,,,,1.0,,42766,47270,26083,58842,0.636,,42.117532,-79.21915
Erie Community College,Buffalo,NY,Mid East,Public,2-year,Associate,,,6099,0.3803,0.3843,25064,14348,6100,11300,0.2798,9250,34042,41228,22181,60772,0.63,0.224,42.881771,-78.872679
Erie Institute of Technology Inc,Erie,PA,Mid East,Private for-profit,2-year,Certificate,,,221,0.4754,0.5031,29166,38471,15264,15264,0.6667,10738,37468,41951,20430,62744,0.584,0.256,42.071725,-80.100853
Erskine College,Due West,SC,Southeast,Private nonprofit,4-year,Bachelor's,0.6274,,766,0.468,0.2225,60991,55248,36710,36710,0.4518,27000,39618,53459,36547,77842,0.768,0.505,34.332087,-82.39095
Erwin Technical College,Tampa,FL,Southeast,Public,2-year,Certificate,,,581,0.1569,0.4859,14686,,,,0.8025,,34887,37966,19256,58161,0.569,,27.997242,-82.435933
Escuela De Troqueleria Y Herramentaje,Bayamon,PR,Outlying Areas,Public,2-year,Certificate,1.0,,69,0.9091,0.4221,6228,7750,3850,3850,0.5882,,22824,26293,14236,40523,0.36,,18.374732,-66.143939
Escuela Hotelera de San Juan,Hato Rey,PR,Outlying Areas,Private for-profit,Less than 2-year,Certificate,,,397,0.8807,0.5251,4490,23183,15462,15462,0.8529,3500,20385,20854,11113,35159,0.267,0.168,18.417008,-66.046598
Escuela Tecnica de Electricidad,Ponce,PR,Outlying Areas,Private for-profit,Less than 2-year,Certificate,,,183,0.727,0.465,334,,,,0.9533,,25110,26398,14498,44753,0.371,,18.010451,-66.619944
Escuela de Artes Plasticas y Diseno de Puerto Rico,San Juan,PR,Outlying Areas,Public,4-year,Bachelor's,1.0,,466,0.7807,0.1734,19630,9057,4902,8502,0.4478,,12949,21790,8867,38269,0.357,,18.46778,-66.121348
Essex County College,Newark,NJ,Mid East,Public,2-year,Associate,,,5855,0.4686,0.5718,15822,12506,5415,9523,0.199,,30298,37230,18112,58258,0.576,,40.738444,-74.178234
Estelle Medical Academy,Skokie,IL,Great Lakes,Private for-profit,Less than 2-year,Certificate,,,66,0.6308,0.5879,17138,12400,9180,9180,0.8621,5657,24165,24290,10315,44998,,0.233,42.059097,-87.74816
Estelle Skin Care and Spa Institute,Skokie,IL,Great Lakes,Private for-profit,Less than 2-year,Certificate,,,141,0.4505,0.5214,19505,,,,0.8621,7136,21402,25148,11281,47174,,0.284,42.06358,-87.747041
Estes Institute of Cosmetology Arts and Science,Visalia,CA,Far West,Private for-profit,Less than 2-year,Certificate,,,41,0.4353,0.5098,12088,,,,0.8462,,10833,26965,9243,37024,0.25,,36.330422,-119.289234
Estrella Mountain Community College,Avondale,AZ,Southwest,Public,2-year,Certificate,,,4512,0.2358,0.5426,27266,18040,2358,8958,0.3223,7500,39357,44356,27035,64043,0.642,0.169,33.480722,-112.343158
Eureka College,Eureka,IL,Great Lakes,Private nonprofit,4-year,Bachelor's,0.8499,,522,0.4858,0.3416,59797,39578,29096,29096,0.4161,23250,42968,51641,35183,66939,0.673,0.45,40.71482,-89.269624
European Massage Therapy School-Las Vegas,Las Vegas,NV,Far West,Private for-profit,Less than 2-year,Certificate,,,84,0.5714,0.5879,17138,,,,,5657,24165,24290,10315,44998,,0.233,36.145445,-115.300577
Evangel University,Springfield,MO,Plains,Private nonprofit,4-year,Bachelor's,0.7161,1188,1229,0.3125,0.2611,53228,39956,28548,28548,0.6503,24736,39332,46573,30919,66982,0.715,0.531,37.220956,-93.262614
Evangel University-College of Online Learning,Springfield,MO,Plains,Private nonprofit,4-year,Bachelor's,0.4918,,240,0.444,0.2611,53228,26454,8175,8175,0.5,24736,39332,46573,30919,66982,0.715,0.531,37.220956,-93.262614
Evangel University-James River Assembly of God Church,Ozark,MO,Plains,Private nonprofit,2-year,Associate,0.7405,720,89,0.449,0.2611,53228,31042,18080,18080,0.5714,24736,39332,46573,30919,66982,0.715,0.531,37.075963,-93.227055
Evans Hairstyling College-Rexburg,Rexburg,ID,Rocky Mountains,Private for-profit,2-year,Certificate,,,76,0.4359,,32072,,,,0.8734,,16452,16984,4914,33095,,,43.824716,-111.812372
Evans Hairstyling College-St George,Saint George,UT,Rocky Mountains,Private for-profit,2-year,Certificate,,,66,0.1852,,28429,,,,0.88,,,16916,,35419,,,37.107716,-113.561412
Everett Community College,Everett,WA,Far West,Public,4-year,Associate,,,4709,0.1713,0.4655,22038,20451,5032,11171,0.3662,10417,39316,45434,23181,69962,0.644,0.229,48.006626,-122.204736
Everglades University,Boca Raton,FL,Southeast,Private nonprofit,4-year,Bachelor's,0.8145,,2789,0.7201,0.418,22435,38913,21680,21680,0.6136,38996,38557,47597,23905,81263,0.696,0.819,26.391218,-80.108331
Everglades University - Miami,Miami,FL,Southeast,Private nonprofit,4-year,Not classified,,,,,0.418,22435,,21680,21680,,38996,38557,47597,23905,81263,0.696,0.819,,
Everglades University - Tampa,Tampa,FL,Southeast,Private nonprofit,4-year,Not classified,,,,,0.418,22435,,21680,21680,,38996,38557,47597,23905,81263,0.696,0.819,,
Everglades University-Orlando,Maitland,FL,Southeast,Private nonprofit,4-year,Not classified,,,,,0.418,22435,,21680,21680,,38996,38557,47597,23905,81263,0.696,0.819,,
Everglades University-Sarasota,Sarasota,FL,Southeast,Private nonprofit,4-year,Not classified,,,,,0.418,22435,,21680,21680,,38996,38557,47597,23905,81263,0.696,0.819,,
Evergreen Beauty and Barber College-Everett,Everett,WA,Far West,Private for-profit,Less than 2-year,Certificate,,,1172,0.4047,0.4379,22326,,,,0.8305,7917,25480,26872,14100,49933,,0.295,47.909189,-122.221962
Evergreen Valley College,San Jose,CA,Far West,Public,2-year,Associate,,,7688,0.2244,0.6373,15200,22105,1366,8718,0.4056,13219,39807,53077,27259,79702,0.648,0.249,37.30167,-121.76561
Eves College of Hairstyling,Lawton,OK,Southwest,Private for-profit,Less than 2-year,Certificate,,,86,0.7333,0.569,16812,,,,0.6389,7147,11839,15956,6842,28101,0.214,0.448,34.604991,-98.402794
Excelsior University,Albany,NY,Mid East,Private nonprofit,4-year,Bachelor's,,,11550,0.2824,0.4773,37975,,,,,13769,63796,78493,51321,113139,,0.175,42.705487,-73.862981
Fairfield University,Fairfield,CT,New England,Private nonprofit,4-year,Bachelor's,0.3329,1335,5373,0.0692,0.1654,117152,76074,58350,58350,0.843,26000,73693,88794,56485,120240,0.903,0.293,41.157673,-73.255903
Fairleigh Dickinson University-Florham Campus,Madison,NJ,Mid East,Private nonprofit,4-year,Bachelor's,0.9519,,1990,0.3645,0.4255,39799,54204,38004,38004,0.6662,25000,45916,57273,33741,85029,0.785,0.437,40.774498,-74.432121
Fairleigh Dickinson University-Metropolitan Campus,Teaneck,NJ,Mid East,Private nonprofit,4-year,Bachelor's,0.9071,,2627,0.2195,0.4255,39799,50305,38004,38004,0.5332,25000,45916,57273,33741,85029,0.785,0.437,40.897209,-74.028986
Fairmont State University,Fairmont,WV,Southeast,Public,4-year,Bachelor's,0.9862,996,2590,0.3429,0.414,41285,20018,8708,18924,0.4425,21000,41197,46857,28411,69615,0.636,0.448,39.483079,-80.162433
Faith Baptist Bible College and Theological Seminary,Ankeny,IA,Plains,Private nonprofit,4-year,Bachelor's,0.6752,1109,405,0.3533,,48044,32722,20270,20270,0.6753,12971,33372,40650,17198,59192,0.634,0.319,41.737082,-93.624422
Faith International University,Tacoma,WA,Far West,Private nonprofit,4-year,Bachelor's,,,276,0.4694,,34426,31368,8850,8850,0.25,17650,52989,51006,31986,84275,,0.346,47.280168,-122.51687
Farmingdale State College,Farmingdale,NY,Mid East,Public,4-year,Bachelor's,0.6329,1147,9552,0.3625,0.397,40462,18966,8626,18536,0.5278,14718,55901,69781,43364,99020,0.8,0.211,40.754224,-73.42832
Fashion Institute of Technology,New York,NY,Mid East,Public,4-year,Associate,0.6024,,7637,0.3202,0.276,46417,26838,6294,16874,0.8068,12000,50102,62696,30971,90913,0.731,0.191,40.74731,-73.994781
Faulkner University,Montgomery,AL,Southeast,Private nonprofit,4-year,Bachelor's,0.7307,1020,1549,0.4562,0.43,24038,37626,23920,23920,0.374,23000,37313,43457,25494,64288,0.688,0.529,32.384181,-86.21641
Faust Institute of Cosmetology-Spirit Lake,Spirit Lake,IA,Plains,Private for-profit,Less than 2-year,Certificate,,,22,0.4231,,17540,,,,0.9231,,20200,23784,19411,36711,,,43.42141,-95.113596
Fayette County Career & Technical Institute Practical Nursing Program,Uniontown,PA,Mid East,Public,Less than 2-year,Certificate,,,71,0.8837,0.4571,22430,,,,0.7419,,43507,49229,32382,65772,0.627,,39.860976,-79.741718
Fayette Institute of Technology,Oak Hill,WV,Southeast,Public,Less than 2-year,Certificate,,,32,0.5676,,16886,,,,0.9167,,37056,41880,18175,57249,,,37.988801,-81.146785
Fayetteville State University,Fayetteville,NC,Southeast,Public,4-year,Bachelor's,0.8215,959,5762,0.566,0.409,23815,16652,4353,8353,0.3846,22987,37831,40144,25067,56069,0.587,0.573,35.073641,-78.891696
Fayetteville Technical Community College,Fayetteville,NC,Southeast,Public,2-year,Certificate,,,9471,0.328,0.4509,20350,11277,2628,8772,0.235,11500,28528,31861,16162,48844,0.516,0.361,35.068851,-78.92658
Feather River Community College District,Quincy,CA,Far West,Public,4-year,Associate,,,1828,0.1644,0.4843,24226,20385,1465,10435,0.3457,10750,33495,38142,17691,58787,0.522,0.282,39.953101,-120.973067
Federico Beauty Institute,Sacramento,CA,Far West,Private for-profit,Less than 2-year,Certificate,,,220,0.4987,0.4712,25880,,,,0.8816,6333,26329,29856,7923,51671,0.498,0.212,38.64883,-121.497761
Felician University,Lodi,NJ,Mid East,Private nonprofit,4-year,Bachelor's,,,1774,0.5247,0.4949,32635,50316,39300,39300,0.4722,25000,56957,57602,34174,98153,0.737,0.434,40.867272,-74.096452
Ferris State University,Big Rapids,MI,Great Lakes,Public,4-year,Bachelor's,0.9139,1012,8106,0.3423,0.353,41668,27048,14778,14778,0.4687,21000,47339,54735,34587,80060,0.766,0.384,43.687724,-85.481925
Ferrum College,Ferrum,VA,Southeast,Private nonprofit,4-year,Bachelor's,0.8898,,699,0.5427,0.3885,35818,54526,28520,28520,0.319,27000,36418,44296,28441,59166,0.732,0.61,36.926431,-80.020614
Finger Lakes Community College,Canandaigua,NY,Mid East,Public,2-year,Associate,,,2980,0.273,0.3795,32408,19900,6234,8418,0.3016,12975,36637,40054,22600,57845,0.598,0.324,42.867556,-77.241801
Finger Lakes Health College of Nursing & Health Sciences,Geneva,NY,Mid East,Private nonprofit,2-year,Associate,1.0,,65,0.6615,0.3795,32408,,13620,13620,,12975,36637,40054,22600,57845,0.598,0.324,42.876429,-76.987844
Firelands Regional Medical Center School of Nursing,Sandusky,OH,Great Lakes,Private nonprofit,2-year,Certificate,,,65,0.5211,,54244,,,,,11750,66542,68723,52933,83545,0.821,0.171,41.43719,-82.71189
First Class Cosmetology School,Beloit,WI,Great Lakes,Private for-profit,Less than 2-year,Certificate,,,92,0.7338,0.506,11512,,,,0.8649,10194,20372,26792,,39338,,0.38,42.49901,-89.036231
First Coast Technical College,Saint Augustine,FL,Southeast,Public,Less than 2-year,Certificate,,,727,0.3234,0.5055,16018,,,,0.7685,,33009,33784,16905,51463,0.426,,29.924377,-81.345829
First Institute of Travel Inc.,Crystal Lake,IL,Great Lakes,Private for-profit,Less than 2-year,Certificate,,,278,0.58,0.5964,20384,,,,0.7237,9500,34254,36196,23404,46935,0.594,0.262,42.21926,-88.339468
Fisher College,Boston,MA,New England,Private nonprofit,4-year,Bachelor's,0.7068,,1167,0.3967,0.4677,29242,53921,35689,35689,0.2775,25000,44366,49669,25469,72974,0.639,0.503,42.355253,-71.074125
Fisk University,Nashville,TN,Southeast,Private nonprofit,4-year,Bachelor's,0.3742,1200,1035,0.5179,0.2658,30520,39450,25858,25858,0.2993,27000,33604,45454,25449,63020,0.689,0.594,36.167087,-86.804805
Fitchburg State University,Fitchburg,MA,New England,Public,4-year,Bachelor's,0.8693,1150,2752,0.3279,0.3591,56249,25555,11346,17426,0.5512,24239,41999,53874,36940,76793,0.774,0.45,42.588298,-71.789666
Five Towns College,Dix Hills,NY,Mid East,Private for-profit,4-year,Bachelor's,0.5382,,547,0.3444,0.3171,41770,42458,30250,30250,0.5532,21500,25305,35887,14675,54860,0.65,0.599,40.794506,-73.369348
Flagler College,Saint Augustine,FL,Southeast,Private nonprofit,4-year,Bachelor's,0.8076,1084,2391,0.2907,0.2804,53602,45744,29900,29900,0.5598,24250,41963,49483,33439,68796,0.727,0.49,29.892733,-81.314887
Flathead Valley Community College,Kalispell,MT,Rocky Mountains,Public,2-year,Associate,,,1202,0.1858,0.4008,27476,14882,4912,11659,0.2925,10500,32850,38520,21039,57548,0.538,0.273,48.227389,-114.327258
Fletcher Technical Community College,Schriever,LA,Southeast,Public,2-year,Certificate,,,2136,0.5923,0.5894,20469,17452,4219,4219,0.3017,10064,28291,32189,16948,49559,0.627,0.313,29.690884,-90.811707
Flint Hills Technical College,Emporia,KS,Plains,Public,2-year,Certificate,,,352,0.0848,0.4469,35141,20965,6400,6400,0.6782,6625,43014,47007,29352,66690,0.628,0.141,38.41888,-96.224141
Florence-Darlington Technical College,Florence,SC,Southeast,Public,2-year,Certificate,,,3055,0.4686,0.483,17043,10731,4636,6772,0.3369,12250,27042,32748,18552,51709,0.499,0.374,34.243882,-79.81469
Florida Academy of Health & Beauty,Oakland Park,FL,Southeast,Private for-profit,Less than 2-year,Certificate,,,54,0.6408,,13763,,,,0.8333,3333,13812,18116,10296,33050,,0.184,26.16627,-80.181569
Florida Agricultural and Mechanical University,Tallahassee,FL,Southeast,Public,4-year,Bachelor's,0.2056,1107,7582,0.5431,0.3659,28782,23970,5785,17725,0.5335,23548,36153,44349,27036,65195,0.704,0.531,30.428504,-84.290226
Florida Atlantic University,Boca Raton,FL,Southeast,Public,4-year,Bachelor's,0.6613,1127,23757,0.3392,0.3878,28064,21522,4879,17324,0.6257,17236,45647,56746,37067,81414,0.762,0.304,26.372421,-80.102978
Florida College,Temple Terrace,FL,Southeast,Private nonprofit,4-year,Bachelor's,0.6966,1108,588,0.2314,0.2351,66398,34870,20360,20360,0.5404,12000,42430,43445,26838,68082,0.664,0.276,28.034936,-82.383289
Florida Education Institute,Miami,FL,Southeast,Private for-profit,2-year,Certificate,,,318,0.5969,0.5213,9970,,,,0.736,9500,22243,24588,12104,37480,0.16,0.386,25.76325,-80.290496
Florida Gateway College,Lake City,FL,Southeast,Public,4-year,Certificate,,,2301,0.3983,0.554,21618,14388,3100,11747,0.5391,6992,33237,37894,21851,55093,0.545,0.185,30.175298,-82.5679
Florida Gulf Coast University,Fort Myers,FL,Southeast,Public,4-year,Bachelor's,0.6344,1114,13874,0.2788,0.3595,43546,20807,6118,25162,0.574,17622,45029,54560,36485,77458,0.762,0.323,26.463638,-81.7726
Florida Institute of Technology,Melbourne,FL,Southeast,Private nonprofit,4-year,Bachelor's,0.577,1225,3404,0.2111,0.4013,30032,62440,45900,45900,0.6354,27000,41941,43137,21924,71519,0.856,0.626,28.065773,-80.623123
Florida International University,Miami,FL,Southeast,Public,4-year,Bachelor's,0.5466,1163,39508,0.4137,0.414,23924,21462,6565,18964,0.7443,16500,47768,60249,37426,87897,0.783,0.274,25.75732,-80.373928
Florida Memorial University,Miami Gardens,FL,Southeast,Private nonprofit,4-year,Bachelor's,0.8526,,1183,0.6913,0.4602,20624,35809,20174,20174,0.311,30063,28943,36624,19267,54357,0.518,0.821,25.918278,-80.270753
Florida National University Training Center,Hialeah,FL,Southeast,Private for-profit,4-year,Not classified,,,,,0.5662,13365,,17368,17368,,27554,29347,33928,16196,53955,0.441,0.812,,
Florida National University-Main Campus,Hialeah,FL,Southeast,Private for-profit,4-year,Associate,,,2449,0.8546,0.5662,13365,33447,17368,17368,0.3119,27554,29347,33928,16196,53955,0.441,0.812,25.86178,-80.321846
Florida National University-South Campus,Miami,FL,Southeast,Private for-profit,4-year,Not classified,,,,,0.5662,13365,,17368,17368,,27554,29347,33928,16196,53955,0.441,0.812,,
Florida Panhandle Technical College,Chipley,FL,Southeast,Public,Less than 2-year,Certificate,,,157,0.2921,0.5301,15147,,,,0.4077,,29149,32320,15562,48568,0.481,,30.77449,-85.553345
Florida School of Massage,Gainesville,FL,Southeast,Private for-profit,Less than 2-year,Certificate,,,25,0.4444,0.3978,17131,,,,0.4545,7073,16915,26752,13251,41815,,0.264,29.593428,-82.338273
Florida School of Traditional Midwifery,Gainesville,FL,Southeast,Private nonprofit,2-year,Certificate,,,54,0.2877,,11909,,,,,38130,29671,38933,,54666,,0.979,29.652269,-82.31585
Florida SouthWestern State College,Fort Myers,FL,Southeast,Public,4-year,Associate,,,11052,0.347,0.5043,25854,14254,3401,12979,0.3921,8000,37028,43421,26268,63096,0.647,0.184,26.552403,-81.887102
Florida Southern College,Lakeland,FL,Southeast,Private nonprofit,4-year,Bachelor's,0.6442,1252,2656,0.281,0.2762,66112,60768,44040,44040,0.7055,25000,47749,55294,37450,81883,0.756,0.452,28.032443,-81.948203
Florida State College at Jacksonville,Jacksonville,FL,Southeast,Public,4-year,Associate,,,19648,0.3685,0.4411,25082,9323,2878,9992,0.3683,13562,36362,42244,23927,62565,0.625,0.321,30.334918,-81.659901
Florida State University,Tallahassee,FL,Southeast,Public,4-year,Bachelor's,0.2422,1361,32212,0.2297,0.2764,43729,25720,5656,18786,0.8561,18000,49814,61675,40653,90690,0.804,0.292,30.443147,-84.295064
Folsom Lake College,Folsom,CA,Far West,Public,2-year,Associate,,,9414,0.1601,0.4554,16381,13901,1288,12616,0.4411,,37052,42568,20497,70864,,,38.661372,-121.127486
Fond du Lac Tribal and Community College,Cloquet,MN,Plains,Public,4-year,Associate,,,557,0.1624,0.3989,19214,19659,6006,6006,0.2566,14181,37251,45665,22415,65727,0.544,0.311,46.690069,-92.451326
Foothill College,Los Altos Hills,CA,Far West,Public,4-year,Certificate,,,11137,0.0871,0.4989,19671,16361,1565,12590,0.5637,10500,48920,57072,30054,100193,0.736,0.184,37.361655,-122.127964
Fordham University,Bronx,NY,Mid East,Private nonprofit,4-year,Bachelor's,0.5931,1418,10512,0.2142,0.1764,97877,82762,64915,64915,0.8191,24300,68008,85569,55876,126936,0.836,0.284,40.859354,-73.882705
Formations Institute,Enid,OK,Southwest,Private for-profit,Less than 2-year,Certificate,,,39,0.7123,,17591,,,,0.6429,,18719,22058,8654,37156,,,36.393267,-97.927122
Formations Institute of Cosmetology & Barbering,Woodward,OK,Southwest,Private for-profit,Less than 2-year,Certificate,,,29,0.625,,12786,,,,0.4737,,16621,17260,,25520,,,36.43491,-99.386309
Forsyth Technical Community College,Winston-Salem,NC,Southeast,Public,2-year,Associate,,,7113,0.3935,0.4447,20000,14101,2276,6884,0.342,10000,30285,34139,18534,50990,0.522,0.293,36.06854,-80.272215
Fort Hays State University,Hays,KS,Plains,Public,4-year,Bachelor's,0.9026,1089,9733,0.2278,0.385,42454,19909,5923,17741,0.477,21000,44428,48928,32233,68294,0.738,0.429,38.872156,-99.342503
Fort Hays State University-Northwest Kansas Technical College,Goodland,KS,Plains,Public,2-year,Certificate,,,315,0.242,0.4031,33494,,,,0.732,12000,36392,38616,23205,60460,0.687,0.311,39.346424,-101.70022
Fort Hays Tech North Central,Beloit,KS,Plains,Public,2-year,Certificate,,,441,0.232,0.3519,37372,21454,7350,7350,0.7806,10000,41498,46928,31332,65352,0.702,0.213,39.482419,-98.110826
Fort Lewis College,Durango,CO,Rocky Mountains,Public,4-year,Bachelor's,0.773,1111,3079,0.3492,0.3085,41306,27030,9958,21526,0.3564,18389,36352,46349,28571,68747,0.658,0.397,37.275939,-107.867422
Fort Myers Technical College,Fort Myers,FL,Southeast,Public,2-year,Certificate,,,737,0.1913,0.5105,19016,,,,0.8112,,36467,40082,18961,60165,0.604,,26.647517,-81.836596
Fort Peck Community College,Poplar,MT,Rocky Mountains,Public,2-year,Associate,,,282,0.1985,0.3425,13492,10164,2250,2250,0.1667,,26328,14747,5624,35808,0.335,,48.113569,-105.193021
Fort Pierce Beauty Academy,Fort Pierce,FL,Southeast,Private for-profit,Less than 2-year,Certificate,,,28,0.9756,0.5203,11766,,,,0.8824,7917,19581,23091,11627,36609,0.273,0.343,27.411962,-80.325377
Fort Scott Community College,Fort Scott,KS,Plains,Public,2-year,Certificate,,,693,0.2527,0.401,28863,12669,3390,3840,0.3486,9500,30641,37213,18143,57831,0.603,0.255,37.816206,-94.715334
Fort Valley State University,Fort Valley,GA,Southeast,Public,4-year,Bachelor's,0.6587,994,2684,0.7332,0.3423,22382,19879,5526,16932,0.4111,31000,28649,36666,19149,53170,0.574,0.845,32.537595,-83.89537
Fortis College,Houston,TX,Southwest,Private for-profit,2-year,Certificate,,,455,0.8505,0.6365,13550,,,,0.6378,9500,32765,33193,15842,50176,0.671,0.286,29.732861,-95.64832
Fortis College,Mobile,AL,Southeast,Private for-profit,Less than 2-year,Certificate,,,315,0.8333,0.5391,14377,,,,0.4929,9500,26690,26652,13943,39298,0.345,0.356,30.68413,-88.205581
Fortis College-Baton Rouge,Baton Rouge,LA,Southeast,Private for-profit,2-year,Certificate,,,482,0.8587,0.5462,16204,33133,16467,16467,0.5043,12346,34430,32886,16920,47155,0.5,0.375,30.366448,-91.024833
Fortis College-Centerville,Centerville,OH,Great Lakes,Private for-profit,2-year,Certificate,,,547,0.7957,0.5414,16752,35305,14440,14440,0.4368,13000,33284,34726,18147,53141,0.625,0.374,39.644364,-84.146046
Fortis College-Cincinnati,Cincinnati,OH,Great Lakes,Private for-profit,2-year,Certificate,,,500,0.8175,0.5605,15144,36925,14763,14763,0.4969,12547,33189,36368,19282,51976,0.541,0.345,39.283312,-84.444969
Fortis College-Columbia,Columbia,SC,Southeast,Private for-profit,2-year,Certificate,,,582,0.7721,0.5605,15144,27793,14777,14777,0.4344,12547,33189,36368,19282,51976,0.541,0.345,34.01512,-81.081809
Fortis College-Columbus,Westerville,OH,Great Lakes,Private for-profit,2-year,Certificate,,,766,0.7343,0.5605,15144,34877,14935,14935,0.4012,12547,33189,36368,19282,51976,0.541,0.345,40.083063,-82.900188
Fortis College-Cutler Bay,Cutler Bay,FL,Southeast,Private for-profit,2-year,Associate,,,365,0.7016,0.5414,16752,30421,13806,13806,0.4839,13000,33284,34726,18147,53141,0.625,0.374,25.585653,-80.363995
Fortis College-Cuyahoga Falls,Cuyahoga Falls,OH,Great Lakes,Private for-profit,2-year,Certificate,,,583,0.7536,0.5376,21456,30500,14596,14596,0.4655,13000,33226,34509,17887,52189,0.46,0.377,41.143856,-81.470433
Fortis College-Dothan,Dothan,AL,Southeast,Private for-profit,Less than 2-year,Certificate,,,177,0.8523,0.5292,11732,,,,0.6094,9500,27043,32754,16296,47884,0.311,0.29,31.243014,-85.37446
Fortis College-Indianapolis,Indianapolis,IN,Great Lakes,Private for-profit,2-year,Certificate,,,322,0.794,0.5414,16752,35300,15072,15072,0.4412,13000,33284,34726,18147,53141,0.625,0.374,39.9184,-86.223181
Fortis College-Landover,Landover,MD,Mid East,Private for-profit,2-year,Certificate,,,566,0.7384,0.6363,16166,33587,16522,16522,0.4733,9500,32479,36920,19034,51136,0.6,0.257,38.949983,-76.866209
Fortis College-Montgomery,Montgomery,AL,Southeast,Private for-profit,Less than 2-year,Certificate,,,359,0.8693,0.5391,14377,,,,0.4575,9500,26690,26652,13943,39298,0.345,0.356,32.384006,-86.252163
Fortis College-Norfolk,Norfolk,VA,Southeast,Private for-profit,2-year,Certificate,,,399,0.7841,0.5292,11732,32005,14801,14801,0.2958,9500,27043,32754,16296,47884,0.311,0.29,36.846983,-76.190241
Fortis College-Orange Park,Orange Park,FL,Southeast,Private for-profit,2-year,Certificate,,,399,0.71,0.4959,18895,30435,14946,14946,0.3483,11238,33987,28506,12929,42891,0.444,0.394,30.148278,-81.759035
Fortis College-Richmond,Richmond,VA,Southeast,Private for-profit,2-year,Certificate,,,502,0.7568,0.5292,11732,31646,15688,15688,0.503,9500,27043,32754,16296,47884,0.311,0.29,37.58153,-77.488437
Fortis College-Salt Lake City,Salt Lake City,UT,Rocky Mountains,Private for-profit,2-year,Associate,,,383,0.6005,0.5376,21456,33657,13474,13474,0.5977,13000,33226,34509,17887,52189,0.46,0.377,40.685819,-111.870502
Fortis College-Smyrna,Smyrna,GA,Southeast,Private for-profit,2-year,Certificate,,,607,0.7697,0.5605,15144,31288,15543,15543,0.5868,12547,33189,36368,19282,51976,0.541,0.345,33.900255,-84.543009
Fortis Institute,Houston,TX,Southwest,Private for-profit,2-year,Certificate,,,422,0.79,0.6365,13550,,,,0.6746,9500,32765,33193,15842,50176,0.671,0.286,29.93744,-95.395051
Fortis Institute-Birmingham,Birmingham,AL,Southeast,Private for-profit,2-year,Certificate,,,613,0.8099,0.5462,16204,32927,15335,15335,0.3373,12346,34430,32886,16920,47155,0.5,0.375,33.442921,-86.862659
Fortis Institute-Cookeville,Cookeville,TN,Southeast,Private for-profit,2-year,Associate,,,334,0.781,0.5376,21456,31248,15120,15120,0.5,13000,33226,34509,17887,52189,0.46,0.377,36.143291,-85.478765
Fortis Institute-Forty Fort,Forty Fort,PA,Mid East,Private for-profit,Less than 2-year,Certificate,,,15,0.6667,0.5435,16808,30808,13955,13955,0.7111,9500,31301,30224,15606,44607,0.394,0.314,41.281911,-75.882975
Fortis Institute-Lawrenceville,Lawrenceville,NJ,Mid East,Private for-profit,Less than 2-year,Certificate,,,373,0.7898,0.6363,16166,,,,0.5357,9500,32479,36920,19034,51136,0.6,0.257,40.260811,-74.719102
Fortis Institute-Nashville,Nashville,TN,Southeast,Private for-profit,2-year,Certificate,,,393,0.75,0.5462,16204,35598,15627,15627,0.427,12346,34430,32886,16920,47155,0.5,0.375,36.084542,-86.696299
Fortis Institute-Pensacola,Pensacola,FL,Southeast,Private for-profit,2-year,Certificate,,,760,0.7104,0.5391,14377,35294,15069,15069,0.5429,9500,26690,26652,13943,39298,0.345,0.356,30.510415,-87.183112
Fortis Institute-Port Saint Lucie,Port Saint Lucie,FL,Southeast,Private for-profit,2-year,Certificate,,,546,0.7704,0.5462,16204,31929,14839,14839,0.5283,12346,34430,32886,16920,47155,0.5,0.375,27.3016,-80.303751
Fortis Institute-Scranton,Scranton,PA,Mid East,Private for-profit,2-year,Certificate,,,372,0.7136,0.5435,16808,29552,15348,15348,0.4595,9500,31301,30224,15606,44607,0.394,0.314,41.417104,-75.651683
Fortis Institute-Towson,Towson,MD,Mid East,Private for-profit,Less than 2-year,Certificate,,,354,0.7636,0.5605,15144,,,,0.443,12547,33189,36368,19282,51976,0.541,0.345,39.403271,-76.604593
Fortis Institute-Wayne,Wayne,NJ,Mid East,Private for-profit,Less than 2-year,Certificate,,,502,0.7298,0.6363,16166,,,,0.7234,9500,32479,36920,19034,51136,0.6,0.257,40.885499,-74.255794
Four County Career Center,Archbold,OH,Great Lakes,Public,Less than 2-year,Certificate,,,223,0.0029,,22568,,,,,,,77338,58762,92199,,,41.452808,-84.303115
Four Rivers Career Center,Washington,MO,Plains,Public,Less than 2-year,Certificate,,,30,0.6538,,22392,37936,18345,18345,1.0,10623,40221,48199,29747,69823,,0.22,38.547707,-91.020914
Fox College,Tinley Park,IL,Great Lakes,Private for-profit,2-year,Associate,0.7021,,200,0.4916,0.4252,27396,22971,17670,17670,0.7083,16209,40654,41539,25745,58293,0.656,0.39,41.563842,-87.785169
Fox Valley Technical College,Appleton,WI,Great Lakes,Public,2-year,Certificate,,,5825,0.1302,0.4499,32826,16862,5040,7283,0.6473,10402,42285,45684,29194,64374,0.682,0.228,44.283174,-88.45893
Framingham State University,Framingham,MA,New England,Public,4-year,Bachelor's,0.8361,1180,2566,0.3688,0.3225,55277,27413,11920,18000,0.478,25000,46611,52349,33919,81787,0.818,0.478,42.297116,-71.437565
Francis Marion University,Florence,SC,Southeast,Public,4-year,Bachelor's,0.8639,1015,2628,0.3762,0.3627,30782,23850,11160,21544,0.4339,27000,36304,43888,29906,65809,0.679,0.615,34.189777,-79.652854
Francis Tuttle Technology Center,Oklahoma City,OK,Southwest,Public,Less than 2-year,Certificate,,,886,0.0749,0.5057,14758,,,,0.522,,28114,32996,14079,50680,0.591,,35.60052,-97.640672
Franciscan Missionaries of Our Lady University,Baton Rouge,LA,Southeast,Private nonprofit,4-year,Bachelor's,0.987,,821,0.3121,0.4736,36926,28490,18310,18310,0.4545,27672,55851,59419,39310,86054,0.802,0.466,30.401379,-91.110587
Franciscan University of Steubenville,Steubenville,OH,Great Lakes,Private nonprofit,4-year,Bachelor's,0.5836,1220,2901,0.2304,0.1091,88380,44580,34100,34100,0.7545,23384,42037,50030,30456,72163,0.682,0.467,40.376919,-80.620524
Frank Phillips College,Borger,TX,Southwest,Public,2-year,Certificate,,,623,0.262,0.4885,25274,12877,3712,4882,0.449,9500,32413,37179,17892,58927,0.571,0.256,35.657778,-101.406005
Franklin College,Franklin,IN,Great Lakes,Private nonprofit,4-year,Bachelor's,0.698,1145,900,0.3644,0.2938,74443,54178,38710,38710,0.603,27000,45635,55376,41613,75979,0.817,0.488,39.478298,-86.047182
Franklin County Career and Technology Center,Chambersburg,PA,Mid East,Public,Less than 2-year,Certificate,1.0,,60,0.4533,,28521,,,,0.875,14760,45907,54747,34784,68149,0.808,0.27,39.897693,-77.680541
Franklin Pierce University,Rindge,NH,New England,Private nonprofit,4-year,Bachelor's,0.9347,1175,992,0.293,0.2978,74866,64185,46442,46442,0.5351,27000,45563,53353,30187,81765,0.721,0.506,42.78014,-72.058011
Franklin Technology Center Adult Education,Joplin,MO,Plains,Public,Less than 2-year,Certificate,,,91,0.7679,0.474,21564,,,,0.7297,7600,32233,36700,21438,51510,0.489,0.207,37.082409,-94.516401
Franklin University,Columbus,OH,Great Lakes,Private nonprofit,4-year,Bachelor's,,,5562,0.3718,0.5034,29655,30696,9577,9577,0.1111,20836,49189,51892,30415,78104,0.805,0.402,39.95831,-82.990375
Franklin W Olin College of Engineering,Needham,MA,New England,Private nonprofit,4-year,Bachelor's,0.252,1520,377,0.1213,,89945,86474,66398,66398,0.9639,19500,105483,129455,,,,0.151,42.293527,-71.263378
Franklin and Marshall College,Lancaster,PA,Mid East,Private nonprofit,4-year,Bachelor's,0.2819,1392,1799,0.158,0.1948,84574,85776,70794,70794,0.8377,19000,62544,76124,54176,112430,0.855,0.25,40.048045,-76.319037
Fred K Marchman Technical College,New Port Richey,FL,Southeast,Public,2-year,Certificate,,,306,0.216,0.4656,12513,,,,0.7143,,30685,30259,9547,37725,,,28.271196,-82.691779
Fred W Eberle Technical Center,Buckhannon,WV,Southeast,Public,2-year,Certificate,,,109,0.8462,0.6481,19418,,,,0.9828,,38251,43364,27877,63915,0.764,,39.001908,-80.225278
Frederick Community College,Frederick,MD,Mid East,Public,2-year,Associate,,,4203,0.1638,0.434,31282,14798,3849,10042,0.3738,8150,38093,46449,26189,70468,0.694,0.175,39.452241,-77.417849
Fredrick and Charles Beauty College,Eureka,CA,Far West,Private for-profit,Less than 2-year,Certificate,,,69,0.5299,,8791,,,,0.7917,,17889,21826,11631,39908,,,40.798885,-124.164986
Freed-Hardeman University,Henderson,TN,Southeast,Private nonprofit,4-year,Bachelor's,0.5968,1109,1212,0.1802,0.185,62772,38315,25620,25620,0.7078,21500,40086,47485,26510,69867,0.732,0.453,35.440611,-88.637964
Fremont University,Cerritos,CA,Far West,Private for-profit,4-year,Associate,,,157,0.6829,0.5404,15273,,,,0.3947,20000,30681,39003,17035,59470,0.6,0.513,33.868382,-118.097019
French Academy of Cosmetology,Spring Lake,MI,Great Lakes,Private for-profit,Less than 2-year,Certificate,,,51,0.2917,,23428,,,,0.75,4223,13626,22797,10116,37260,,0.185,43.075898,-86.198004
Fresno City College,Fresno,CA,Far West,Public,4-year,Certificate,,,21251,0.307,0.5229,16350,17198,1334,10154,0.2353,4058,30049,37361,19546,57745,0.532,0.109,36.768164,-119.796096
Fresno Pacific University,Fresno,CA,Far West,Private nonprofit,4-year,Bachelor's,0.6407,,1544,0.5835,0.4658,31830,44249,36660,36660,0.5,23146,51422,58896,36450,81151,0.734,0.393,36.726831,-119.735199
Friends University,Wichita,KS,Plains,Private nonprofit,4-year,Bachelor's,0.5522,1080,1048,0.3021,0.3576,45678,50482,34192,34192,0.4335,25000,42960,52113,34181,78208,0.759,0.48,37.678459,-97.367048
Front Range Community College,Westminster,CO,Rocky Mountains,Public,4-year,Certificate,,,11476,0.1712,0.4116,28877,21526,4663,17263,0.3545,12251,40548,45910,25370,69407,0.662,0.267,39.901452,-105.038068
Frostburg State University,Frostburg,MD,Mid East,Public,4-year,Bachelor's,0.8918,,2909,0.3221,0.36,49589,27056,10220,25814,0.4966,21105,43638,55493,37071,77104,0.791,0.38,39.650918,-78.934293
Full Sail University,Winter Park,FL,Southeast,Private for-profit,4-year,Bachelor's,,,25777,0.3383,0.3934,21350,47530,26906,26906,0.4433,27000,31917,38219,18089,62244,0.689,0.706,28.596546,-81.301286
Fullerton College,Fullerton,CA,Far West,Public,2-year,Associate,,,17121,0.2655,0.5327,20972,14369,1150,12379,0.3383,4500,34531,43366,21878,67846,0.622,0.104,33.875514,-117.918255
Fulton-Montgomery Community College,Johnstown,NY,Mid East,Public,2-year,Associate,,,1001,0.2737,0.4923,25598,14226,6198,6798,0.3992,12125,34803,39535,21855,58866,0.632,0.307,42.983805,-74.297492
Furman University,Greenville,SC,Southeast,Private nonprofit,4-year,Bachelor's,0.4295,1371,2379,0.1319,0.1238,83896,76798,59770,59770,0.7876,23250,50796,68635,46655,102175,0.828,0.339,34.924676,-82.440458
G Skin & Beauty Institute,Schaumburg,IL,Great Lakes,Private for-profit,Less than 2-year,Certificate,,,490,0.3939,0.5039,26073,,,,0.6379,6333,29752,29032,13741,43057,0.446,0.218,42.061983,-88.083218
G Skin & Beauty Institute,Oakbrook,IL,Great Lakes,Private for-profit,Less than 2-year,Certificate,,,337,0.6095,0.4825,23922,,,,0.5581,7917,29438,32281,16968,51319,0.563,0.245,41.851403,-87.949684
Gadsden State Community College,Gadsden,AL,Southeast,Public,2-year,Certificate,,,3548,0.4634,0.515,16623,10189,4272,7368,0.3824,,29795,32937,17231,51839,0.507,,33.994001,-85.991438
Galen College of Nursing-ARH,Hazard,KY,Southeast,Private for-profit,2-year,Associate,,,350,0.7759,0.493,32674,34801,16364,16364,0.6279,24166,58951,61480,39823,83347,0.733,0.393,37.285896,-83.205298
Galen College of Nursing-Cincinnati,Cincinnati,OH,Great Lakes,Private for-profit,4-year,Associate,,,645,0.5776,0.493,32674,34842,18048,18048,0.5714,24166,58951,61480,39823,83347,0.733,0.393,39.283693,-84.365946
Galen College of Nursing-Louisville,Louisville,KY,Southeast,Private for-profit,4-year,Bachelor's,,,4801,0.2461,0.493,32674,,,,0.6146,24166,58951,61480,39823,83347,0.733,0.393,38.281333,-85.499039
Galen College of Nursing-San Antonio,San Antonio,TX,Southwest,Private for-profit,4-year,Associate,,,2953,0.5546,0.493,32674,34565,17048,17048,0.8088,24166,58951,61480,39823,83347,0.733,0.393,29.507685,-98.585653
Galen College of Nursing-Tampa Bay,Saint Petersburg,FL,Southeast,Private for-profit,4-year,Associate,,,1465,0.4916,0.493,32674,34369,17048,17048,0.6333,24166,58951,61480,39823,83347,0.733,0.393,27.865391,-82.648151
Galen Health Institutes-Asheville,Asheville,NC,Southeast,Private for-profit,4-year,Associate,,,253,0.5246,0.493,32674,35990,17048,17048,,24166,58951,61480,39823,83347,0.733,0.393,35.485235,-82.557273
Galen Health Institutes-Aurora,Aurora,CO,Rocky Mountains,Private for-profit,4-year,Associate,,,,,0.493,32674,,,,,24166,58951,61480,39823,83347,0.733,0.393,,
Galen Health Institutes-Austin Campus,Round Rock,TX,Southwest,Private for-profit,4-year,Associate,,,1161,0.5082,0.493,32674,34872,17048,17048,,24166,58951,61480,39823,83347,0.733,0.393,30.476575,-97.690907
Galen Health Institutes-Dallas,Richardson,TX,Southwest,Private for-profit,4-year,Associate,,,1153,0.5343,0.493,32674,35565,17048,17048,,24166,58951,61480,39823,83347,0.733,0.393,33.000073,-96.751892
Galen Health Institutes-Gainesville,Gainesville,FL,Southeast,Private for-profit,4-year,Associate,,,668,0.6583,0.493,32674,35576,17048,17048,,24166,58951,61480,39823,83347,0.733,0.393,29.630471,-82.417064
Galen Health Institutes-Houston,Houston,TX,Southwest,Private for-profit,4-year,Associate,,,1582,0.6059,0.493,32674,35856,17048,17048,,24166,58951,61480,39823,83347,0.733,0.393,29.839951,-95.562419
Galen Health Institutes-Las Vegas,Las Vegas,NV,Far West,Private for-profit,4-year,Associate,,,293,0.5556,0.493,32674,,,,,24166,58951,61480,39823,83347,0.733,0.393,36.071855,-115.294893
Galen Health Institutes-Miami Campus,Pembroke Pines,FL,Southeast,Private for-profit,4-year,Associate,,,813,0.5717,0.493,32674,34872,17048,17048,,24166,58951,61480,39823,83347,0.733,0.393,25.997073,-80.337924
Galen Health Institutes-Myrtle Beach,Myrtle Beach,SC,Southeast,Private for-profit,2-year,Associate,,,743,0.5008,0.493,32674,34232,16364,16364,,24166,58951,61480,39823,83347,0.733,0.393,33.757616,-78.822568
Galen Health Institutes-Nashville Campus,Nashville,TN,Southeast,Private for-profit,4-year,Associate,,,1027,0.46,0.493,32674,35603,17048,17048,,24166,58951,61480,39823,83347,0.733,0.393,36.162229,-86.791569
Galen Health Institutes-Orlando,Orlando,FL,Southeast,Private for-profit,2-year,Associate,,,,,0.493,32674,,,,,24166,58951,61480,39823,83347,0.733,0.393,,
Galen Health Institutes-Pikeville,Pikeville,KY,Southeast,Private for-profit,2-year,Certificate,,,169,0.7541,0.493,32674,34556,16364,16364,,24166,58951,61480,39823,83347,0.733,0.393,37.472974,-82.530172
Galen Health Institutes-Richmond,Richmond,VA,Southeast,Private for-profit,2-year,Associate,,,454,0.5107,0.493,32674,31963,16364,16364,,24166,58951,61480,39823,83347,0.733,0.393,37.506099,-77.528158
Galen Health Institutes-Roanoke,Roanoke,VA,Southeast,Private for-profit,2-year,Associate,,,315,0.6416,0.493,32674,33329,16364,16364,,24166,58951,61480,39823,83347,0.733,0.393,37.2486785,-80.037445
Galen Health Institutes-Salt Lake City,Draper,UT,Rocky Mountains,Private for-profit,2-year,Associate,,,122,0.5397,0.493,32674,37969,16364,16364,,24166,58951,61480,39823,83347,0.733,0.393,40.503343,-111.901646
Galen Health Institutes-Sarasota,Sarasota,FL,Southeast,Private for-profit,4-year,Associate,,,574,0.5025,0.493,32674,35116,17048,17048,,24166,58951,61480,39823,83347,0.733,0.393,27.342303,-82.449266
Galen Health Institutes-Savannah,Pooler,GA,Southeast,Private for-profit,2-year,Associate,,,,,0.493,32674,,,,,24166,58951,61480,39823,83347,0.733,0.393,,
Galen Health Institutes-Wichita,Wichita,KS,Plains,Private for-profit,2-year,Associate,,,233,0.6495,0.493,32674,36569,16364,16364,,24166,58951,61480,39823,83347,0.733,0.393,37.696007,-97.299612
Gallaudet University,Washington,DC,Mid East,Private nonprofit,4-year,Bachelor's,0.5806,868,812,0.5789,0.3386,21722,40374,19654,19654,0.4726,18000,36578,43101,26348,59872,0.579,0.418,38.907371,-76.993675
Galveston College,Galveston,TX,Southwest,Public,4-year,Certificate,,,1528,0.4059,0.4829,19105,15338,2726,6176,0.327,10311,34299,37233,18752,62168,0.657,0.277,29.284735,-94.807686
Gannon University,Erie,PA,Mid East,Private nonprofit,4-year,Bachelor's,0.7416,,2365,0.2384,0.2607,70028,52869,40656,40656,0.6636,27000,55319,58845,37209,85804,0.831,0.459,42.128403,-80.087166
Garden City Community College,Garden City,KS,Plains,Public,2-year,Certificate,,,1474,0.2941,0.483,32220,15071,3690,4320,0.4988,6500,34493,41704,24292,59874,0.591,0.156,37.970514,-100.84916
Gardner-Webb University,Boiling Springs,NC,Southeast,Private nonprofit,4-year,Bachelor's,0.7721,1113,1856,0.3707,0.3547,36486,47091,34760,34760,0.5539,24222,43996,48039,33281,70715,0.76,0.504,35.24732,-81.668141
Garrett College,McHenry,MD,Mid East,Public,2-year,Associate,,,411,0.3096,0.4096,28242,14342,4144,12040,0.3396,10750,28920,35823,18551,55658,0.553,0.3,39.560493,-79.342923
Gaston College,Dallas,NC,Southeast,Public,2-year,Not classified,,,,,0.4827,19769,,3186,9330,,,31988,35386,18295,51204,0.506,,,
Gaston College,Dallas,NC,Southeast,Public,2-year,Certificate,,,3518,0.2598,0.4827,19769,16866,3186,9330,0.6313,,31988,35386,18295,51204,0.506,,35.312048,-81.18852
GateWay Community College,Phoenix,AZ,Southwest,Public,4-year,Certificate,,,4538,0.2754,0.5662,21260,19314,2358,8958,0.2881,6750,42262,46147,24066,70735,0.618,0.146,33.449686,-111.997077
GateWay Community College-Central City,Phoenix,AZ,Southwest,Public,Less than 2-year,Certificate,,,595,0.2322,0.5662,21260,,,,0.5503,6750,42262,46147,24066,70735,0.618,0.146,33.435686,-112.054912
Gateway Community and Technical College,Florence,KY,Southeast,Public,2-year,Certificate,,,3167,0.2986,0.5218,24074,14075,4728,6432,0.5905,10711,34492,36147,16749,55386,0.538,0.296,38.960638,-84.633478
Gateway Technical College,Kenosha,WI,Great Lakes,Public,2-year,Certificate,,,4759,0.1698,0.4859,22911,16242,4956,7199,0.5133,12165,35333,40264,20515,59365,0.605,0.302,42.605677,-87.846695
Gavilan College,Gilroy,CA,Far West,Public,2-year,Associate,,,4786,0.2352,0.5641,20560,15161,1508,12249,0.4247,,37804,47169,25120,73905,0.542,,36.972627,-121.569842
Gem City College,Quincy,IL,Great Lakes,Private for-profit,Less than 2-year,Certificate,,,41,0.4286,,21620,,,,0.8696,9833,18527,19219,7576,,0.361,0.512,39.926394,-91.404218
Gemological Institute of America-Carlsbad,Carlsbad,CA,Far West,Private nonprofit,Less than 2-year,Certificate,,,186,0.124,0.3333,18810,,,,0.9087,,43110,42588,18379,93306,0.684,,33.131313,-117.318765
Gemological Institute of America-New York,New York,NY,Mid East,Private nonprofit,Less than 2-year,Certificate,,,160,0.0351,0.3333,18810,,,,0.8927,,43110,42588,18379,93306,0.684,,40.757267,-73.980813
Generations College,Chicago,IL,Great Lakes,Private nonprofit,2-year,Associate,,,310,0.7003,0.5641,17748,25660,12700,12700,0.1071,25250,31406,34706,15080,59507,0.548,0.728,41.881773,-87.626675
Genesee Community College,Batavia,NY,Mid East,Public,2-year,Associate,,,1973,0.2232,0.4454,27218,15959,5900,6500,0.309,11622,34915,39674,21407,56946,0.58,0.293,43.017016,-78.138079
Genesee Valley BOCES-Practical Nursing Program,Batavia,NY,Mid East,Public,Less than 2-year,Certificate,,,93,0.7213,0.4333,26118,,,,0.7308,13000,47953,46695,23759,59118,0.616,0.278,43.014665,-78.182909
Genesis Career College-Cookeville,Cookeville,TN,Southeast,Private for-profit,Less than 2-year,Certificate,,,300,0.829,0.5501,17621,,,,0.5445,6343,19435,22652,10756,37516,,0.28,36.176484,-85.485574
Genesis Career College-Lebanon,Lebanon,TN,Southeast,Private for-profit,Less than 2-year,Certificate,,,96,0.8375,0.5763,17500,,,,0.586,9500,20919,24977,12189,38489,0.205,0.38,36.21618,-86.337952
Geneva College,Beaver Falls,PA,Mid East,Private nonprofit,4-year,Bachelor's,,,1096,0.3124,0.2459,60970,45407,33450,33450,0.6098,25198,46107,50004,29377,72852,0.746,0.504,40.772518,-80.321826
George C Wallace Community College-Dothan,Dothan,AL,Southeast,Public,2-year,Certificate,,,3017,0.4706,0.4852,15816,9308,4980,8850,0.3502,,28431,31399,16986,49632,0.497,,31.315274,-85.465836
George C Wallace State Community College-Hanceville,Hanceville,AL,Southeast,Public,2-year,Certificate,,,4423,0.346,0.4988,27572,19008,5220,9090,0.512,11000,36129,39842,22380,58549,0.597,0.276,34.072439,-86.781935
George C Wallace State Community College-Selma,Selma,AL,Southeast,Public,2-year,Certificate,,,855,0.3773,0.5126,14330,19175,4740,8610,0.4064,,25214,31598,15581,49326,0.458,,32.445917,-87.013294
George Fox University,Newberg,OR,Far West,Private nonprofit,4-year,Bachelor's,0.9351,1197,2699,0.2344,0.2756,65806,58644,42750,42750,0.7196,24250,53568,59761,36365,89001,0.745,0.406,45.303629,-122.967494
George Mason University,Fairfax,VA,Southeast,Public,4-year,Bachelor's,0.8748,1274,27752,0.3013,0.2999,44254,28604,14220,38688,0.6784,19500,60536,76343,47905,109864,0.842,0.255,38.83195,-77.307063
George Stone Technical College,Pensacola,FL,Southeast,Public,2-year,Certificate,,,561,0.1776,0.498,15300,,,,0.3551,,35230,35234,16108,53584,0.413,,30.487547,-87.290659
George T Baker Aviation Technical College,Miami,FL,Southeast,Public,Less than 2-year,Certificate,,,1040,0.4315,0.4926,18035,,,,0.306,,47074,52312,27081,82531,0.729,,25.804092,-80.263591
George Washington University,Washington,DC,Mid East,Private nonprofit,4-year,Bachelor's,0.4709,1433,11182,0.1582,0.1607,71358,83856,67710,67710,0.8398,20449,71607,90873,62102,130294,0.893,0.225,38.89923,-77.048363
Georgetown College,Georgetown,KY,Southeast,Private nonprofit,4-year,Bachelor's,0.9106,1138,1097,0.3533,0.3309,59301,56886,42840,42840,0.4885,25200,40393,52074,35634,77834,0.78,0.484,38.207615,-84.553767
Georgetown University,Washington,DC,Mid East,Private nonprofit,4-year,Bachelor's,0.1291,1487,7569,0.1012,0.1606,78300,88741,68017,68017,0.9481,15500,83222,103494,66808,167685,0.93,0.15,38.908809,-77.073463
Georgia Career Institute,Conyers,GA,Southeast,Private for-profit,Less than 2-year,Certificate,,,515,0.5163,0.4211,16298,,,,0.6897,7735,21399,23686,11315,39921,0.323,0.327,33.64336,-84.018321
Georgia College & State University,Milledgeville,GA,Southeast,Public,4-year,Bachelor's,0.7823,1163,5947,0.1757,0.1991,78448,30258,9186,29512,0.6361,22250,50644,58140,39235,82395,0.779,0.383,33.082787,-83.231962
Georgia Gwinnett College,Lawrenceville,GA,Southeast,Public,4-year,Bachelor's,0.955,,11344,0.5181,0.3561,27959,22547,4532,13844,0.2147,20076,36756,47730,27153,68748,,0.421,33.979409,-84.00459
Georgia Highlands College,Rome,GA,Southeast,Public,4-year,Associate,,,4761,0.4109,0.4076,30709,13389,3120,10080,0.2066,12000,37516,43184,25592,65191,0.629,0.278,34.169791,-85.207356
Georgia Institute of Cosmetology,Athens,GA,Southeast,Private for-profit,Less than 2-year,Certificate,,,200,0.7821,0.5331,15726,,,,0.5429,11273,19940,21432,10405,36098,0.268,0.526,33.936847,-83.454584
Georgia Institute of Technology-Main Campus,Atlanta,GA,Southeast,Public,4-year,Bachelor's,0.1407,1480,18785,0.139,0.1492,71161,28167,12058,34484,0.9402,21672,89432,102772,73294,136204,0.911,0.211,33.77242,-84.394832
Georgia Military College,Milledgeville,GA,Southeast,Public,4-year,Associate,,,3992,0.335,0.4073,23914,20987,8112,8112,0.3803,8563,32351,39257,22188,58446,0.608,0.218,33.07944,-83.224211
Georgia Military College - Augusta,Martinez,GA,Southeast,Public,2-year,Not classified,,,,,0.4073,23914,,8112,8112,,8563,32351,39257,22188,58446,0.608,0.218,,
Georgia Military College - Columbus,Columbus,GA,Southeast,Public,2-year,Not classified,,,,,0.4073,23914,,8112,8112,,8563,32351,39257,22188,58446,0.608,0.218,,
Georgia Military College - Dublin,Dublin,GA,Southeast,Public,2-year,Not classified,,,,,0.4073,23914,,8112,8112,,8563,32351,39257,22188,58446,0.608,0.218,,
Georgia Military College - Fairburn,Fairburn,GA,Southeast,Public,2-year,Not classified,,,,,0.4073,23914,,8112,8112,,8563,32351,39257,22188,58446,0.608,0.218,,
Georgia Military College - Madison,Madison,GA,Southeast,Public,2-year,Not classified,,,,,0.4073,23914,,8112,8112,,8563,32351,39257,22188,58446,0.608,0.218,,
Georgia Military College - Robins,Warner Robins,GA,Southeast,Public,2-year,Not classified,,,,,0.4073,23914,,8112,8112,,8563,32351,39257,22188,58446,0.608,0.218,,
Georgia Military College - Rockdale,Conyers,GA,Southeast,Public,2-year,Not classified,,,,,0.4073,23914,,8112,8112,,8563,32351,39257,22188,58446,0.608,0.218,,
Georgia Military College - Valdosta,Valdosta,GA,Southeast,Public,2-year,Not classified,,,,,0.4073,23914,,8112,8112,,8563,32351,39257,22188,58446,0.608,0.218,,
Georgia Northwestern Technical College,Rome,GA,Southeast,Public,2-year,Certificate,,,4244,0.3739,0.5471,22361,15096,3300,5868,0.4344,6421,33044,35759,19147,52724,0.491,0.18,34.224673,-85.171361
Georgia Piedmont Technical College,Clarkston,GA,Southeast,Public,2-year,Certificate,,,2198,0.4494,0.4633,17118,21274,3386,5954,0.4409,12666,32264,34619,17125,53298,0.522,0.366,33.789898,-84.234504
Georgia Southern University,Statesboro,GA,Southeast,Public,4-year,Bachelor's,0.8789,1053,21790,0.3625,0.251,49236,24430,6022,17734,0.549,23250,44423,53236,32941,79064,0.764,0.437,32.426153,-81.784045
Georgia Southwestern State University,Americus,GA,Southeast,Public,4-year,Bachelor's,0.7517,978,2424,0.4344,0.3452,35856,20484,5220,16572,0.4064,18851,42047,48757,32438,69561,0.704,0.387,32.054662,-84.217738
Georgia State University,Atlanta,GA,Southeast,Public,4-year,Bachelor's,0.5544,1076,26623,0.5075,0.3232,27922,28241,8664,24840,0.5306,20903,37844,47384,24994,72355,0.744,0.441,33.7527,-84.38667
Georgia State University-Perimeter College,Atlanta,GA,Southeast,Public,2-year,Associate,0.9077,919,13693,0.4502,0.3232,27922,17608,3104,10064,0.2215,20903,37844,47384,24994,72355,0.744,0.441,33.7527,-84.38667
Georgian Court University,Lakewood,NJ,Mid East,Private nonprofit,4-year,Bachelor's,0.7884,,1195,0.3315,0.4211,45776,50671,37260,37260,0.5357,21816,44627,53096,34657,68615,0.753,0.411,40.099617,-74.228186
Gerbers Akron Beauty School,Akron,OH,Great Lakes,Private for-profit,Less than 2-year,Certificate,,,39,0.3692,0.6714,10972,,,,0.6,,18166,20907,11737,42385,0.25,,41.113868,-81.57615
Germanna Community College,Locust Grove,VA,Southeast,Public,2-year,Associate,,,5508,0.265,0.4231,29160,12249,5257,11648,0.4647,8400,35697,39644,21503,63559,0.617,0.212,38.375532,-77.78012
Gettysburg College,Gettysburg,PA,Mid East,Private nonprofit,4-year,Bachelor's,0.389,1379,2099,0.2099,0.1372,107338,81960,66640,66640,0.8253,26999,57274,71517,49726,104062,0.872,0.378,39.836597,-77.236792
Glen Oaks Community College,Centreville,MI,Great Lakes,Public,2-year,Associate,,,600,0.2527,0.5287,31707,17124,4176,6624,0.4298,10794,35385,37540,19802,56719,0.589,0.288,41.892504,-85.496929
Glendale Career College,Glendale,CA,Far West,Private for-profit,4-year,Associate,,,896,0.5097,0.5517,20380,,,,0.626,9500,38921,41472,22023,66073,0.554,0.229,34.149771,-118.254719
Glendale Career College-Nevada Career Institute-MFSON,Las Vegas,NV,Far West,Private for-profit,2-year,Associate,,,,,0.5517,20380,,,,,9500,38921,41472,22023,66073,0.554,0.229,,
Glendale Career College-North-West College-Bakersfield,Bakersfield,CA,Far West,Private for-profit,2-year,Associate,,,493,0.4627,0.5517,20380,,,,0.4964,9500,38921,41472,22023,66073,0.554,0.229,35.339951,-119.035082
Glendale Career College-North-West College-MFSON,West Covina,CA,Far West,Private for-profit,2-year,Associate,,,290,0.5907,0.5517,20380,,,,,9500,38921,41472,22023,66073,0.554,0.229,34.072193,-117.948751
Glendale Career College-North-West College-MFSON-Riverside,Riverside,CA,Far West,Private for-profit,2-year,Associate,,,,,0.5517,20380,,,,,9500,38921,41472,22023,66073,0.554,0.229,,
Glendale Community College,Glendale,AZ,Southwest,Public,4-year,Certificate,,,11975,0.2694,0.5297,22267,18037,2358,8958,0.1598,6960,37269,43108,25030,64127,0.654,0.161,33.570226,-112.190735
Glendale Community College,Glendale,CA,Far West,Public,2-year,Associate,,,10509,0.378,0.6018,12372,17501,1191,10935,0.3739,8972,32387,41540,18749,69451,0.594,0.216,34.16745,-118.227666
Glenville State University,Glenville,WV,Southeast,Public,4-year,Bachelor's,,,1096,0.3912,0.4848,28906,23591,9578,11354,0.3392,25000,34917,39315,22225,56900,0.585,0.636,38.93547,-80.834295
Gnomon,North Hollywood,CA,Far West,Private for-profit,4-year,Bachelor's,0.4182,,294,0.1081,,15714,54947,37635,37635,1.0,28332,90652,114785,38487,160012,,0.247,34.181916,-118.394477
Gods Bible School and College,Cincinnati,OH,Great Lakes,Private nonprofit,4-year,Associate,0.7532,,281,0.3669,0.35,36501,18358,7710,7710,0.4048,4522,29555,37722,20124,53961,0.471,0.12,39.1153,-84.505703
Gogebic Community College,Ironwood,MI,Great Lakes,Public,2-year,Associate,,,511,0.3012,0.3899,33977,14456,4800,7530,0.3561,10925,32998,40950,22211,61817,0.581,0.267,46.471893,-90.165592
Golden Gate University,San Francisco,CA,Far West,Private nonprofit,4-year,Bachelor's,,,259,0.3565,0.5274,38994,,,,,29875,81704,87434,50211,133774,0.873,0.342,37.789374,-122.398969
Golden West College,Huntington Beach,CA,Far West,Public,2-year,Associate,,,9034,0.2344,0.5337,17597,14618,1380,11628,0.4906,7179,34462,43145,19505,72461,0.58,0.166,33.732531,-118.002568
Goldey-Beacom College,Wilmington,DE,Mid East,Private nonprofit,4-year,Bachelor's,0.8451,,691,0.3789,0.4217,37011,26502,14940,14940,0.5743,18900,45097,59892,39905,86020,0.795,0.316,39.741501,-75.689624
Gonzaga University,Spokane,WA,Far West,Private nonprofit,4-year,Bachelor's,0.8169,1335,5198,0.1441,0.1331,110000,73178,55480,55480,0.8629,24454,66525,78892,53874,111646,0.857,0.31,47.666531,-117.400625
Good Samaritan College of Nursing and Health Science,Cincinnati,OH,Great Lakes,Private nonprofit,4-year,Associate,0.4574,,690,0.5098,0.4569,50996,26627,15470,15470,0.7273,20625,61177,66111,41873,89694,0.832,0.312,39.140348,-84.521196
Goodwin University,East Hartford,CT,New England,Private nonprofit,4-year,Associate,,,2693,0.5441,0.5281,28731,39589,21198,21198,0.5821,33500,40230,43596,24711,65487,0.629,0.768,41.742977,-72.64032
Goodwin University - Bridgeport Campus,Bridgeport,CT,New England,Private nonprofit,4-year,Not classified,,,,,0.5281,28731,,21188,21188,,33500,40230,43596,24711,65487,0.629,0.768,,
Gordon College,Wenham,MA,New England,Private nonprofit,4-year,Bachelor's,0.6923,1265,1278,0.208,0.1692,82787,42446,30700,30700,0.6854,26250,45839,52119,36773,72581,0.74,0.504,42.590567,-70.82151
Gordon Cooper Technology Center,Shawnee,OK,Southwest,Public,2-year,Certificate,,,173,0.0942,0.5409,17280,,,,0.8958,,34450,42021,16976,67203,0.652,,35.380321,-96.908013
Gordon State College,Barnesville,GA,Southeast,Public,4-year,Bachelor's,0.859,1023,2544,0.4843,0.3781,29199,14771,3628,10948,0.2043,17500,33163,37871,20411,55521,0.635,0.462,33.04571,-84.154508
Goshen College,Goshen,IN,Great Lakes,Private nonprofit,4-year,Bachelor's,0.8407,950,773,0.3583,0.369,55672,48449,38890,38890,0.65,22974,43218,51943,34174,78266,0.712,0.442,41.563582,-85.827795
Goucher College,Baltimore,MD,Mid East,Private nonprofit,4-year,Bachelor's,0.7771,1248,964,0.3521,0.176,71417,70544,53350,53350,0.5734,26000,40563,53023,31717,75128,0.781,0.49,39.410175,-76.594843
Governors State University,University Park,IL,Great Lakes,Public,4-year,Bachelor's,0.4827,,2556,0.5359,0.4262,20792,24227,12004,12004,0.2211,18618,45435,58169,37592,84427,0.739,0.32,41.449103,-87.716441
Grabber School of Hair Design,St. Louis,MO,Plains,Private for-profit,Less than 2-year,Certificate,,,182,0.4235,0.4295,21203,,,,0.7297,7830,25573,27109,13211,45931,0.373,0.289,38.557164,-90.390799
Grace Christian University,Wyoming,MI,Great Lakes,Private nonprofit,4-year,Bachelor's,0.9916,,716,0.4691,0.5171,25000,26166,18690,18690,0.5104,24375,31450,41663,24613,57913,0.576,0.585,42.919541,-85.692077
Grace College and Theological Seminary,Winona Lake,IN,Great Lakes,Private nonprofit,4-year,Bachelor's,0.8215,1119,1464,0.2906,0.2814,62574,41838,31200,31200,0.6877,19500,41463,45411,30731,64018,0.693,0.429,41.22595,-85.814228
Graceland University - Independence,Independence,MO,Plains,Private nonprofit,4-year,Not classified,,,,,0.3758,49130,,14940,14940,,21212,40792,47361,31336,72886,0.755,0.448,,
Graceland University-Lamoni,Lamoni,IA,Plains,Private nonprofit,4-year,Bachelor's,0.8083,,798,0.4923,0.3758,49130,48294,20950,20950,0.4195,21212,40792,47361,31336,72886,0.755,0.448,40.615966,-93.924893
Graduate America College,Garland,TX,Southwest,Private for-profit,Less than 2-year,Certificate,,,62,0.5505,,16480,,,,0.9296,,21972,22178,11401,40176,0.336,,32.945805,-96.645638
Grady Health System Professional Schools,Atlanta,GA,Southeast,Public,2-year,Certificate,,,61,0.3833,,17160,,,,,,64449,60726,34696,85501,0.833,,33.751852,-84.381561
Graham Hospital School of Nursing,Canton,IL,Great Lakes,Private nonprofit,2-year,Certificate,1.0,,40,0.6111,,41876,26391,8417,8417,0.0,,58704,63586,48206,77080,,,40.552962,-90.038776
Grambling State University,Grambling,LA,Southeast,Public,4-year,Bachelor's,0.4486,943,4164,0.7497,0.3945,19680,25367,7683,16706,0.3616,36500,25589,41109,21673,59505,0.555,0.888,32.523797,-92.713245
Grand Canyon University,Phoenix,AZ,Southwest,Private nonprofit,4-year,Bachelor's,0.7891,1077,73371,0.4594,0.4744,29879,32702,17850,17850,0.4346,22114,47280,42186,21881,68589,0.776,0.524,33.513231,-112.129929
Grand Rapids Community College,Grand Rapids,MI,Great Lakes,Public,2-year,Associate,,,10698,0.2861,0.4143,29713,15658,4179,12219,0.2113,9000,35623,38377,19532,56633,0.616,0.235,42.967076,-85.665625
Grand River Technical School,Chillicothe,MO,Plains,Public,Less than 2-year,Certificate,0.8837,,65,0.4545,,25686,,,,0.8889,,39227,40665,28419,56446,0.732,,39.798864,-93.559669
Grand Valley State University,Allendale,MI,Great Lakes,Public,4-year,Bachelor's,0.8302,1074,18854,0.2923,0.2733,63788,28367,15140,21548,0.6701,24500,47840,56118,38569,78636,0.775,0.437,42.963001,-85.889826
Grand View University,Des Moines,IA,Plains,Private nonprofit,4-year,Bachelor's,0.9909,,1486,0.4504,0.3602,50048,48522,34762,34762,0.5399,22500,47582,52824,37007,72589,0.802,0.426,41.620039,-93.600954
Grays Harbor College,Aberdeen,WA,Far West,Public,4-year,Associate,,,1010,0.2796,0.5113,15234,15708,5593,12553,0.3947,11075,33119,40865,21698,62351,0.551,0.271,46.953881,-123.803068
Grayson College,Denison,TX,Southwest,Public,4-year,Certificate,,,3075,0.3221,0.5015,23168,14866,3052,6352,0.3994,12250,36417,40873,22608,60969,0.608,0.3,33.70574,-96.633891
Great Basin College,Elko,NV,Far West,Public,4-year,Certificate,,,1900,0.2282,0.5237,22838,12947,3923,13883,0.4086,15750,35615,39289,19462,71959,0.593,0.401,40.84343,-115.767274
Great Bay Community College,Portsmouth,NH,New England,Public,2-year,Associate,,,1259,0.2576,0.346,35818,21963,7200,15450,0.3351,13828,39867,42397,24592,70375,,0.326,43.072093,-70.798969
Great Falls College Montana State University,Great Falls,MT,Rocky Mountains,Public,2-year,Associate,,,894,0.3134,0.389,25961,16664,4028,12911,0.3407,,35625,38034,21548,57765,0.609,,47.485581,-111.269558
Great Lakes Christian College,Lansing,MI,Great Lakes,Private nonprofit,4-year,Bachelor's,,,197,0.5314,0.2903,33970,30311,19520,19520,0.36,18779,28240,31053,18403,49692,0.5,0.605,42.754249,-84.638714
Great Lakes Institute of Technology,Erie,PA,Mid East,Private for-profit,2-year,Certificate,,,335,0.7174,0.5575,20298,,,,0.6374,11250,26092,28704,13175,40476,0.413,0.392,42.079508,-80.091816
Great Oaks Career Campuses,Cincinnati,OH,Great Lakes,Public,Less than 2-year,Certificate,,,142,0.3205,0.5,24366,,,,0.8977,5500,49049,55163,36278,71259,0.738,0.1,39.289951,-84.413556
Great Plains Technology Center,Lawton,OK,Southwest,Public,Less than 2-year,Certificate,,,314,0.2559,0.5467,18043,,,,0.9505,,39152,42376,22549,65028,0.62,,34.592907,-98.450321
Greater Altoona Career & Technology Center,Altoona,PA,Mid East,Public,Less than 2-year,Certificate,,,220,0.515,0.5702,24716,,,,0.6849,9500,36211,38008,20217,49021,0.53,0.25,40.508337,-78.398094
Greater Johnstown Career and Technology Center,Johnstown,PA,Mid East,Public,Less than 2-year,Certificate,,,105,0.4479,0.5133,25089,,,,0.7921,8455,42917,48881,33706,64301,0.763,0.173,40.272734,-78.83114
Green Country Technology Center,Okmulgee,OK,Southwest,Public,Less than 2-year,Certificate,,,89,0.1749,0.3542,16468,,,,0.6667,,38375,51375,27319,64579,,,35.63293,-95.9365
Green River College,Auburn,WA,Far West,Public,4-year,Associate,,,4965,0.1856,0.4483,22260,22040,4711,5263,0.3877,11891,43127,50712,27350,74696,0.67,0.234,47.313648,-122.175819
Greene County Career Center,Xenia,OH,Great Lakes,Public,Less than 2-year,Certificate,,,12,0.1818,,28497,,,,1.0,,46097,41796,18188,60139,0.544,,39.662386,-83.915659
Greene County Career and Technology Center,Waynesburg,PA,Mid East,Public,Less than 2-year,Certificate,1.0,,16,0.7368,,21676,,,,0.6,,45432,34231,18474,53036,,,39.893537,-80.151066
Greenfield Community College,Greenfield,MA,New England,Public,2-year,Associate,,,1395,0.3756,0.367,23546,14762,5810,11930,0.3077,8307,27778,37132,18690,55452,0.63,0.224,42.599512,-72.630977
Greensboro College,Greensboro,NC,Southeast,Private nonprofit,4-year,Bachelor's,0.7014,,708,0.4611,0.316,38100,35165,21000,21000,0.462,25607,36462,46566,28298,61078,0.707,0.55,36.071082,-79.800232
Greenville Technical College,Greenville,SC,Southeast,Public,4-year,Certificate,,,8916,0.3396,0.425,24067,20166,5495,10775,0.2087,15392,35240,39473,22325,58378,0.617,0.39,34.826212,-82.371178
Greenville University,Greenville,IL,Great Lakes,Private nonprofit,4-year,Bachelor's,0.975,1038,955,0.3889,0.3113,53084,45091,32200,32200,0.3982,23875,40307,46827,31411,64428,0.686,0.51,38.894162,-89.40824
Grinnell College,Grinnell,IA,Plains,Private nonprofit,4-year,Bachelor's,0.1451,1486,1729,0.1786,0.1756,74916,83440,68106,68106,0.8812,17500,49004,62830,38836,90289,0.792,0.279,41.747952,-92.722094
Grossmont College,El Cajon,CA,Far West,Public,2-year,Associate,,,12163,0.2448,0.5504,14883,14027,1332,10628,0.3735,8625,31861,40309,18619,63990,0.629,0.214,32.815246,-117.006277
Guam Community College,Mangilao,GU,Outlying Areas,Public,4-year,Associate,,,1139,0.5133,0.5677,19424,10778,3414,4614,0.2489,,23684,27820,14361,41140,0.417,,13.440649,144.808944
Guilford College,Greensboro,NC,Southeast,Private nonprofit,4-year,Bachelor's,0.8,1105,1001,0.4371,0.2632,37714,55689,41362,41362,0.4581,26000,40401,47590,28375,67194,0.717,0.546,36.094233,-79.887737
Guilford Technical Community College,Jamestown,NC,Southeast,Public,2-year,Associate,,,9260,0.4305,0.4367,19750,20529,2320,7696,0.311,14901,29705,33934,17279,50701,0.556,0.439,35.99846,-79.92062
Gulf Coast State College,Panama City,FL,Southeast,Public,4-year,Associate,,,3934,0.2835,0.4887,22880,14657,2370,8635,0.4346,7147,33651,38359,20608,56280,0.568,0.186,30.185542,-85.727918
Gupton Jones College of Funeral Service,Decatur,GA,Southeast,Private nonprofit,2-year,Associate,,,338,0.5543,0.4355,16232,31921,20950,20950,0.75,16417,34466,42636,26878,61852,0.542,0.385,33.710709,-84.179775
Gurnick Academy of Medical Arts,San Jose,CA,Far West,Private for-profit,4-year,Certificate,,,3421,0.365,0.4819,26478,,,,0.6388,17317,64364,66844,39210,95427,,0.259,37.364294,-121.912991
Gustavus Adolphus College,Saint Peter,MN,Plains,Private nonprofit,4-year,Bachelor's,0.6099,1290,1878,0.207,0.1466,78420,67613,56076,56076,0.7665,26774,51546,65607,48888,92889,0.846,0.408,44.323626,-93.972196
Gwinnett College,Roswell,GA,Southeast,Private for-profit,2-year,Certificate,,,94,0.6444,0.4615,15898,,,,0.6667,9500,28081,31206,13332,46453,0.389,0.304,33.937705,-84.378704
Gwinnett College,Raleigh,NC,Southeast,Private for-profit,Less than 2-year,Certificate,,,146,0.7577,0.6308,13970,,,,0.6316,7917,26200,29234,17062,42175,0.492,0.271,35.854605,-78.586818
Gwinnett College-Lilburn,Lilburn,GA,Southeast,Private for-profit,2-year,Certificate,,,156,0.8258,0.5028,17841,37077,11300,11300,0.5833,18062,33273,31422,14566,44935,0.516,0.575,33.901271,-84.121874
Gwinnett College-Marietta Campus,Marietta,GA,Southeast,Private for-profit,2-year,Certificate,,,205,0.7006,0.5271,13663,,,,0.3115,12498,28112,25373,12239,40322,0.508,0.493,33.928592,-84.479102
Gwinnett Institute,Orlando,FL,Southeast,Private for-profit,4-year,Certificate,,,340,0.7821,0.5442,16256,,,,,13000,36705,33735,15967,45724,0.273,0.385,28.571233,-81.208356
Gwinnett Technical College,Lawrenceville,GA,Southeast,Public,2-year,Certificate,,,8728,0.4146,0.403,22080,15322,3524,6092,0.3166,13000,35660,45025,24949,66239,0.65,0.289,33.962763,-84.066224
Gwynedd Mercy University,Gwynedd Valley,PA,Mid East,Private nonprofit,4-year,Bachelor's,0.8963,1090,1067,0.2491,0.4372,41705,55786,40122,40122,0.5688,25000,65976,67145,43796,95071,0.853,0.372,40.19774,-75.237224
H Councill Trenholm State Community College,Montgomery,AL,Southeast,Public,2-year,Certificate,,,1674,0.6371,0.4304,15992,16971,5190,9060,0.1614,,28657,32183,16879,48592,0.459,,32.350109,-86.343057
H W Brewster Technical College,Tampa,FL,Southeast,Public,2-year,Certificate,,,695,0.0233,0.55,13152,,,,0.7197,,26998,27053,11415,45483,0.339,,27.96373,-82.461722
HCA Florida Mercy Hospital School of Practical Nursing,Miami,FL,Southeast,Private for-profit,Less than 2-year,Certificate,1.0,,31,0.3548,0.4286,23406,,,,1.0,,,72275,56811,86206,,,25.740254,-80.213971
HDS Truck Driving Institute,Tucson,AZ,Southwest,Private for-profit,Less than 2-year,Certificate,,,200,0.0265,0.4615,16758,,,,0.8264,,44593,40059,26476,60624,0.458,,32.13887,-110.856474
Hacienda La Puente Adult Education,La Puente,CA,Far West,Public,Less than 2-year,Certificate,1.0,,491,0.3516,0.6641,14042,,,,0.7741,,31703,39271,22295,67977,0.456,,34.043301,-117.979139
Hagerstown Community College,Hagerstown,MD,Mid East,Public,2-year,Associate,,,2948,0.2126,0.4761,28266,12747,4320,8190,0.3896,11000,35634,41615,23217,60641,0.635,0.264,39.631009,-77.667379
Hair Academy,New Carrollton,MD,Mid East,Private for-profit,Less than 2-year,Certificate,,,229,0.2876,0.6056,6222,,,,0.6056,13000,20702,20953,9290,41846,0.31,0.62,38.956205,-76.869467
Hair Academy II,Hillcrest Heights,MD,Mid East,Private for-profit,Less than 2-year,Certificate,,,218,0.3531,0.6979,6159,,,,0.546,6333,16006,43383,20263,52082,,0.146,38.839246,-76.948572
Hair Professionals Career College,Palos Hills,IL,Great Lakes,Private for-profit,Less than 2-year,Certificate,,,86,0.5345,,14554,,,,0.7143,9500,22518,23417,9465,46027,0.37,0.406,41.702881,-87.816614
Hair Professionals Career College,Sycamore,IL,Great Lakes,Private for-profit,Less than 2-year,Certificate,,,55,0.4167,0.3881,20771,,,,0.6667,9833,20915,23568,,40653,0.347,0.417,41.962221,-88.718145
Hair Professionals School of Cosmetology,Oswego,IL,Great Lakes,Private for-profit,Less than 2-year,Certificate,,,136,0.4921,0.5432,24346,,,,0.625,9833,22166,23412,11699,40441,0.462,0.42,41.682591,-88.364727
Halifax Community College,Weldon,NC,Southeast,Public,2-year,Associate,,,723,0.3055,0.556,13674,16938,2608,8752,0.3514,,26519,31644,17027,45833,0.438,,36.427712,-77.617681
Hallmark University,San Antonio,TX,Southwest,Private nonprofit,4-year,Bachelor's,0.5134,,769,0.5274,0.4602,26034,,,,0.6633,25438,46666,40183,25449,63848,0.648,0.633,29.466862,-98.685754
Hamilton College,Clinton,NY,Mid East,Private nonprofit,4-year,Bachelor's,0.1362,1506,2030,0.1772,0.1329,83853,84230,68960,68960,0.9063,17000,60082,78411,53229,127191,0.907,0.217,43.050245,-75.408195
Hamline University,Saint Paul,MN,Plains,Private nonprofit,4-year,Bachelor's,0.8763,1160,1776,0.407,0.232,60017,58110,50004,50004,0.6045,23770,47139,61106,43058,81211,0.85,0.389,44.966246,-93.164479
Hampden-Sydney College,Hampden-Sydney,VA,Southeast,Private nonprofit,4-year,Bachelor's,0.4092,1207,946,0.2263,,101026,70325,54550,54550,0.6217,26000,55846,67640,45237,102102,0.834,0.384,37.240615,-78.464216
Hampshire College,Amherst,MA,New England,Private nonprofit,4-year,Bachelor's,0.7528,,839,0.3933,0.139,60322,74195,58896,58896,0.5426,26893,22195,46938,23026,68981,0.601,0.573,42.325852,-72.531469
Hampton University,Hampton,VA,Southeast,Private nonprofit,4-year,Bachelor's,0.6225,969,3727,0.3935,0.1975,52556,46027,30592,30592,0.5716,25442,42721,59159,36078,84402,0.742,0.43,37.019944,-76.339161
Hamrick School,Medina,OH,Great Lakes,Private for-profit,Less than 2-year,Certificate,,,89,0.1909,0.695,21715,,,,0.8605,5481,46416,44797,28946,64223,,0.122,41.135812,-81.728742
Hands on Therapy,Mesquite,TX,Southwest,Private for-profit,Less than 2-year,Certificate,,,28,0.3976,0.4853,15146,,,,0.8125,7917,22119,28323,15448,44466,,0.28,32.787719,-96.60627
Hannibal-LaGrange University,Hannibal,MO,Plains,Private nonprofit,4-year,Bachelor's,0.7263,1090,410,0.3683,0.4575,39882,40839,26880,26880,0.5039,18599,41185,42643,31422,63797,0.679,0.436,39.729015,-91.39094
Hanover College,Hanover,IN,Great Lakes,Private nonprofit,4-year,Bachelor's,0.837,1201,1031,0.2583,0.2532,76698,58821,44638,44638,0.6713,25250,42876,53957,39840,72874,0.813,0.468,38.715642,-85.460051
Harcum College,Bryn Mawr,PA,Mid East,Private nonprofit,2-year,Associate,,,876,0.5524,0.5208,21061,42997,32000,32000,0.4375,18440,37871,46827,27672,71039,0.726,0.394,40.022582,-75.314801
Hardin-Simmons University,Abilene,TX,Southwest,Private nonprofit,4-year,Bachelor's,0.9,1108,1283,0.4006,0.3147,53330,45904,32960,32960,0.4604,24711,44392,54771,37653,77040,0.76,0.451,32.476434,-99.73564
Harding University,Searcy,AR,Southeast,Private nonprofit,4-year,Bachelor's,0.7052,1182,3382,0.2381,0.2055,71055,39534,26262,26262,0.6879,26500,43555,52876,34804,76562,0.726,0.501,35.247386,-91.726143
Harford Community College,Bel Air,MD,Mid East,Public,2-year,Associate,,,3696,0.2099,0.4127,30022,13821,4032,8832,0.3926,9812,36741,44608,24777,68409,0.643,0.22,39.56131,-76.282845
Harris-Stowe State University,Saint Louis,MO,Plains,Public,4-year,Bachelor's,,,960,0.7368,0.4732,17752,21493,7008,11640,0.2756,25930,26634,31088,15173,46993,0.556,0.834,38.631744,-90.224288
Harrisburg Area Community College,Harrisburg,PA,Mid East,Public,2-year,Associate,,,9533,0.3323,0.4941,30040,18369,6975,12472,0.2074,17500,36499,42007,24137,62654,0.664,0.417,40.296777,-76.886408
Harrisburg Area Community College-Gettysburg,Gettysburg,PA,Mid East,Public,2-year,Not classified,,,,,0.4941,30040,,6975,12472,,17500,36499,42007,24137,62654,0.664,0.417,,
Harrisburg Area Community College-Lancaster,Lancaster,PA,Mid East,Public,2-year,Not classified,,,,,0.4941,30040,,6975,12472,,17500,36499,42007,24137,62654,0.664,0.417,,
Harrisburg Area Community College-Lebanon,Annville,PA,Mid East,Public,2-year,Not classified,,,,,0.4941,30040,,6975,12472,,17500,36499,42007,24137,62654,0.664,0.417,,
Harrisburg Area Community College-York,York,PA,Mid East,Public,2-year,Not classified,,,,,0.4941,30040,,6975,12472,,17500,36499,42007,24137,62654,0.664,0.417,,
Harrisburg University of Science and Technology,Harrisburg,PA,Mid East,Private nonprofit,4-year,Bachelor's,0.8735,,615,0.4735,0.44,29132,35893,24400,24400,0.3387,27000,34365,52374,34213,69826,,0.516,40.26193,-76.880261
Hartnell College,Salinas,CA,Far West,Public,2-year,Associate,,,9453,0.3153,0.6477,24413,11892,1404,10374,0.3998,,36065,44316,23484,65949,0.615,,36.675091,-121.666054
Hartwick College,Oneonta,NY,Mid East,Private nonprofit,4-year,Bachelor's,0.696,1200,1087,0.3561,0.2709,64836,68614,54962,54962,0.5332,27000,50452,61107,41224,87242,0.748,0.442,42.457599,-75.071994
Harvard University,Cambridge,MA,New England,Private nonprofit,4-year,Bachelor's,0.0365,1553,7601,0.1643,0.2571,33066,85540,61676,61676,0.9758,14000,99572,101817,65309,200054,0.904,0.138,42.374471,-71.118313
Harvey Mudd College,Claremont,CA,Far West,Private nonprofit,4-year,Bachelor's,0.1266,1545,921,0.1517,,104806,90165,68613,68613,0.9188,25000,115107,138687,79299,208094,0.865,0.18,34.106515,-117.709837
Haskell Indian Nations University,Lawrence,KS,Plains,Public,4-year,Associate,0.9036,,978,0.6503,0.4005,22822,9581,600,600,0.1795,,28425,37043,19832,51759,0.452,,38.938834,-95.232879
Hastings Beauty School,Hastings,MN,Plains,Private for-profit,Less than 2-year,Certificate,,,22,0.4865,,43978,,,,0.6923,,22668,26258,15890,41399,,,44.744595,-92.85026
Hastings College,Hastings,NE,Plains,Private nonprofit,4-year,Bachelor's,0.7165,1320,891,0.2737,0.2749,66876,51422,37770,37770,0.4885,27000,45590,51303,36199,69057,0.794,0.526,40.59025,-98.374403
Hatfield's Mississippi College of Beauty Culture,Laurel,MS,Southeast,Private for-profit,Less than 2-year,Certificate,,,57,0.6,,20661,,,,0.7143,6500,17485,13849,6825,30610,,0.469,31.693316,-89.135405
Haverford College,Haverford,PA,Mid East,Private nonprofit,4-year,Bachelor's,0.1237,1513,1430,0.1545,0.1621,65396,90382,70688,70688,0.8964,13621,53353,79966,57103,117492,0.873,0.17,40.007452,-75.305207
Hawaii Community College,Hilo,HI,Far West,Public,2-year,Associate,,,1546,0.2876,0.4839,14735,15702,3204,8340,0.3274,10500,29704,34891,17946,52305,0.536,0.301,19.704756,-155.069653
Hawaii Institute of Hair Design,Honolulu,HI,Far West,Private for-profit,2-year,Certificate,,,85,0.5726,0.5923,16976,,,,0.8214,5793,17489,25235,8730,38129,0.44,0.23,21.31146,-157.861609
Hawaii Medical College,Honolulu,HI,Far West,Private for-profit,2-year,Certificate,,,194,0.4424,0.5825,18810,36252,25927,25927,0.8382,13000,35803,38880,20869,48863,,0.334,21.295164,-157.847652
Hawaii Pacific University,Honolulu,HI,Far West,Private nonprofit,4-year,Bachelor's,0.8587,1111,2392,0.2145,0.3584,42913,50674,34392,34392,0.3489,22000,48773,59593,35751,90587,0.762,0.369,21.310306,-157.859645
Hawkeye Community College,Waterloo,IA,Plains,Public,2-year,Associate,,,2626,0.2177,0.3602,37546,14901,6525,6612,0.4329,12000,39099,42849,26051,61050,0.666,0.28,42.430003,-92.330633
Hays Academy of Hair Design,Salina,KS,Plains,Private for-profit,Less than 2-year,Certificate,,,46,0.5287,0.4354,24157,,,,0.8611,9833,24139,23712,13159,35577,,0.415,38.8398,-97.607551
Hays Academy of Hair Design,Hays,KS,Plains,Private for-profit,Less than 2-year,Certificate,,,83,0.4846,0.4354,24157,,,,0.7736,9833,24139,23712,13159,35577,,0.415,38.884873,-99.310623
Haywood Community College,Clyde,NC,Southeast,Public,2-year,Associate,,,849,0.2919,0.4244,18353,17011,2580,8724,0.3359,,30792,34770,18523,50743,0.453,,35.525905,-82.927918
Hazard Community and Technical College,Hazard,KY,Southeast,Public,2-year,Certificate,,,1506,0.3198,0.6079,10487,12520,4728,6432,0.4757,10125,26147,29868,14924,49067,0.471,0.339,37.234897,-83.175644
Hazleton Area Career Center,Hazle TWP.,PA,Mid East,Public,Less than 2-year,Certificate,,,7,0.8571,,23832,,,,0.25,,,49311,29906,62100,,,40.971393,-75.99218
Headmasters School of Hair Design,Lewiston,ID,Rocky Mountains,Private for-profit,Less than 2-year,Certificate,,,92,0.5479,,17161,,,,0.6757,10556,30586,17707,11221,38492,0.314,0.596,46.421026,-117.025943
Healing Hands School of Holistic Health,Escondido,CA,Far West,Private for-profit,Less than 2-year,Certificate,,,220,0.231,0.3906,14907,,,,0.5833,6333,17175,24366,7460,46295,,0.26,33.124571,-117.078694
Healing Mountain Massage School,Salt Lake City,UT,Rocky Mountains,Private for-profit,Less than 2-year,Certificate,,,43,0.4949,0.4173,23354,,,,0.9211,8217,24665,22160,10980,42222,,0.371,40.761391,-111.876409
Healthcare Career College,Paramount,CA,Far West,Private for-profit,2-year,Certificate,,,447,0.5133,0.6357,10098,,,,0.7102,9500,32120,32613,12881,47694,,0.291,33.889719,-118.149645
Healthcare Training Institute,Union,NJ,Mid East,Private for-profit,2-year,Certificate,0.4167,,48,0.3333,0.6226,18970,,,,1.0,8717,33907,37571,20611,51026,,0.232,40.696519,-74.268253
Heartland Community College,Normal,IL,Great Lakes,Public,2-year,Certificate,,,2997,0.2073,0.3967,26248,16727,5550,13110,0.5364,7826,35616,40768,22079,62665,0.527,0.192,40.53301,-89.014776
Hebrew Theological College,Skokie,IL,Great Lakes,Private nonprofit,4-year,Bachelor's,0.5714,,90,0.1276,,39414,35559,15150,15150,0.5,14000,32793,33291,20241,59275,0.438,0.421,42.010103,-87.760874
Heidelberg University,Tiffin,OH,Great Lakes,Private nonprofit,4-year,Bachelor's,0.8579,,915,0.366,0.3218,67418,47025,33650,33650,0.5198,27000,41440,48466,35319,70735,0.772,0.557,41.114833,-83.168387
Helena College University of Montana,Helena,MT,Rocky Mountains,Public,2-year,Associate,,,585,0.1832,0.358,29338,15819,4146,11318,0.3333,14580,37317,40738,22556,61217,0.662,0.358,46.595384,-112.016035
Helene Fuld College of Nursing,New York,NY,Mid East,Private nonprofit,4-year,Associate,0.1695,,914,0.4363,0.4626,43204,51340,25852,25852,,15250,101039,111027,82431,132653,0.921,0.137,40.802495,-73.943356
Hellenic College-Holy Cross Greek Orthodox School of Theology,Brookline,MA,New England,Private nonprofit,4-year,Bachelor's,0.7963,,64,0.2424,,71319,41282,22490,22490,0.4444,21500,30988,51724,27287,88520,,0.416,42.317018,-71.129418
Henderson Community College,Henderson,KY,Southeast,Public,2-year,Certificate,,,880,0.3238,0.4845,21572,13540,4728,6432,0.3491,10483,31551,35714,20328,51119,0.576,0.294,37.797687,-87.650091
Henderson State University,Arkadelphia,AR,Southeast,Public,4-year,Bachelor's,,,1456,0.4622,0.3767,30416,27385,8244,10620,0.3734,19500,35194,43459,27855,60051,0.701,0.449,34.128155,-93.059703
Hendrix College,Conway,AR,Southeast,Private nonprofit,4-year,Bachelor's,0.5565,1282,1100,0.2319,0.1921,64296,55013,38200,38200,0.7235,26688,39913,60376,37323,84322,0.794,0.442,35.101565,-92.443256
Hennepin Technical College,Brooklyn Park,MN,Plains,Public,2-year,Certificate,,,3157,0.2863,0.3765,26337,16032,5940,5940,0.4164,11433,46905,49460,28827,70868,0.662,0.231,45.096534,-93.397759
Henrico County-Saint Marys Hospital School of Practical Nursing,Richmond,VA,Southeast,Public,Less than 2-year,Certificate,0.704,,79,0.2762,,19312,,,,,,47111,56618,,62048,,,37.601392,-77.568129
Henry Ford College,Dearborn,MI,Great Lakes,Public,4-year,Certificate,,,8643,0.4554,0.5072,16847,11784,3568,7816,0.1723,14250,28100,34795,15471,56860,0.595,0.41,42.324639,-83.236056
Heritage Bible College,Dunn,NC,Southeast,Private nonprofit,4-year,Bachelor's,,,22,0.5455,,40466,24868,8688,8688,,,30996,30672,,64423,,,35.307368,-78.664393
Heritage Christian University,Florence,AL,Southeast,Private nonprofit,4-year,Bachelor's,0.9,1020,75,0.3571,,36524,20909,11982,11982,0.6667,,,42597,,56597,,,34.856153,-87.663051
Heritage University,Toppenish,WA,Far West,Private nonprofit,4-year,Bachelor's,,,812,0.6667,0.6345,26087,31209,20928,20928,0.5368,14573,47001,49416,30073,70156,0.634,0.295,46.3748,-120.394972
Heritage Valley Health System School of Nursing,McKees Rocks,PA,Mid East,Private nonprofit,Less than 2-year,Certificate,0.8205,,71,0.1731,,35000,29767,22800,22800,,,54571,79831,,88706,,,40.472356,-80.091066
Herkimer County BOCES-Practical Nursing Program,Herkimer,NY,Mid East,Public,Less than 2-year,Certificate,,,58,0.6308,0.4684,22496,,,,0.6,8975,42884,41763,31763,60073,0.69,0.215,43.03504,-74.986641
Herkimer County Community College,Herkimer,NY,Mid East,Public,2-year,Associate,,,1168,0.3924,0.4365,28434,20149,5776,5776,0.3523,11365,33318,39199,21526,58102,0.611,0.29,43.032738,-75.007206
Herzing University-Akron,Akron,OH,Great Lakes,Private nonprofit,4-year,Associate,0.9457,,391,0.7638,0.5209,18321,27417,13450,13450,0.1892,21500,35295,36909,19077,56514,0.733,0.583,41.02817,-81.493109
Herzing University-Atlanta,Atlanta,GA,Southeast,Private nonprofit,4-year,Bachelor's,0.9375,,387,0.7034,0.5209,18321,27007,13450,13450,0.1395,21500,35295,36909,19077,56514,0.733,0.583,33.754218,-84.387251
Herzing University-Birmingham,Birmingham,AL,Southeast,Private nonprofit,4-year,Associate,0.9326,,442,0.6771,0.5209,18321,27750,13450,13450,0.125,21500,35295,36909,19077,56514,0.733,0.583,33.468466,-86.832465
Herzing University-Brookfield,Brookfield,WI,Great Lakes,Private nonprofit,4-year,Certificate,0.9306,,380,0.6728,0.5209,18321,27844,13450,13450,0.4167,21500,35295,36909,19077,56514,0.733,0.583,43.035738,-88.110994
Herzing University-Clarksville,Clarksville,TN,Southeast,Private nonprofit,4-year,Bachelor's,,,,,0.5209,18321,,,,,21500,35295,36909,19077,56514,0.733,0.583,,
Herzing University-Kenosha,Kenosha,WI,Great Lakes,Private nonprofit,4-year,Bachelor's,0.92,,522,0.6225,0.5209,18321,28414,13450,13450,0.7222,21500,35295,36909,19077,56514,0.733,0.583,42.582628,-87.820105
Herzing University-Madison,Madison,WI,Great Lakes,Private nonprofit,4-year,Certificate,0.943,,2494,0.6937,0.5209,18321,27939,13450,13450,0.284,21500,35295,36909,19077,56514,0.733,0.583,43.14415,-89.291561
Herzing University-Minneapolis,St. Louis Park,MN,Plains,Private nonprofit,4-year,Bachelor's,0.9375,,740,0.5668,0.5209,18321,26163,13450,13450,0.4667,21500,35295,36909,19077,56514,0.733,0.583,44.975225,-93.404863
Herzing University-Nashville,Nashville,TN,Southeast,Private nonprofit,4-year,Certificate,0.9273,,201,0.68,0.5209,18321,28414,13450,13450,,21500,35295,36909,19077,56514,0.733,0.583,36.154732,-86.63453
Herzing University-New Orleans,Metairie,LA,Southeast,Private nonprofit,4-year,Associate,0.92,,346,0.7673,0.5209,18321,28414,13450,13450,0.1538,21500,35295,36909,19077,56514,0.733,0.583,30.019252,-90.155851
Herzing University-Orlando,Winter Park,FL,Southeast,Private nonprofit,4-year,Associate,0.942,,714,0.6496,0.5209,18321,26664,13450,13450,0.3714,21500,35295,36909,19077,56514,0.733,0.583,28.615784,-81.312669
Herzing University-Tampa,Tampa,FL,Southeast,Private nonprofit,4-year,Associate,0.8966,,251,0.5654,0.5209,18321,27494,13450,13450,,21500,35295,36909,19077,56514,0.733,0.583,27.976414,-82.335773
Hesston College,Hesston,KS,Plains,Private nonprofit,4-year,Associate,,,372,0.3799,0.2492,53080,47450,32936,32936,0.6061,12000,46707,47495,30239,66197,0.737,0.253,38.134558,-97.433883
High Plains Technology Center,Woodward,OK,Southwest,Public,Less than 2-year,Certificate,,,72,0.1086,0.6078,17758,,,,0.7955,,28469,33734,9949,45911,0.358,,36.40621,-99.427304
High Point University,High Point,NC,Southeast,Private nonprofit,4-year,Bachelor's,0.7531,1288,5129,0.1185,0.1478,111649,65548,45312,45312,0.737,24575,50955,61389,41738,88991,0.761,0.4,35.972035,-79.994675
Highland Community College,Highland,KS,Plains,Public,2-year,Certificate,,,1279,0.2039,0.4497,29737,17914,4080,4080,0.3852,8277,35580,41291,23970,60908,0.621,0.2,39.859987,-95.271539
Highland Community College,Freeport,IL,Great Lakes,Public,2-year,Certificate,,,931,0.3163,0.4836,24244,13161,4936,7360,0.4493,8029,33425,37928,19695,56606,0.535,0.212,42.283344,-89.67342
Highlands College of Montana Tech,Butte,MT,Rocky Mountains,Public,2-year,Certificate,,,342,0.1345,0.3373,38398,18476,4130,10950,0.4466,18750,48356,54329,31114,82037,0.747,0.345,45.938145,-112.509365
Highline College,Des Moines,WA,Far West,Public,4-year,Associate,,,3838,0.1912,0.4987,18708,18812,4772,5332,0.3546,9500,42323,47869,24244,72619,0.671,0.198,47.388231,-122.303064
Hilbert College,Hamburg,NY,Mid East,Private nonprofit,4-year,Bachelor's,0.972,,921,0.4824,0.3814,41765,42114,33740,33740,0.5631,24750,45369,48309,31795,66554,0.787,0.512,42.75464,-78.820257
Hill College,Hillsboro,TX,Southwest,Public,2-year,Associate,,,2253,0.3145,0.4843,26206,13417,3570,3570,0.3158,10000,32356,39572,19784,62210,0.548,0.253,32.010928,-97.088332
Hillsborough College,Tampa,FL,Southeast,Public,4-year,Certificate,,,21472,0.4203,0.4631,22087,9924,2506,9111,0.3418,9762,34101,40782,22231,60796,0.631,0.239,27.934888,-82.456253
Hillsdale Beauty College,Hillsdale,MI,Great Lakes,Private for-profit,Less than 2-year,Certificate,,,26,0.4792,,23318,,,,0.5833,9377,,17793,9237,32123,,0.527,41.918718,-84.631429
Hilltop Beauty School,Daly City,CA,Far West,Private for-profit,Less than 2-year,Certificate,,,77,0.5739,0.5942,18040,,,,0.7273,,25207,25477,10885,50776,0.431,,37.705502,-122.461467
Hinds Community College,Raymond,MS,Southeast,Public,2-year,Associate,,,6397,0.5051,0.3823,17640,11036,4250,7300,0.4328,9371,26579,30774,16453,47856,0.524,0.305,32.256109,-90.416118
Hiram College,Hiram,OH,Great Lakes,Private nonprofit,4-year,Bachelor's,0.9353,,777,0.3174,0.3758,45871,40572,27600,27600,0.5451,27000,40270,54311,36173,74254,0.774,0.497,41.3107,-81.143981
Hobart Institute of Welding Technology,Troy,OH,Great Lakes,Private nonprofit,Less than 2-year,Certificate,,,356,0.2072,0.3527,41123,,,,0.9029,5500,52314,60955,41805,82894,0.823,0.09,40.053024,-84.219809
Hobart William Smith Colleges,Geneva,NY,Mid East,Private nonprofit,4-year,Bachelor's,0.6399,1319,1786,0.2509,0.125,111824,82602,65117,65117,0.7725,27000,62416,68831,46622,96812,0.841,0.392,42.858131,-76.985516
Hobe Sound Bible College,Hobe Sound,FL,Southeast,Private nonprofit,4-year,Bachelor's,,,112,0.5035,0.3418,23358,18838,9068,9068,0.5,,25150,39863,17517,,,,27.066304,-80.13184
Hocking College,Nelsonville,OH,Great Lakes,Public,2-year,Associate,,,1311,0.4561,0.4532,28100,19171,5540,10290,0.3716,11584,33544,37791,20664,55570,0.59,0.307,39.441954,-82.220791
Hofstra University,Hempstead,NY,Mid East,Private nonprofit,4-year,Bachelor's,0.6808,1319,6488,0.2527,0.2353,72953,70624,57660,57660,0.6854,23621,52131,69039,42369,95464,0.814,0.342,40.715959,-73.60078
Hohokus School of Trade and Technical Sciences,Paterson,NJ,Mid East,Private for-profit,Less than 2-year,Certificate,,,146,0.6471,0.5683,15610,,,,0.8115,7600,43299,43917,21507,68213,,0.173,40.909377,-74.152581
Hollins University,Roanoke,VA,Southeast,Private nonprofit,4-year,Bachelor's,0.6795,1230,665,0.3944,0.2582,48958,58698,43560,43560,0.6465,27000,29863,40075,21153,57630,0.614,0.674,37.354201,-79.943277
Hollywood Institute,Margate,FL,Southeast,Private for-profit,Less than 2-year,Certificate,,,215,0.5698,0.5112,12880,,,,0.7778,6038,20194,22285,11325,36400,0.426,0.271,26.243429,-80.199738
Hollywood Institute of Beauty Careers,Hollywood,FL,Southeast,Private for-profit,Less than 2-year,Certificate,,,218,0.5451,0.5038,13244,,,,0.7935,6199,20710,21386,11669,39931,,0.29,26.007139,-80.209125
Hollywood Institute of Beauty Careers-Casselberry,Casselberry,FL,Southeast,Private for-profit,Less than 2-year,Certificate,,,273,0.4526,0.5038,13244,,,,0.7308,6199,20710,21386,11669,39931,,0.29,28.633003,-81.321511
Hollywood Institute of Beauty Careers-West Palm Beach,West Palm Beach,FL,Southeast,Private for-profit,Less than 2-year,Certificate,,,239,0.3996,0.5038,13244,,,,0.8279,6199,20710,21386,11669,39931,,0.29,26.649613,-80.057435
Holmes Community College,Goodman,MS,Southeast,Public,2-year,Associate,,,3958,0.4281,0.3854,18136,12875,3710,6610,0.3904,9274,28661,32922,17578,49249,0.542,0.282,32.969985,-89.915803
Holy Cross College,Notre Dame,IN,Great Lakes,Private nonprofit,4-year,Bachelor's,0.7518,,639,0.2975,0.2882,63590,50881,36600,36600,0.7289,24000,41335,50416,29455,72234,0.715,0.476,41.698996,-86.253822
Holy Family University,Philadelphia,PA,Mid East,Private nonprofit,4-year,Bachelor's,0.7104,1060,2464,0.4105,0.463,45550,40539,35330,35330,0.6091,25125,55285,62235,38615,88857,0.791,0.404,40.060581,-74.986451
Holy Name Medical Center-Sister Claire Tynan School of Nursing,Englewood Cliffs,NJ,Mid East,Private nonprofit,2-year,Certificate,0.2,,178,0.3069,0.4015,30373,,23914,23914,1.0,20000,80521,87408,52505,111283,0.892,0.229,40.874956,-73.948887
Holyoke Community College,Holyoke,MA,New England,Public,2-year,Associate,,,3591,0.4269,0.4726,22723,15043,5988,10932,0.2938,8250,32437,37277,20595,55479,0.602,0.221,42.194781,-72.651252
Homestead Schools,Torrance,CA,Far West,Private nonprofit,4-year,Certificate,,,157,0.6615,0.5349,27665,,,,0.9333,18040,43413,59398,35365,83061,,0.304,33.809096,-118.35009
Homestead Schools-Costa Mesa,Costa Mesa,CA,Far West,Private nonprofit,Less than 2-year,Certificate,,,32,0.5833,0.5349,27665,,,,,18040,43413,59398,35365,83061,,0.304,33.685098,-117.884488
Hondros College of Nursing,Columbus,OH,Great Lakes,Private for-profit,2-year,Certificate,0.8529,,3857,0.7127,0.5338,23351,30681,14817,14817,0.2089,15833,49239,58636,38196,80886,,0.27,40.101816,-82.984937
Honolulu Community College,Honolulu,HI,Far West,Public,2-year,Associate,,,1897,0.161,0.4556,24734,13151,3174,8310,0.2479,7534,36127,45105,25858,69754,0.649,0.167,21.321785,-157.87
Hood College,Frederick,MD,Mid East,Private nonprofit,4-year,Bachelor's,0.7777,,1194,0.3706,0.3111,52820,61219,47700,47700,0.569,25000,48415,57089,33533,79463,0.775,0.438,39.420631,-77.419049
Hope College,Holland,MI,Great Lakes,Private nonprofit,4-year,Bachelor's,0.7924,1249,3288,0.1648,0.1491,92618,55646,41970,41970,0.7995,26800,49727,58427,41745,82041,0.794,0.459,42.787247,-86.100971
Hope International University,Fullerton,CA,Far West,Private nonprofit,4-year,Bachelor's,0.3298,1020,564,0.4426,0.3863,40565,51784,38050,38050,0.4944,23000,36030,49697,28526,66867,0.681,0.463,33.87616,-117.88573
Hopkinsville Community College,Hopkinsville,KY,Southeast,Public,2-year,Certificate,,,1630,0.4453,0.4825,24302,14469,4728,6432,0.4513,10691,32645,36323,19756,54276,0.535,0.294,36.882654,-87.488297
Horizon University,Indianapolis,IN,Great Lakes,Private nonprofit,4-year,Associate,,,63,0.2241,,,29680,9840,9840,,,,65875,38754,99429,,,39.894654,-85.986809
Horry-Georgetown Technical College,Conway,SC,Southeast,Public,2-year,Certificate,,,6274,0.3895,0.4202,21467,11909,4468,8836,0.3782,14250,31547,35507,18794,53910,0.498,0.401,33.79614,-79.003611
Hot Springs Beauty College,Hot Springs,AR,Southeast,Private for-profit,Less than 2-year,Certificate,,,86,0.7361,0.4468,13946,,,,0.4783,9700,16969,21563,,35279,0.236,0.45,34.496057,-93.037277
Houghton University,Houghton,NY,Mid East,Private nonprofit,4-year,Bachelor's,0.8866,1284,753,0.285,0.1701,60483,31143,18430,18430,0.6522,25250,36376,46721,26371,61796,0.75,0.54,42.426137,-78.155426
House of Heavilin Beauty College-Blue Springs,Blue Springs,MO,Plains,Private for-profit,Less than 2-year,Certificate,,,109,0.4412,0.552,17840,,,,0.7778,7917,24015,24840,11416,38139,0.268,0.319,38.997932,-94.272412
House of Heavilin Beauty College-Kansas City,Kansas City,MO,Plains,Private for-profit,Less than 2-year,Certificate,,,55,0.7083,,13289,,,,0.4444,13102,,17269,9848,28459,0.197,0.759,39.022905,-94.574262
Houston Christian University,Houston,TX,Southwest,Private nonprofit,4-year,Bachelor's,0.8444,1084,2886,0.5554,0.3628,38544,50082,39430,39430,0.4912,22642,44595,55933,32345,79846,0.777,0.405,29.693819,-95.515954
Houston City College,Houston,TX,Southwest,Public,4-year,Associate,,,40503,0.3574,0.4995,19772,12009,2040,5460,0.1653,13921,31319,39254,18789,61121,0.639,0.355,29.742114,-95.377319
Houston Training School-Main Campus,Houston,TX,Southwest,Private for-profit,Less than 2-year,Certificate,,,198,0.9408,0.6404,12718,,,,0.7544,,18606,18991,10248,33649,0.297,,29.77291,-95.24417
Houston Training Schools-Gessner,Houston,TX,Southwest,Private for-profit,Less than 2-year,Certificate,,,138,0.9767,0.6404,12718,,,,0.7778,,18606,18991,10248,33649,0.297,,29.72401,-95.540324
Howard College,Big Spring,TX,Southwest,Public,2-year,Associate,,,1611,0.2369,0.5142,25011,13858,2766,6716,0.3507,9500,32428,38382,20950,57845,0.575,0.248,32.252292,-101.450104
Howard Community College,Columbia,MD,Mid East,Public,2-year,Associate,,,6649,0.2678,0.3873,25404,16774,4080,9624,0.2402,10500,39195,49020,25196,77530,0.69,0.214,39.213636,-76.877964
Howard Payne University,Brownwood,TX,Southwest,Private nonprofit,4-year,Bachelor's,0.6737,1026,713,0.4427,0.374,48182,46766,34982,34982,0.2798,26793,38212,48376,33222,64999,0.723,0.554,31.716467,-98.985204
Howard University,Washington,DC,Mid East,Private nonprofit,4-year,Bachelor's,0.4134,1213,10108,0.4,0.2364,40386,54630,35810,35810,0.6996,24500,47379,63066,34222,92903,0.768,0.388,38.922392,-77.018966
Hudson County Community College,Jersey City,NJ,Mid East,Public,2-year,Associate,,,6626,0.5643,0.5877,17223,15469,5384,9248,0.2574,10500,28676,34333,15126,55589,0.56,0.306,40.7303,-74.062903
Hudson Valley Community College,Troy,NY,Mid East,Public,2-year,Associate,,,6499,0.305,0.3938,32393,15757,6796,11852,0.35,10625,39595,45460,25134,69179,0.698,0.234,42.696509,-73.683734
Huertas College,Caguas,PR,Outlying Areas,Private for-profit,4-year,Certificate,,,430,0.7957,0.3597,0,14229,8750,8750,0.4559,7500,20348,22927,13298,36228,0.287,0.327,18.236147,-66.025572
Humacao Community College,Humacao,PR,Outlying Areas,Private nonprofit,4-year,Certificate,,,173,0.942,0.5221,0,9960,6560,6560,0.3821,,19411,20064,11059,31495,0.281,,18.148274,-65.826857
Humphreys University,Stockton,CA,Far West,Private nonprofit,4-year,Bachelor's,,,149,0.5246,0.5897,17484,20918,13500,13500,0.6154,35500,40569,39248,19100,58278,0.528,0.905,38.011489,-121.316918
Hunter Business School,Levittown,NY,Mid East,Private for-profit,2-year,Certificate,,,1261,0.6494,0.6145,16758,,,,0.853,7937,38585,36312,17071,51662,0.514,0.219,40.728029,-73.501125
Huntingdon College,Montgomery,AL,Southeast,Private nonprofit,4-year,Bachelor's,0.6949,1142,879,0.4007,0.3456,37577,40908,29070,29070,0.4798,27000,42147,49601,34151,71130,0.718,0.544,32.351034,-86.284366
Huntington School of Beauty Culture,Huntington,WV,Southeast,Private for-profit,2-year,Certificate,,,111,0.5212,,,,,,1.0,,,24794,11719,37156,0.125,,38.410212,-82.325688
Huntington University,Huntington,IN,Great Lakes,Private nonprofit,4-year,Bachelor's,0.7564,1052,1082,0.2737,0.3109,57815,42157,31870,31870,0.636,25576,40702,46672,30290,68756,0.667,0.548,40.898152,-85.497317
Husson University,Bangor,ME,New England,Private nonprofit,4-year,Bachelor's,0.8095,1180,2618,0.3881,0.3218,53850,35852,23304,23304,0.5935,27000,41554,45025,27453,69617,0.732,0.6,44.829002,-68.791476
Huston-Tillotson University,Austin,TX,Southwest,Private nonprofit,4-year,Bachelor's,0.3909,1014,1005,0.6122,0.4344,28322,25384,26709,26709,0.3394,30750,38342,42937,24894,59998,0.629,0.716,30.264667,-97.721691
Hutchinson Community College,Hutchinson,KS,Plains,Public,2-year,Certificate,,,3039,0.228,0.4084,30354,14858,3540,4770,0.5346,9773,36892,43470,26365,62234,0.646,0.225,38.068035,-97.92135
Hypnosis Motivation Institute,Tarzana,CA,Far West,Private nonprofit,2-year,Certificate,,,209,0.5192,0.3706,17136,,,,0.7727,9500,27978,24244,11075,55747,0.484,0.392,34.170219,-118.538719
IBMC College,Fort Collins,CO,Rocky Mountains,Private for-profit,2-year,Certificate,,,297,0.7153,0.5119,20082,,,,0.8632,8750,31395,34432,15764,46240,0.501,0.254,40.534067,-105.078989
ICPR Junior College,Hato Rey,PR,Outlying Areas,Private for-profit,2-year,Certificate,,,439,0.9271,0.5727,0,15133,8664,8664,0.5091,,15478,18694,9423,32262,0.203,,18.415291,-66.05712
ICPR Junior College,Manati,PR,Outlying Areas,Private for-profit,2-year,Certificate,,,424,0.9783,0.5727,0,15900,8664,8664,0.6078,,15478,18694,9423,32262,0.203,,18.429025,-66.493841
ICPR Junior College-Arecibo,Arecibo,PR,Outlying Areas,Private for-profit,2-year,Certificate,,,339,0.9799,0.5727,0,15358,8664,8664,0.6032,,15478,18694,9423,32262,0.203,,18.478059,-66.759324
ICPR Junior College-Mayaguez,Mayaguez,PR,Outlying Areas,Private for-profit,2-year,Certificate,,,373,0.9557,0.5727,0,15988,8664,8664,0.6667,,15478,18694,9423,32262,0.203,,18.202277,-67.144762
IDEA at ATEP,Tustin,CA,Far West,Public,2-year,Not classified,,,,,0.4255,18620,,1156,11860,,6500,35124,49156,23055,81620,0.618,0.132,,
ITI Technical College,Baton Rouge,LA,Southeast,Private for-profit,2-year,Associate,,,555,0.6472,0.4472,26512,25749,11711,11711,0.5882,15006,56551,68342,34977,118798,0.805,0.22,30.369764,-91.030485
IVAEM College,Caguas,PR,Outlying Areas,Private for-profit,Less than 2-year,Certificate,,,195,0.8346,0.546,0,,,,0.8269,,13804,19686,12180,33943,0.301,,18.23502,-66.033732
Idaho State University,Pocatello,ID,Rocky Mountains,Public,4-year,Bachelor's,,,7583,0.2794,0.3606,35748,21527,8610,27720,0.3939,20039,41377,45608,26351,70935,0.661,0.439,42.863832,-112.432312
Ilisagvik College,Barrow,AK,Far West,Public,4-year,Certificate,,,126,0.0772,,14244,14377,5260,5260,0.4615,,31396,39541,19038,69946,0.397,,71.324702,-156.679486
Illinois Central College,East Peoria,IL,Great Lakes,Public,2-year,Certificate,,,5052,0.2369,0.4264,25917,18938,4800,12150,0.4901,8900,32988,37366,20499,57951,0.584,0.238,40.707235,-89.52485
Illinois College,Jacksonville,IL,Great Lakes,Private nonprofit,4-year,Bachelor's,0.7819,1064,930,0.3839,0.311,59194,48955,38676,38676,0.6382,25565,40110,52575,37164,78809,0.784,0.486,39.7313,-90.246171
Illinois Eastern Community Colleges,Olney,IL,Great Lakes,Public,2-year,Certificate,,,1634,0.1697,0.4083,27680,17333,5260,12460,0.632,6500,34213,37533,20857,56976,0.561,0.173,38.729684,-88.081976
Illinois Eastern Community Colleges-Frontier Community College,Fairfield,IL,Great Lakes,Public,2-year,Not classified,,,,,0.4083,27680,,5260,12460,,6500,34213,37533,20857,56976,0.561,0.173,,
Illinois Eastern Community Colleges-Lincoln Trail College,Robinson,IL,Great Lakes,Public,2-year,Not classified,,,,,0.4083,27680,,5260,12460,,6500,34213,37533,20857,56976,0.561,0.173,,
Illinois Eastern Community Colleges-Olney Central College,Olney,IL,Great Lakes,Public,2-year,Not classified,,,,,0.4083,27680,,5260,12460,,6500,34213,37533,20857,56976,0.561,0.173,,
Illinois Eastern Community Colleges-Wabash Valley College,Mount Carmel,IL,Great Lakes,Public,2-year,Not classified,,,,,0.4083,27680,,5260,12460,,6500,34213,37533,20857,56976,0.561,0.173,,
Illinois Institute of Technology,Chicago,IL,Great Lakes,Private nonprofit,4-year,Bachelor's,0.5493,1311,2833,0.3001,0.3224,39719,68164,52386,52386,0.7521,25000,70803,82592,56428,113769,0.903,0.303,41.8313,-87.627321
Illinois Media School,Chicago,IL,Great Lakes,Private for-profit,Less than 2-year,Certificate,,,32,0.5532,0.3931,16801,,,,0.7955,9500,31958,38284,20364,57779,0.617,0.248,41.986156,-87.838707
Illinois Media School-Chicago Campus,Chicago,IL,Great Lakes,Private for-profit,Less than 2-year,Certificate,,,66,0.6212,0.3931,16801,,,,0.6053,9500,31958,38284,20364,57779,0.617,0.248,41.883062,-87.62851
Illinois State University,Normal,IL,Great Lakes,Public,4-year,Bachelor's,0.8815,1113,19057,0.3207,0.2964,67100,34309,16144,28210,0.6454,20482,50599,62117,44007,86157,0.832,0.33,40.509403,-88.990058
Illinois Valley Community College,Oglesby,IL,Great Lakes,Public,2-year,Certificate,,,2040,0.2641,0.5066,23884,11067,4200,16385,0.4183,8233,34932,40810,24244,63030,0.575,0.202,41.30744,-89.100887
Illinois Wesleyan University,Bloomington,IL,Great Lakes,Private nonprofit,4-year,Bachelor's,0.3931,1275,1582,0.2633,0.1773,98014,70700,57704,57704,0.747,27000,56082,70871,50689,98120,0.854,0.381,40.489901,-88.992014
Immaculata University,Immaculata,PA,Mid East,Private nonprofit,4-year,Bachelor's,0.8576,1260,1320,0.2283,0.3509,65352,43979,29330,29330,0.7104,27000,56416,75701,49236,101424,0.783,0.357,40.027981,-75.570711
Immokalee Technical College,Immokalee,FL,Southeast,Public,2-year,Certificate,,,319,0.3794,0.6577,22074,,,,0.8595,,35793,37652,23672,54899,,,26.426526,-81.425148
Imperial Valley College,Imperial,CA,Far West,Public,2-year,Associate,,,7652,0.5075,0.6092,17104,11998,1148,8852,0.4459,,28114,34487,15901,56234,0.459,,32.827209,-115.503563
Independence Community College,Independence,KS,Plains,Public,2-year,Associate,,,486,0.3739,0.3847,25420,8824,4560,4950,0.2626,6115,29674,34941,17730,51048,0.526,0.175,37.195614,-95.720518
Indian Capital Technology Center School  District Number 4 - Coweta,Coweta,OK,Southwest,Public,Less than 2-year,Not classified,,,,,0.5799,14995,,,,,,35385,33208,16891,53713,0.453,,,
Indian Capital Technology Center-Muskogee,Muskogee,OK,Southwest,Public,2-year,Certificate,,,1491,0.0746,0.5799,14995,,,,1.0,,35385,33208,16891,53713,0.453,,35.774921,-95.311895
Indian Capital Technology Center-Sallisaw,Sallisaw,OK,Southwest,Public,Less than 2-year,Not classified,,,,,0.5799,14995,,,,,,35385,33208,16891,53713,0.453,,,
Indian Capital Technology Center-Stilwell,Stilwell,OK,Southwest,Public,Less than 2-year,Not classified,,,,,0.5799,14995,,,,,,35385,33208,16891,53713,0.453,,,
Indian Capital Technology Center-Tahlequah,Tahlequah,OK,Southwest,Public,Less than 2-year,Not classified,,,,,0.5799,14995,,,,,,35385,33208,16891,53713,0.453,,,
Indian Hills Community College,Ottumwa,IA,Plains,Public,2-year,Associate,,,1495,0.2423,0.4117,31070,17791,5040,6120,0.4012,10500,38540,40507,22194,58915,0.617,0.259,41.045105,-92.394736
Indian River State College,Fort Pierce,FL,Southeast,Public,4-year,Associate,,,11822,0.3438,0.4801,21577,11576,2764,10201,0.4491,8023,33822,38315,21540,56244,0.575,0.209,27.42416,-80.358682
Indiana County Technology Center,Indiana,PA,Mid East,Public,Less than 2-year,Certificate,,,109,0.6198,0.5086,23602,,,,0.7143,10901,35179,34858,14406,47554,,0.313,40.646071,-79.121853
Indiana Institute of Technology,Fort Wayne,IN,Great Lakes,Private nonprofit,4-year,Bachelor's,0.7039,,1441,0.3518,0.533,14380,45879,31361,31361,0.4779,26391,29717,47327,28223,70604,0.769,0.558,41.078365,-85.116479
Indiana Institute of Technology-College of Professional Studies,Fort Wayne,IN,Great Lakes,Private nonprofit,4-year,Bachelor's,,,2686,0.5526,0.533,14380,26033,9896,9896,0.28,26391,29717,47327,28223,70604,0.769,0.558,41.078365,-85.116479
Indiana State University,Terre Haute,IN,Great Lakes,Public,4-year,Bachelor's,0.8077,,6188,0.4156,0.3619,39723,24535,10258,22322,0.4288,24000,41047,48387,32998,69512,0.729,0.496,39.469073,-87.407846
Indiana University Columbus,Columbus,IN,Great Lakes,Public,4-year,Not classified,,,,,0.3509,45002,,10762,34891,,20000,47173,55198,36193,78569,0.756,0.362,,
Indiana University Fort Wayne,Fort Wayne,IN,Great Lakes,Public,4-year,Not classified,,,,,0.3509,45002,,10762,34891,,20000,47173,55198,36193,78569,0.756,0.362,,
Indiana University of Pennsylvania,Indiana,PA,Mid East,Public,4-year,Bachelor's,0.9077,1082,6764,0.3683,0.3226,56548,26898,11380,16297,0.5551,26798,42278,51019,32990,71393,0.737,0.525,40.617531,-79.159332
Indiana University-Bloomington,Bloomington,IN,Great Lakes,Public,4-year,Bachelor's,0.7821,1313,37806,0.1676,0.2211,75001,28801,12144,41891,0.8021,19509,53417,63742,41928,95667,0.807,0.306,39.16609,-86.526559
Indiana University-East,Richmond,IN,Great Lakes,Public,4-year,Bachelor's,0.6722,1061,2589,0.3543,0.4463,35515,16954,8424,22811,0.3958,18000,44827,47156,28677,68202,0.602,0.382,39.868707,-84.881923
Indiana University-Indianapolis,Indianapolis,IN,Great Lakes,Public,4-year,Bachelor's,0.7637,1139,13830,0.373,0.3509,45002,23316,10762,34891,0.5445,20000,47173,55198,36193,78569,0.756,0.362,39.772948,-86.172217
Indiana University-Kokomo,Kokomo,IN,Great Lakes,Public,4-year,Bachelor's,0.8648,1065,2352,0.334,0.4026,41864,11837,8424,22811,0.4561,16961,42134,49917,31897,71848,0.684,0.34,40.460062,-86.132048
Indiana University-Northwest,Gary,IN,Great Lakes,Public,4-year,Bachelor's,0.7339,1055,2661,0.4255,0.4538,36436,13989,8424,22811,0.3738,21710,39714,43361,22336,65135,0.686,0.501,41.557324,-87.337249
Indiana University-South Bend,South Bend,IN,Great Lakes,Public,4-year,Bachelor's,0.8384,1081,3933,0.4267,0.4102,40868,17364,8424,22811,0.4009,21355,41388,44947,28497,64093,0.678,0.475,41.665324,-86.221991
Indiana University-Southeast,New Albany,IN,Great Lakes,Public,4-year,Bachelor's,0.8446,1072,3170,0.3229,0.4091,36062,16411,8424,22811,0.3919,19684,42290,47596,31303,66990,0.703,0.414,38.345191,-85.819985
Indiana Wesleyan University-Marion,Marion,IN,Great Lakes,Private nonprofit,4-year,Bachelor's,0.8894,1082,1974,0.2708,0.4741,35007,44776,32352,32352,0.6671,24250,51329,59986,38195,88091,0.816,0.404,40.517937,-85.667503
Indiana Wesleyan University-National & Global,Marion,IN,Great Lakes,Private nonprofit,4-year,Bachelor's,,,6656,0.4845,0.4741,35007,22228,8208,8208,0.3495,24250,51329,59986,38195,88091,0.816,0.404,40.510655,-85.677641
Industrial Management Training Institute,Waterbury,CT,New England,Private for-profit,Less than 2-year,Certificate,,,114,0.3611,0.5581,21600,,,,0.783,9500,46512,55344,29420,82508,0.733,0.172,41.549618,-73.035893
Industrial Technical College,Humacao,PR,Outlying Areas,Private for-profit,Less than 2-year,Certificate,,,109,1.0,0.5992,0,10907,8400,8400,0.675,,19916,17162,7638,28725,,,18.149582,-65.828111
Institucion Chaviano de Mayaguez,Mayaguez,PR,Outlying Areas,Private for-profit,Less than 2-year,Certificate,,,210,0.9716,0.5517,0,,,,0.5357,,17073,12635,3647,22573,,,18.200763,-67.137002
Institute for Business and Technology,San Jose,CA,Far West,Private for-profit,2-year,Certificate,,,765,0.4416,0.5595,19945,,,,0.8374,7853,41768,38015,17914,62402,0.614,0.207,37.411098,-121.943094
Institute of Advanced Medical Esthetics,Ashland,VA,Southeast,Private for-profit,Less than 2-year,Certificate,,,7,0.4146,,21831,,,,1.0,,19839,31213,9639,52357,,,37.758005,-77.475904
Institute of American Indian and Alaska Native Culture and Arts Development,Santa Fe,NM,Southwest,Public,4-year,Bachelor's,0.9747,,334,0.2252,0.3806,11358,24854,5920,5920,0.1463,,20816,24505,11766,47047,,,35.586563,-106.010015
Institute of Beauty Careers,Arecibo,PR,Outlying Areas,Private for-profit,Less than 2-year,Certificate,,,93,0.9825,0.5622,0,,,,0.1406,,13436,17713,7880,30492,0.137,,18.470281,-66.721861
Institute of Culinary Education,New York,NY,Mid East,Private for-profit,Less than 2-year,Certificate,,,589,0.239,0.4388,27450,,,,,6439,36663,47865,23083,70201,,0.135,40.712449,-74.015637
Institute of Culinary Education,Pasadena,CA,Far West,Private for-profit,2-year,Certificate,,,553,0.2926,0.4388,27450,,,,0.7727,6439,36663,47865,23083,70201,,0.135,34.144829,-118.139351
Institute of Technology,Clovis,CA,Far West,Private for-profit,2-year,Certificate,,,1377,0.5958,0.5691,15465,,,,0.7348,9500,33354,35095,16100,53790,0.511,0.271,36.83679,-119.723249
Institute of Technology,Salem,OR,Far West,Private for-profit,2-year,Certificate,,,267,0.476,0.5466,21124,,,,0.6639,9500,35573,37507,19672,52992,0.567,0.253,44.969198,-122.967715
Instituto Educativo Premier,Ponce,PR,Outlying Areas,Private for-profit,Less than 2-year,Certificate,,,290,0.8755,0.5655,0,,,,0.7759,,16670,20182,9027,35080,,,18.010734,-66.61498
Instituto Tecnologico de Puerto Rico-Recinto de Guayama,Guayama,PR,Outlying Areas,Public,2-year,Associate,0.7899,,216,0.9771,0.4221,6228,11845,3608,3608,0.5059,,22824,26293,14236,40523,0.36,,17.977897,-66.118728
Instituto Tecnologico de Puerto Rico-Recinto de Manati,Manati,PR,Outlying Areas,Public,2-year,Associate,0.9337,,323,0.9428,0.4221,6228,6073,1600,1600,0.3409,,22824,26293,14236,40523,0.36,,18.432962,-66.472476
Instituto Tecnologico de Puerto Rico-Recinto de San Juan,San Juan,PR,Outlying Areas,Public,2-year,Associate,0.6324,,179,0.7211,0.4221,6228,4451,1180,1180,0.7333,,22824,26293,14236,40523,0.36,,18.411097,-66.016003
Integrated Massage Therapy Services,Blackfoot,ID,Rocky Mountains,Private for-profit,Less than 2-year,Certificate,,,7,0.625,,18960,,,,0.625,,32261,24368,9759,44751,,,43.200889,-112.335853
IntelliTec College-Euphoria Institute of Beauty Arts and Sciences,Las Vegas,NV,Far West,Private for-profit,Less than 2-year,Certificate,,,,,0.4744,19273,,,,,11667,36848,42169,19758,60969,0.61,0.277,,
Intellitec College-Colorado Springs,Colorado Springs,CO,Rocky Mountains,Private for-profit,2-year,Certificate,,,679,0.5947,0.4744,19273,,,,0.5116,11667,36848,42169,19758,60969,0.61,0.277,38.832183,-104.78721
Intellitec College-Grand Junction,Grand Junction,CO,Rocky Mountains,Private for-profit,2-year,Certificate,,,1077,0.6364,0.5266,15565,,,,0.6306,10769,29621,31541,15810,45152,0.413,0.341,39.116346,-108.53062
Inter American University of Puerto Rico-Aguadilla,Aguadilla,PR,Outlying Areas,Private nonprofit,4-year,Bachelor's,0.4176,,2906,0.8285,0.4288,5900,16057,5742,5742,0.4288,6250,23322,24776,12949,42682,,0.252,18.467886,-67.121671
Inter American University of Puerto Rico-Arecibo,Arecibo,PR,Outlying Areas,Private nonprofit,4-year,Bachelor's,0.382,,2220,0.771,0.3529,7423,16625,5780,5780,0.3892,9000,22401,24539,12963,40764,,0.367,18.47509,-66.75901
Inter American University of Puerto Rico-Barranquitas,Barranquitas,PR,Outlying Areas,Private nonprofit,4-year,Bachelor's,0.8595,,937,0.8838,0.5058,0,16051,5742,5742,0.3802,5200,18186,23204,12656,37481,,0.224,18.182777,-66.303153
Inter American University of Puerto Rico-Bayamon,Bayamon,PR,Outlying Areas,Private nonprofit,4-year,Bachelor's,0.3962,,3476,0.8011,0.2727,12983,16324,5780,5780,0.3492,8250,23776,29936,17184,45503,,0.276,18.351631,-66.182473
Inter American University of Puerto Rico-Fajardo,Fajardo,PR,Outlying Areas,Private nonprofit,4-year,Bachelor's,0.2654,,1072,0.8272,0.3215,8816,16190,5780,5780,0.3767,5750,21557,23132,12888,37750,,0.249,18.329222,-65.648052
Inter American University of Puerto Rico-Guayama,Guayama,PR,Outlying Areas,Private nonprofit,4-year,Associate,0.3633,,2393,0.6639,0.3826,3990,16475,5780,5780,0.4421,9500,21635,25827,14108,41029,,0.368,17.96635,-66.108164
Inter American University of Puerto Rico-Metro,San Juan,PR,Outlying Areas,Private nonprofit,4-year,Bachelor's,0.6972,,2607,0.6649,0.2554,13696,16837,5780,5780,0.3881,10975,27318,30821,16134,50138,,0.356,18.368988,-66.077711
Inter American University of Puerto Rico-Ponce,Mercedita,PR,Outlying Areas,Private nonprofit,4-year,Bachelor's,0.3373,,2404,0.8036,0.3379,11802,16065,5780,5780,0.4144,6375,22276,26721,14904,43184,,0.239,18.007388,-66.578498
Inter American University of Puerto Rico-San German,San German,PR,Outlying Areas,Private nonprofit,4-year,Bachelor's,0.4248,,2569,0.8304,0.358,11004,16380,5780,5780,0.4316,8500,21573,25416,13950,40779,,0.334,18.08353,-67.05082
InterCoast Colleges-Fairfield,Fairfield,CA,Far West,Private for-profit,Less than 2-year,Certificate,,,183,0.5929,0.5429,13238,,,,0.7107,10313,39249,36089,16016,58901,0.438,0.286,38.230786,-122.124609
InterCoast Colleges-Rancho Cordova,Rancho Cordova,CA,Far West,Private for-profit,Less than 2-year,Certificate,,,71,0.6786,0.5429,13238,,,,0.6716,10313,39249,36089,16016,58901,0.438,0.286,38.561309,-121.334243
InterCoast Colleges-Riverside,Riverside,CA,Far West,Private for-profit,Less than 2-year,Certificate,,,65,0.7245,0.5429,13238,,,,0.5987,10313,39249,36089,16016,58901,0.438,0.286,33.888511,-117.281383
InterCoast Colleges-West Covina,West Covina,CA,Far West,Private for-profit,4-year,Certificate,,,535,0.7315,0.5429,13238,,,,0.9712,10313,39249,36089,16016,58901,0.438,0.286,34.073357,-117.897148
Interactive College of Technology,Houston,TX,Southwest,Private for-profit,2-year,Certificate,,,55,0.6042,0.7678,0,21968,10970,10970,0.3125,5353,24334,27182,12690,45031,0.468,0.197,29.945555,-95.403559
Interactive College of Technology,Houston,TX,Southwest,Private for-profit,2-year,Associate,,,65,0.4507,0.7678,0,21770,10970,10970,0.2449,5353,24334,27182,12690,45031,0.468,0.197,29.734143,-95.539975
Interactive College of Technology,Pasadena,TX,Southwest,Private for-profit,2-year,Certificate,,,86,0.7581,0.7678,0,20170,10970,10970,0.2286,5353,24334,27182,12690,45031,0.468,0.197,29.690435,-95.213765
Interactive College of Technology-Chamblee,Chamblee,GA,Southeast,Private for-profit,2-year,Certificate,,,521,0.6711,0.7747,12445,22064,11330,11330,0.3697,10555,28375,27065,13374,45748,0.408,0.39,33.886966,-84.304381
Interactive College of Technology-Gainesville,Gainesville,GA,Southeast,Private for-profit,2-year,Certificate,,,50,0.7021,0.7747,12445,23501,11210,11210,0.3077,10555,28375,27065,13374,45748,0.408,0.39,34.276597,-83.855524
Interactive College of Technology-Morrow,Morrow,GA,Southeast,Private for-profit,2-year,Associate,,,117,0.6549,0.7747,12445,22961,11210,11210,0.4074,10555,28375,27065,13374,45748,0.408,0.39,33.57125,-84.331192
Interactive College of Technology-Newport,Newport,KY,Southeast,Private for-profit,2-year,Certificate,,,101,0.4795,0.7747,12445,21837,10970,10970,0.2989,10555,28375,27065,13374,45748,0.408,0.39,39.084818,-84.479078
Interior Designers Institute,Newport Beach,CA,Far West,Private for-profit,4-year,Associate,,,97,0.2804,,30429,,20250,20250,,22082,51615,54974,22200,81109,0.57,0.402,33.641393,-117.865722
International Academy,South Daytona,FL,Southeast,Private for-profit,Less than 2-year,Certificate,,,186,0.5918,0.4807,12562,,,,0.4773,7917,22127,19824,9796,34933,0.371,0.399,29.162159,-80.997811
International Academy of Style,Reno,NV,Far West,Private for-profit,Less than 2-year,Certificate,,,89,0.6409,0.4867,24207,,,,0.9259,6333,23625,32709,17493,48140,,0.194,39.516281,-119.783208
International Baptist College and Seminary,Chandler,AZ,Southwest,Private nonprofit,4-year,Bachelor's,,,43,0.3103,,31665,29112,13800,13800,0.875,,28602,39556,,48654,,,33.273788,-111.879629
International Beauty School,Martinsburg,WV,Southeast,Private for-profit,2-year,Certificate,,,86,0.7265,0.7,8626,,,,0.8276,6333,22591,18906,7022,38990,0.284,0.335,39.456357,-77.965463
International Salon and Spa Academy,Colorado Springs,CO,Rocky Mountains,Private for-profit,Less than 2-year,Certificate,,,248,0.5397,0.4195,18908,,,,0.7333,6333,23478,22332,11526,41357,0.351,0.284,38.913621,-104.786252
International School of Beauty Inc,Palm Desert,CA,Far West,Private for-profit,Less than 2-year,Certificate,,,132,0.5627,0.6519,16740,,,,0.9189,7083,15318,19799,9666,37485,,0.358,33.729555,-116.403928
International School of Skin Nailcare & Massage Therapy,Sandy Springs,GA,Southeast,Private for-profit,Less than 2-year,Certificate,,,246,0.6024,0.4637,13864,,,,1.0,6333,21236,25452,11648,48336,0.497,0.249,33.971309,-84.359649
Inver Hills Community College,Inver Grove Heights,MN,Plains,Public,2-year,Associate,,,2193,0.2375,0.3337,34983,17103,6146,6146,0.2377,13965,43586,49898,31452,72180,0.746,0.28,44.828599,-93.055255
Invictus Career College,Dallas,TX,Southwest,Private for-profit,Less than 2-year,Certificate,,,38,0.7917,,11211,,,,0.8889,,13003,27850,15113,,,,32.737175,-96.684709
Iona University,New Rochelle,NY,Mid East,Private nonprofit,4-year,Bachelor's,0.8694,1217,2951,0.2827,0.3135,61619,60247,47260,47260,0.56,25999,51218,73595,48404,98708,0.831,0.353,40.925725,-73.788046
Iowa Central Community College,Fort Dodge,IA,Plains,Public,2-year,Associate,,,3103,0.3492,0.4017,29191,15222,5496,7788,0.4158,11000,35830,42046,24936,59799,0.688,0.262,42.490067,-94.20299
Iowa Lakes Community College,Estherville,IA,Plains,Public,2-year,Associate,,,941,0.1914,0.3667,36840,20120,7392,7872,0.5,12000,37209,43108,26631,61799,0.67,0.278,43.401376,-94.835661
Iowa School of Beauty-Des Moines,Des Moines,IA,Plains,Private for-profit,2-year,Certificate,,,74,0.3862,0.5752,21820,,,,0.8095,6333,25884,25803,13080,43302,0.367,0.245,41.624684,-93.711628
Iowa School of Beauty-Sioux City,Sioux City,IA,Plains,Private for-profit,2-year,Certificate,,,67,0.6389,,14437,,,,0.7222,13389,21111,26654,11878,46074,0.25,0.502,42.441812,-96.365842
Iowa State University,Ames,IA,Plains,Public,4-year,Bachelor's,0.8866,1204,25367,0.1877,0.1992,76488,24018,10787,28881,0.7532,22869,53873,63386,43544,90188,0.85,0.361,42.026212,-93.648504
Iowa Western Community College,Council Bluffs,IA,Plains,Public,2-year,Associate,,,2916,0.243,0.4247,29881,18978,6930,7080,0.3998,11033,35628,42793,25532,61019,0.649,0.258,41.272168,-95.797975
Irene's Myomassology Institute,Southfield,MI,Great Lakes,Private for-profit,Less than 2-year,Certificate,,,285,0.5675,0.448,21775,,,,0.2194,7389,22568,26551,12762,47205,0.461,0.278,42.480113,-83.287169
Irvine Valley College,Irvine,CA,Far West,Public,2-year,Associate,,,10286,0.2012,0.4255,18620,13001,1156,11860,0.5707,6500,35124,49156,23055,81620,0.618,0.132,33.675381,-117.777539
Isabella Graham Hart School of Practical Nursing,Rochester,NY,Mid East,Private nonprofit,Less than 2-year,Certificate,,,85,0.6099,0.3514,21480,,,,0.3704,,50693,48143,32010,64412,0.757,,43.198008,-77.572061
Isothermal Community College,Spindale,NC,Southeast,Public,2-year,Certificate,,,1169,0.3448,0.5139,18945,18132,2030,6638,0.5549,,28218,33325,17282,48473,0.432,,35.336728,-81.911857
Itawamba Community College,Fulton,MS,Southeast,Public,2-year,Associate,,,4167,0.4675,0.4135,22559,12079,3420,5820,0.5035,7631,30851,32912,18475,47240,0.53,0.232,34.276519,-88.412073
Ithaca College,Ithaca,NY,Mid East,Private nonprofit,4-year,Bachelor's,0.6901,1312,4242,0.1905,0.1376,92521,68699,53540,53540,0.7623,24000,46305,63548,40720,91792,0.849,0.378,42.422154,-76.494136
Ivy Tech Community College,Indianapolis,IN,Great Lakes,Public,2-year,Certificate,,,58267,0.2248,0.4804,22587,15370,5154,9935,0.405,10727,32680,37186,18879,55544,0.593,0.288,39.803753,-86.158213
Ivy Tech Community College-Anderson,Anderson,IN,Great Lakes,Public,2-year,Not classified,,,,,0.4804,22587,,5154,9935,,10727,32680,37186,18879,55544,0.593,0.288,,
Ivy Tech Community College-Bloomington,Bloomington,IN,Great Lakes,Public,2-year,Not classified,,,,,0.4804,22587,,5154,9935,,10727,32680,37186,18879,55544,0.593,0.288,,
Ivy Tech Community College-Columbus,Columbus,IN,Great Lakes,Public,2-year,Not classified,,,,,0.4804,22587,,5154,9935,,10727,32680,37186,18879,55544,0.593,0.288,,
Ivy Tech Community College-Evansville,Evansville,IN,Great Lakes,Public,2-year,Not classified,,,,,0.4804,22587,,5154,9935,,10727,32680,37186,18879,55544,0.593,0.288,,
Ivy Tech Community College-Fort Wayne,Fort Wayne,IN,Great Lakes,Public,2-year,Not classified,,,,,0.4804,22587,,5154,9935,,10727,32680,37186,18879,55544,0.593,0.288,,
Ivy Tech Community College-Hamilton County,Noblesville,IN,Great Lakes,Public,2-year,Not classified,,,,,0.4804,22587,,5154,9935,,10727,32680,37186,18879,55544,0.593,0.288,,
Ivy Tech Community College-Indianapolis,Indianapolis,IN,Great Lakes,Public,2-year,Not classified,,,,,0.4804,22587,,5154,9935,,10727,32680,37186,18879,55544,0.593,0.288,,
Ivy Tech Community College-Kokomo,Kokomo,IN,Great Lakes,Public,2-year,Not classified,,,,,0.4804,22587,,5154,9935,,10727,32680,37186,18879,55544,0.593,0.288,,
Ivy Tech Community College-Lafayette,Lafayette,IN,Great Lakes,Public,2-year,Not classified,,,,,0.4804,22587,,5154,9935,,10727,32680,37186,18879,55544,0.593,0.288,,
Ivy Tech Community College-Lake County,East Chicago,IN,Great Lakes,Public,2-year,Not classified,,,,,0.4804,22587,,5154,9935,,10727,32680,37186,18879,55544,0.593,0.288,,
Ivy Tech Community College-Lawrenceburg,Lawrenceburg,IN,Great Lakes,Public,2-year,Not classified,,,,,0.4804,22587,,5154,9935,,10727,32680,37186,18879,55544,0.593,0.288,,
Ivy Tech Community College-Madison,Madison,IN,Great Lakes,Public,2-year,Not classified,,,,,0.4804,22587,,5154,9935,,10727,32680,37186,18879,55544,0.593,0.288,,
Ivy Tech Community College-Marion,Marion,IN,Great Lakes,Public,2-year,Not classified,,,,,0.4804,22587,,5154,9935,,10727,32680,37186,18879,55544,0.593,0.288,,
Ivy Tech Community College-Muncie,Muncie,IN,Great Lakes,Public,2-year,Not classified,,,,,0.4804,22587,,5154,9935,,10727,32680,37186,18879,55544,0.593,0.288,,
Ivy Tech Community College-Richmond,Richmond,IN,Great Lakes,Public,2-year,Not classified,,,,,0.4804,22587,,5154,9935,,10727,32680,37186,18879,55544,0.593,0.288,,
Ivy Tech Community College-Sellersburg,Sellersburg,IN,Great Lakes,Public,2-year,Not classified,,,,,0.4804,22587,,5154,9935,,10727,32680,37186,18879,55544,0.593,0.288,,
Ivy Tech Community College-South Bend/Elkhart,South Bend,IN,Great Lakes,Public,2-year,Not classified,,,,,0.4804,22587,,5154,9935,,10727,32680,37186,18879,55544,0.593,0.288,,
Ivy Tech Community College-Terre Haute,Terre Haute,IN,Great Lakes,Public,2-year,Not classified,,,,,0.4804,22587,,5154,9935,,10727,32680,37186,18879,55544,0.593,0.288,,
Ivy Tech Community College-Valparaiso,Valparaiso,IN,Great Lakes,Public,2-year,Not classified,,,,,0.4804,22587,,5154,9935,,10727,32680,37186,18879,55544,0.593,0.288,,
J Michael Harrold Beauty Academy,Terre Haute,IN,Great Lakes,Private for-profit,Less than 2-year,Certificate,,,88,0.5633,,14118,,,,0.8421,6650,19563,26999,10729,41437,,0.246,39.470359,-87.383391
J Sargeant Reynolds Community College,Richmond,VA,Southeast,Public,2-year,Certificate,,,5586,0.3192,0.4503,19569,12428,5280,11718,0.3223,10500,32102,39529,20381,58422,0.587,0.266,37.636837,-77.473918
J. F. Drake State Community and Technical College,Huntsville,AL,Southeast,Public,2-year,Certificate,,,755,0.4431,0.59,13959,14456,5190,9060,0.1404,,27211,28281,13620,45400,0.448,,34.771858,-86.572885
JFK Muhlenberg Harold B. and Dorothy A. Snyder Schools,Plainfield,NJ,Mid East,Private nonprofit,2-year,Certificate,0.5857,,188,0.4808,0.4478,31636,47124,24916,31336,,21000,71351,73894,46300,103285,0.873,0.284,40.605982,-74.404293
Jackson College,Jackson,MI,Great Lakes,Public,2-year,Certificate,,,3422,0.3695,0.4579,18840,18708,7350,10200,0.159,13875,31956,36898,18666,55412,0.584,0.376,42.16483,-84.403942
Jackson State Community College,Jackson,TN,Southeast,Public,2-year,Associate,,,2511,0.424,0.5223,18436,15183,4740,17724,0.2585,,32274,35224,19220,52040,0.557,,35.645571,-88.780005
Jackson State University,Jackson,MS,Southeast,Public,4-year,Bachelor's,0.9315,965,4600,0.7232,0.3197,21266,32415,8965,11965,0.5091,30470,30530,39060,23528,56884,0.594,0.78,32.296105,-90.207405
Jacksonville College-Main Campus,Jacksonville,TX,Southwest,Private nonprofit,2-year,Associate,,,157,0.22,0.5327,23414,19359,8850,8850,0.3333,,30790,38885,18020,55453,0.463,,31.965846,-95.281311
Jacksonville State University,Jacksonville,AL,Southeast,Public,4-year,Bachelor's,0.7769,1059,7036,0.426,0.3638,35734,24257,12894,23334,0.5472,22189,40158,45235,28035,64633,0.673,0.491,33.822938,-85.765321
Jacksonville University,Jacksonville,FL,Southeast,Private nonprofit,4-year,Bachelor's,0.5694,1205,2930,0.3073,0.356,46900,63969,47830,47830,0.5065,22000,61991,68010,40141,99286,0.79,0.323,30.353227,-81.60458
James A. Rhodes State College,Lima,OH,Great Lakes,Public,4-year,Certificate,,,1590,0.1515,0.4725,31967,14578,4560,9120,0.4697,12000,38657,41855,24639,59836,0.619,0.287,40.738347,-84.026319
James Madison University,Harrisonburg,VA,Southeast,Public,4-year,Bachelor's,0.7152,1256,20888,0.1712,0.2083,92165,31735,14250,31604,0.7972,20093,57438,69954,48802,100257,0.863,0.287,38.436311,-78.870484
James Rumsey Technical Institute,Martinsburg,WV,Southeast,Public,Less than 2-year,Certificate,,,99,0.2632,0.5966,17358,,,,0.7667,,42576,45133,28462,62347,0.796,,39.5328,-77.978583
James Sprunt Community College,Kenansville,NC,Southeast,Public,2-year,Certificate,,,799,0.4641,0.5197,17608,11870,2592,8736,0.4779,,28126,29307,15375,46074,0.455,,34.946802,-77.977639
Jamestown Community College,Jamestown,NY,Mid East,Public,2-year,Associate,,,1739,0.2455,0.4079,29687,18243,6840,6840,0.4015,10990,32868,38242,22766,57385,0.589,0.287,42.1146,-79.218967
Jarvis Christian University,Hawkins,TX,Southwest,Private nonprofit,4-year,Bachelor's,,,577,0.5877,0.4596,18888,25185,11720,11720,0.1519,27000,27077,32992,16808,48613,0.5,0.818,32.587942,-95.181513
Jay's Technical Institute,Houston,TX,Southwest,Private for-profit,Less than 2-year,Certificate,,,79,0.6154,0.6707,540,,,,0.3846,11000,12713,15511,6197,33861,0.293,0.709,29.64877,-95.525281
Jean Madeline Aveda Institute,Philadelphia,PA,Mid East,Private for-profit,Less than 2-year,Certificate,,,244,0.3797,0.5458,26884,,,,0.8022,8028,26484,26029,10440,47921,0.532,0.308,39.940744,-75.148414
Jefferson College,Hillsboro,MO,Plains,Public,2-year,Associate,,,2552,0.299,0.4581,26098,13572,5250,8850,0.3831,9285,34913,40782,24822,61339,0.615,0.228,38.259889,-90.558954
Jefferson Community College,Watertown,NY,Mid East,Public,2-year,Associate,,,1499,0.3375,0.4432,28942,19286,6264,11700,0.2784,12000,36576,39991,21866,59273,0.605,0.3,43.992827,-75.935051
Jefferson Community and Technical College,Louisville,KY,Southeast,Public,2-year,Certificate,,,7744,0.287,0.484,19044,14457,4808,6512,0.3547,11651,32950,38171,19055,56456,0.565,0.305,38.246027,-85.753615
Jefferson County DuBois Area Vocational Technical School,Reynoldsville,PA,Mid East,Public,Less than 2-year,Certificate,0.8049,,39,0.6364,,29801,,,,0.3,,,36531,19054,46349,,,41.109805,-78.892397
Jefferson Lewis BOCES-Practical Nursing Program,Watertown,NY,Mid East,Public,Less than 2-year,Certificate,,,23,0.7826,0.5179,24675,,22972,22972,0.0,8432,42503,47886,36003,60907,0.647,0.176,43.970515,-75.97014
Jefferson Regional School of Nursing,Pine Bluff,AR,Southeast,Private nonprofit,2-year,Associate,,,92,0.5446,,24328,,,,,12000,62090,73975,49340,100154,0.815,0.162,34.191628,-92.05568
Jefferson State Community College,Birmingham,AL,Southeast,Public,2-year,Associate,,,5470,0.3483,0.4503,25922,14814,5100,8970,0.2564,9689,35502,40719,24505,62034,0.604,0.238,33.652535,-86.707233
Jenks Beauty College,Jenks,OK,Southwest,Private for-profit,Less than 2-year,Certificate,,,95,0.5597,0.5352,19512,,,,0.7241,5852,19364,21406,7286,39204,0.349,0.273,36.023435,-95.975154
Jersey College,Teterboro,NJ,Mid East,Private for-profit,2-year,Associate,0.6763,1058,4478,0.576,0.5249,29454,,,,0.4477,21000,65122,66087,39556,89932,,0.318,40.862137,-74.057936
Jersey College - Brooksville,Brooksville,FL,Southeast,Private for-profit,2-year,Not classified,,,,,0.5249,29454,,,,,21000,65122,66087,39556,89932,,0.318,,
Jersey College - Cleveland,Cleveland,TN,Southeast,Private for-profit,2-year,Not classified,,,,,0.5249,29454,,,,,21000,65122,66087,39556,89932,,0.318,,
Jersey College - Dothan,Dothan,AL,Southeast,Private for-profit,2-year,Not classified,,,,,0.5249,29454,,,,,21000,65122,66087,39556,89932,,0.318,,
Jersey College - Ewing,Ewing,NJ,Mid East,Private for-profit,2-year,Not classified,,,,,0.5249,29454,,,,,21000,65122,66087,39556,89932,,0.318,,
Jersey College - Fort Lauderdale,Sunrise,FL,Southeast,Private for-profit,2-year,Not classified,,,,,0.5249,29454,,,,,21000,65122,66087,39556,89932,,0.318,,
Jersey College - Fort Wayne,Fort Wayne,IN,Great Lakes,Private for-profit,2-year,Not classified,,,,,0.5249,29454,,,,,21000,65122,66087,39556,89932,,0.318,,
Jersey College - Jacksonville,Jacksonville,FL,Southeast,Private for-profit,2-year,Not classified,,,,,0.5249,29454,,,,,21000,65122,66087,39556,89932,,0.318,,
Jersey College - Jenkintown,Jenkintown,PA,Mid East,Private for-profit,2-year,Not classified,,,,,0.5249,29454,,,,,21000,65122,66087,39556,89932,,0.318,,
Jersey College - Knoxville,Knoxville,TN,Southeast,Private for-profit,2-year,Not classified,,,,,0.5249,29454,,,,,21000,65122,66087,39556,89932,,0.318,,
Jersey College - Largo,Largo,FL,Southeast,Private for-profit,2-year,Not classified,,,,,0.5249,29454,,,,,21000,65122,66087,39556,89932,,0.318,,
Jersey College - Melbourne,Melbourne,FL,Southeast,Private for-profit,2-year,Not classified,,,,,0.5249,29454,,,,,21000,65122,66087,39556,89932,,0.318,,
Jersey College - Mesa,Mesa,AZ,Southwest,Private for-profit,2-year,Not classified,,,,,0.5249,29454,,,,,21000,65122,66087,39556,89932,,0.318,,
Jersey College - Naples,Naples,FL,Southeast,Private for-profit,2-year,Not classified,,,,,0.5249,29454,,,,,21000,65122,66087,39556,89932,,0.318,,
Jersey College - Port Charlotte,Port Charlotte,FL,Southeast,Private for-profit,2-year,Not classified,,,,,0.5249,29454,,,,,21000,65122,66087,39556,89932,,0.318,,
Jersey College - Scranton,Scranton,PA,Mid East,Private for-profit,2-year,Not classified,,,,,0.5249,29454,,,,,21000,65122,66087,39556,89932,,0.318,,
Jersey College - Tampa,Tampa,FL,Southeast,Private for-profit,2-year,Not classified,,,,,0.5249,29454,,,,,21000,65122,66087,39556,89932,,0.318,,
Jersey College - Tucson,Tucson,AZ,Southwest,Private for-profit,2-year,Not classified,,,,,0.5249,29454,,,,,21000,65122,66087,39556,89932,,0.318,,
Jersey College - York,York,PA,Mid East,Private for-profit,2-year,Not classified,,,,,0.5249,29454,,,,,21000,65122,66087,39556,89932,,0.318,,
Jesuit School of Theology of Santa Clara University,Berkeley,CA,Far West,Private nonprofit,4-year,Not classified,,,,,0.1651,97114,,,,,19162,91198,109183,70946,160882,0.893,0.176,,
Jewish Theological Seminary of America,New York,NY,Mid East,Private nonprofit,4-year,Bachelor's,0.4861,1500,172,0.0407,,179864,85945,67357,67357,0.9032,,58656,92751,77837,169512,,,40.811892,-73.960582
Jna Institute of Culinary Arts,Philadelphia,PA,Mid East,Private for-profit,2-year,Certificate,,,15,0.9355,0.493,15156,28228,14575,14575,0.6,8209,21188,32286,15808,48084,0.315,0.254,39.935232,-75.167678
John A Gupton College,Nashville,TN,Southeast,Private nonprofit,2-year,Associate,1.0,1020,166,0.4,,27290,28125,12223,12223,0.3846,12610,42582,46902,24260,64202,0.7,0.269,36.156633,-86.7948
John A Logan College,Carterville,IL,Great Lakes,Public,2-year,Associate,,,2016,0.3173,0.4346,16215,13596,4630,7540,0.4567,,29460,34096,17621,54218,0.508,,37.747453,-89.09021
John Brown University,Siloam Springs,AR,Southeast,Private nonprofit,4-year,Bachelor's,0.7614,1195,1471,0.237,0.2888,52350,44710,31756,31756,0.7179,21250,46114,53907,36159,85072,0.807,0.394,36.189812,-94.560283
John C Calhoun State Community College,Tanner,AL,Southeast,Public,2-year,Certificate,,,7070,0.3041,0.4553,25186,13073,5120,8990,0.4147,12000,32579,38192,21172,57398,0.543,0.314,34.645844,-86.949674
John Carroll University,University Heights,OH,Great Lakes,Private nonprofit,4-year,Bachelor's,0.809,1298,2274,0.2059,0.186,97381,65827,50500,50500,0.7855,26000,53187,62860,43612,93077,0.865,0.414,41.490259,-81.531224
John D Rockefeller IV Career Center,New Cumberland,WV,Southeast,Public,Less than 2-year,Certificate,,,20,0.7143,,15706,25581,10140,10140,1.0,,,43264,30017,55204,,,40.53276,-80.620719
John Jay Beauty College,Kenner,LA,Southeast,Private for-profit,Less than 2-year,Certificate,,,81,0.483,0.5781,13829,,,,0.9,,26021,17985,9384,31930,0.384,,30.007684,-90.230259
John Paul the Great Catholic University,Escondido,CA,Far West,Private nonprofit,4-year,Bachelor's,0.7963,1130,286,0.3255,,74361,52367,30265,30265,0.6386,26968,34360,56930,36141,,,0.474,33.12085,-117.082401
John Wesley International Barber and Beauty College,Long Beach,CA,Far West,Private for-profit,Less than 2-year,Certificate,,,57,0.7708,0.6162,9305,,,,0.6,,14318,23643,9783,44668,0.228,,33.778235,-118.18469
John Wood Community College,Quincy,IL,Great Lakes,Public,2-year,Associate,,,1371,0.3987,0.4661,28951,15845,5700,9300,0.4894,8029,35052,38631,23915,56187,0.588,0.208,39.913741,-91.335828
Johns Hopkins University,Baltimore,MD,Mid East,Private nonprofit,4-year,Bachelor's,0.0644,1553,5693,0.1949,0.1313,79480,85947,65230,65230,0.9378,10250,86306,87555,64509,135223,0.898,0.117,39.328977,-76.621595
Johnson & Wales University-Charlotte,Charlotte,NC,Southeast,Private nonprofit,4-year,Associate,0.7988,1007,1184,0.5239,0.3464,41456,58022,42419,42419,0.4897,26000,35802,43418,25436,63933,0.707,0.599,35.233502,-80.851208
Johnson & Wales University-Online,Providence,RI,New England,Private nonprofit,4-year,Bachelor's,0.9097,,2202,0.3623,0.3464,41456,26864,13365,13365,0.0,26000,35802,43418,25436,63933,0.707,0.599,41.819956,-71.41277
Johnson & Wales University-Providence,Providence,RI,New England,Private nonprofit,4-year,Bachelor's,0.8841,1050,3868,0.3004,0.3464,41456,60314,42419,42419,0.5541,26000,35802,43418,25436,63933,0.707,0.599,41.819956,-71.41277
Johnson C Smith University,Charlotte,NC,Southeast,Private nonprofit,4-year,Bachelor's,0.4521,,1244,0.6947,0.3644,26404,34923,21300,21300,0.3429,30000,31478,42680,23443,59416,0.58,0.703,35.243033,-80.857251
Johnson College,Scranton,PA,Mid East,Private nonprofit,2-year,Associate,0.9793,,590,0.4895,0.4381,35985,27354,21225,21225,0.5474,12000,44043,55194,36067,75252,0.728,0.217,41.450409,-75.642476
Johnson County Community College,Overland Park,KS,Plains,Public,2-year,Associate,,,11332,0.1709,0.3694,29784,19785,2424,5688,0.3081,8750,39003,45387,26049,66262,0.699,0.193,38.924125,-94.727798
Johnson University,Knoxville,TN,Southeast,Private nonprofit,4-year,Bachelor's,0.6511,1078,743,0.387,0.2545,50581,34244,21122,21122,0.5677,21500,35649,40596,24899,55177,0.583,0.53,35.937193,-83.750273
Johnston Community College,Smithfield,NC,Southeast,Public,2-year,Associate,,,3453,0.247,0.4662,19436,11230,2756,8900,0.3661,,33629,37310,20703,53369,0.551,,35.501418,-78.332293
Joliet Junior College,Joliet,IL,Great Lakes,Public,2-year,Certificate,,,9306,0.2458,0.4684,28008,9452,4530,13800,0.2053,9711,36334,42889,23236,66581,0.583,0.226,41.500535,-88.180985
Jones County Junior College,Ellisville,MS,Southeast,Public,2-year,Associate,,,3535,0.3763,0.4018,20662,13670,4806,6806,0.4092,6291,29640,33377,18228,51177,0.544,0.188,31.596936,-89.200895
Jones Technical Institute,Jacksonville,FL,Southeast,Private nonprofit,2-year,Associate,,,659,0.6264,0.4658,18476,30987,16920,16920,0.7117,10294,30221,24576,10495,42795,0.286,0.419,30.20813,-81.561491
Josef's School of Hair Skin & Body-Fargo,Fargo,ND,Plains,Private for-profit,Less than 2-year,Certificate,,,72,0.391,0.3087,27728,,,,0.7273,7917,30411,27987,17191,43133,0.438,0.283,46.86216,-96.83183
Josef's School of Hair Skin & Body-Grand Forks,Grand Forks,ND,Plains,Private for-profit,Less than 2-year,Certificate,,,61,0.5714,0.3087,27728,,,,0.8333,7917,30411,27987,17191,43133,0.438,0.283,47.900289,-97.044408
Joseph F McCloskey School of Nursing,Pottsville,PA,Mid East,Private nonprofit,2-year,Certificate,,,100,0.4727,,,,,,,14400,62865,86138,52476,96361,,0.167,40.692149,-76.189544
Joseph's College Cosmetology,Lincoln,NE,Plains,Private for-profit,2-year,Certificate,,,92,0.6204,0.4708,20293,,,,0.875,12000,23617,23032,9809,35586,0.209,0.521,40.815284,-96.626464
Joyce University of Nursing and Health Sciences,Draper,UT,Rocky Mountains,Private for-profit,4-year,Associate,0.6188,,2058,0.7024,0.3842,34918,30016,21680,21680,0.5417,20000,45177,49841,23494,76359,0.539,0.401,40.527932,-111.892792
Judson University,Elgin,IL,Great Lakes,Private nonprofit,4-year,Bachelor's,0.4759,1039,708,0.3871,0.3563,45084,43137,31360,31360,0.5987,25000,45374,56313,37531,79120,0.746,0.444,42.061754,-88.291336
Juniata College,Huntingdon,PA,Mid East,Private nonprofit,4-year,Bachelor's,0.7891,1227,1191,0.2904,0.1996,80555,71850,58580,58580,0.735,27000,48571,56918,41252,76504,0.839,0.474,40.500523,-78.017292
KD Conservatory College of Film and Dramatic Arts,Dallas,TX,Southwest,Private for-profit,2-year,Associate,0.6818,,70,0.3617,0.4082,23060,29037,20521,20521,0.8065,12750,23483,30187,16148,42712,0.538,0.422,32.808265,-96.841975
Kalamazoo College,Kalamazoo,MI,Great Lakes,Private nonprofit,4-year,Bachelor's,0.7532,1280,1149,0.2575,0.137,80869,74208,61050,61050,0.7598,26077,46137,65590,44517,91093,0.773,0.398,42.290789,-85.601857
Kalamazoo Valley Community College,Kalamazoo,MI,Great Lakes,Public,2-year,Associate,,,4997,0.2818,0.3846,24674,11386,4144,9094,0.2818,9699,33553,38618,18872,58903,0.591,0.251,42.225948,-85.682144
Kankakee Community College,Kankakee,IL,Great Lakes,Public,2-year,Certificate,,,1985,0.3623,0.5161,20503,11612,5220,25830,0.3239,9969,33835,38767,19449,60558,0.559,0.257,41.098178,-87.851047
Kansas City Art Institute,Kansas City,MO,Plains,Private nonprofit,4-year,Bachelor's,0.5476,,812,0.4373,0.2099,54983,57410,44550,44550,0.5797,27000,25529,37032,21301,53512,0.61,0.729,39.046353,-94.583594
Kansas City Kansas Community College,Kansas City,KS,Plains,Public,2-year,Certificate,,,3319,0.2907,0.5104,21754,19855,3210,6945,0.4239,8793,34617,40795,22336,60274,0.605,0.216,39.121911,-94.748061
Kansas State University,Manhattan,KS,Plains,Public,4-year,Bachelor's,0.8169,1151,15142,0.2071,0.2248,67000,27402,11221,28568,0.7108,21250,49330,57262,38852,82952,0.809,0.371,39.188648,-96.581077
Kansas Wesleyan University,Salina,KS,Plains,Private nonprofit,4-year,Bachelor's,0.719,,956,0.3915,0.3305,49181,47437,34630,34630,0.4863,23250,44811,51152,34126,77736,0.737,0.455,38.813795,-97.607973
Kapiolani Community College,Honolulu,HI,Far West,Public,2-year,Associate,,,3910,0.1924,0.4183,24805,11992,3284,8420,0.2217,9229,38265,44599,23269,68007,0.696,0.207,21.27148,-157.800213
Kaskaskia College,Centralia,IL,Great Lakes,Public,2-year,Certificate,,,1920,0.2382,0.4353,20736,11819,4800,12570,0.4875,3750,33095,38801,20913,58748,0.538,0.097,38.562112,-89.191974
Kauai Community College,Lihue,HI,Far West,Public,2-year,Certificate,,,716,0.2481,0.5047,23399,18742,3252,8388,0.4752,10500,31592,36868,17418,58279,0.595,0.285,21.968887,-159.395883
Kean University,Union,NJ,Mid East,Public,4-year,Bachelor's,0.759,1040,11433,0.4793,0.464,32770,26949,14299,22446,0.4657,23250,46603,57237,36530,78461,0.784,0.406,40.677981,-74.233503
Keene State College,Keene,NH,New England,Public,4-year,Bachelor's,0.9033,,2699,0.2616,0.23,85480,29993,14784,26840,0.6006,25749,46649,54368,36042,78820,0.794,0.474,42.926452,-72.279276
Kehilath Yakov Rabbinical Seminary,Ossining,NY,Mid East,Private nonprofit,4-year,Bachelor's,,,205,0.8204,,17030,17850,13200,13200,0.6341,,25819,36442,16470,58181,,,41.220521,-73.814887
Keiser University -  Clearwater,Clearwater,FL,Southeast,Private nonprofit,4-year,Not classified,,,,,0.4765,21659,,25056,25056,,26125,37447,39696,21628,60050,0.605,0.658,,
Keiser University - New Port Richey,New Port Richey,FL,Southeast,Private nonprofit,4-year,Not classified,,,,,0.4765,21659,,25056,25056,,26125,37447,39696,21628,60050,0.605,0.658,,
Keiser University - Residential (Flagship),West Palm Beach,FL,Southeast,Private nonprofit,4-year,Not classified,,,,,0.4765,21659,,38788,38788,,26125,37447,39696,21628,60050,0.605,0.658,,
Keiser University- Miami,Miami,FL,Southeast,Private nonprofit,4-year,Not classified,,,,,0.4765,21659,,25056,25056,,26125,37447,39696,21628,60050,0.605,0.658,,
Keiser University-Daytona,Daytona Beach,FL,Southeast,Private nonprofit,4-year,Not classified,,,,,0.4765,21659,,25056,25056,,26125,37447,39696,21628,60050,0.605,0.658,,
Keiser University-Ft Lauderdale,Fort Lauderdale,FL,Southeast,Private nonprofit,4-year,Associate,0.9697,,17678,0.5732,0.4765,21659,43251,25056,25056,0.6101,26125,37447,39696,21628,60050,0.605,0.658,26.185869,-80.163959
Keiser University-Ft Myers,Ft Myers,FL,Southeast,Private nonprofit,4-year,Not classified,,,,,0.4765,21659,,25056,25056,,26125,37447,39696,21628,60050,0.605,0.658,,
Keiser University-Jacksonville,Jacksonville,FL,Southeast,Private nonprofit,4-year,Not classified,,,,,0.4765,21659,,25056,25056,,26125,37447,39696,21628,60050,0.605,0.658,,
Keiser University-Lakeland,Lakeland,FL,Southeast,Private nonprofit,4-year,Not classified,,,,,0.4765,21659,,25056,25056,,26125,37447,39696,21628,60050,0.605,0.658,,
Keiser University-Melbourne,Melbourne,FL,Southeast,Private nonprofit,4-year,Not classified,,,,,0.4765,21659,,25056,25056,,26125,37447,39696,21628,60050,0.605,0.658,,
Keiser University-Orlando,Orlando,FL,Southeast,Private nonprofit,4-year,Not classified,,,,,0.4765,21659,,25056,25056,,26125,37447,39696,21628,60050,0.605,0.658,,
Keiser University-Pembroke Pines,Pembroke Pines,FL,Southeast,Private nonprofit,4-year,Not classified,,,,,0.4765,21659,,25056,25056,,26125,37447,39696,21628,60050,0.605,0.658,,
Keiser University-Port St Lucie,Port St Lucie,FL,Southeast,Private nonprofit,4-year,Not classified,,,,,0.4765,21659,,25056,25056,,26125,37447,39696,21628,60050,0.605,0.658,,
Keiser University-Sarasota,Sarasota,FL,Southeast,Private nonprofit,4-year,Not classified,,,,,0.4765,21659,,25056,25056,,26125,37447,39696,21628,60050,0.605,0.658,,
Keiser University-Tallahassee,Tallahassee,FL,Southeast,Private nonprofit,4-year,Not classified,,,,,0.4765,21659,,25056,25056,,26125,37447,39696,21628,60050,0.605,0.658,,
Keiser University-Tampa,Tampa,FL,Southeast,Private nonprofit,4-year,Not classified,,,,,0.4765,21659,,25056,25056,,26125,37447,39696,21628,60050,0.605,0.658,,
Keiser University-West Palm Beach,West Palm Beach,FL,Southeast,Private nonprofit,4-year,Not classified,,,,,0.4765,21659,,25056,25056,,26125,37447,39696,21628,60050,0.605,0.658,,
Kellogg Community College,Battle Creek,MI,Great Lakes,Public,2-year,Associate,,,2971,0.2547,0.4805,23900,12420,4118,8282,0.2991,17000,34047,38329,19971,56170,0.589,0.444,42.335638,-85.177329
Kennebec Valley Community College,Fairfield,ME,New England,Public,2-year,Associate,,,1597,0.3125,0.4951,27180,12149,4156,7036,0.3865,13255,44404,36035,21549,54062,0.615,0.368,44.594149,-69.61157
Kennesaw State University,Kennesaw,GA,Southeast,Public,4-year,Bachelor's,0.6919,1113,41254,0.3774,0.2694,43182,24008,5808,17736,0.522,23833,47863,57552,36258,86280,0.738,0.414,34.038807,-84.583052
Kenneth Shuler School of Cosmetology and Nails-Columbia,West Columbia,SC,Southeast,Private for-profit,Less than 2-year,Certificate,,,127,0.7736,0.4784,16371,,,,0.5385,5858,18684,25088,12597,37867,0.279,0.233,34.045282,-81.132969
Kenneth Shuler School of Cosmetology-Florence,Florence,SC,Southeast,Private for-profit,Less than 2-year,Certificate,,,172,0.7679,0.5227,14668,,,,0.8039,8661,17656,25542,11266,37813,0.29,0.339,34.238425,-79.80945
Kenneth Shuler School of Cosmetology-Goose Creek,Goose Creek,SC,Southeast,Private for-profit,Less than 2-year,Certificate,,,152,0.7148,0.4784,16371,,,,0.8421,5858,18684,25088,12597,37867,0.279,0.233,33.035472,-80.065725
Kenneth Shuler School of Cosmetology-Greenville,Greenville,SC,Southeast,Private for-profit,Less than 2-year,Certificate,,,157,0.6123,0.5268,16560,,,,0.7941,6333,22309,23193,10075,40412,,0.273,34.791087,-82.484519
Kenneth Shuler School of Cosmetology-North Augusta,North Augusta,SC,Southeast,Private for-profit,Less than 2-year,Certificate,,,118,0.7583,0.5227,14668,,,,0.4286,8661,17656,25542,11266,37813,0.29,0.339,33.497587,-81.957885
Kenneth Shuler School of Cosmetology-Rock Hill,Rock Hill,SC,Southeast,Private for-profit,Less than 2-year,Certificate,,,181,0.6568,0.5268,16560,,,,0.7105,6333,22309,23193,10075,40412,,0.273,34.969958,-80.995498
Kenneth Shuler School of Cosmetology-Spartanburg,Spartanburg,SC,Southeast,Private for-profit,Less than 2-year,Certificate,,,113,0.658,0.4784,16371,,,,0.6885,5858,18684,25088,12597,37867,0.279,0.233,34.923366,-81.972727
Kent State University at Ashtabula,Ashtabula,OH,Great Lakes,Public,4-year,Associate,,,1290,0.3324,0.3594,50411,17513,7492,17342,0.2471,24500,40179,45388,27117,66038,0.708,0.54,41.888296,-80.830377
Kent State University at East Liverpool,East Liverpool,OH,Great Lakes,Public,4-year,Associate,,,797,0.2233,0.3594,50411,18635,7492,17342,0.2632,24500,40179,45388,27117,66038,0.708,0.54,40.616966,-80.576702
Kent State University at Geauga,Burton,OH,Great Lakes,Public,4-year,Associate,,,1601,0.247,0.3594,50411,16480,7492,17342,0.2027,24500,40179,45388,27117,66038,0.708,0.54,41.483727,-81.143085
Kent State University at Kent,Kent,OH,Great Lakes,Public,4-year,Bachelor's,0.8634,1099,19320,0.2851,0.3594,50411,30567,13232,23082,0.6372,24500,40179,45388,27117,66038,0.708,0.54,41.146653,-81.342533
Kent State University at Salem,Salem,OH,Great Lakes,Public,4-year,Associate,,,1164,0.3348,0.3594,50411,18446,7492,17342,0.3087,24500,40179,45388,27117,66038,0.708,0.54,40.86408,-80.835458
Kent State University at Stark,North Canton,OH,Great Lakes,Public,4-year,Associate,,,2692,0.2909,0.3594,50411,15936,7492,17342,0.3672,24500,40179,45388,27117,66038,0.708,0.54,40.868568,-81.43731
Kent State University at Trumbull,Warren,OH,Great Lakes,Public,4-year,Associate,,,1629,0.3871,0.3594,50411,18371,7492,17342,0.3218,24500,40179,45388,27117,66038,0.708,0.54,41.278748,-80.836233
Kent State University at Tuscarawas,New Philadelphia,OH,Great Lakes,Public,4-year,Associate,,,1654,0.3435,0.3594,50411,17539,7492,17342,0.3774,24500,40179,45388,27117,66038,0.708,0.54,40.467736,-81.407707
Kentucky Christian University,Grayson,KY,Southeast,Private nonprofit,4-year,Bachelor's,0.6091,1090,429,0.4314,0.2958,42846,40168,26625,26625,0.3667,22250,39921,42375,28315,63027,0.621,0.525,38.338805,-82.945561
Kentucky Mountain Bible College,Jackson,KY,Southeast,Private nonprofit,4-year,Bachelor's,1.0,1080,69,0.5402,,30229,16603,10360,10360,0.6429,,21778,21256,10649,40370,,,37.603443,-83.438765
Kentucky State University,Frankfort,KY,Southeast,Public,4-year,Bachelor's,0.9608,870,1309,0.5834,0.4003,27492,21727,9387,13658,0.319,25938,29640,36382,18939,51649,0.581,0.713,38.201427,-84.855402
Kentucky Wesleyan College,Owensboro,KY,Southeast,Private nonprofit,4-year,Bachelor's,0.716,1044,842,0.4952,0.3781,47140,46203,34673,34673,0.468,23250,35895,46747,32704,66119,0.714,0.497,37.744489,-87.119658
Kenyon College,Gambier,OH,Great Lakes,Private nonprofit,4-year,Bachelor's,0.3103,1429,1732,0.0952,,109674,87590,71520,71520,0.8234,18527,46627,71830,40485,104986,0.776,0.258,40.374408,-82.397977
Kettering College,Kettering,OH,Great Lakes,Private nonprofit,4-year,Bachelor's,0.7654,1050,549,0.241,0.4027,46615,32839,16320,16320,0.6512,23500,60692,67492,42545,86850,0.853,0.348,39.695052,-84.192006
Kettering College - Ollie Davis Medical Arts and Education Center,Beavercreek,OH,Great Lakes,Private nonprofit,4-year,Not classified,,,,,0.4027,46615,,,,,23500,60692,67492,42545,86850,0.853,0.348,,
Kettering University,Flint,MI,Great Lakes,Private nonprofit,4-year,Bachelor's,0.7867,1251,1205,0.1698,0.1818,88308,61250,48470,48470,0.708,27000,80275,94823,66125,115611,0.932,0.285,43.012468,-83.71282
Keuka College,Keuka Park,NY,Mid East,Private nonprofit,4-year,Bachelor's,0.6808,,966,0.4989,0.3821,41789,54760,39332,39332,0.5836,27000,50940,58289,41969,83049,0.775,0.463,42.615253,-77.090562
Keune Academy by 124,Lawrenceville,GA,Southeast,Private for-profit,Less than 2-year,Certificate,,,117,0.4085,,26942,,,,0.8478,9833,26644,30962,18481,50481,,0.318,33.96488,-84.02253
Keweenaw Bay Ojibwa Community College,LAnse,MI,Great Lakes,Public,2-year,Associate,,,139,0.4054,0.5789,15926,14424,5000,5000,0.1111,,,22340,4613,36492,,,46.764477,-88.447052
Keystone College,La Plume,PA,Mid East,Private nonprofit,4-year,Bachelor's,0.848,,771,0.4178,0.4772,43829,32071,18300,18300,0.3587,26000,36653,44976,27863,61844,0.627,0.578,41.558969,-75.777456
Kiamichi Technology Center-McAlester,McAlester,OK,Southwest,Public,Less than 2-year,Certificate,,,540,0.1101,0.6063,14777,,,,0.4533,,28984,31625,15553,49720,0.461,,34.924173,-95.745999
Kilgore College,Kilgore,TX,Southwest,Public,2-year,Associate,,,3215,0.3173,0.5388,21134,14080,2160,5256,0.3924,14967,32993,37975,19839,59139,0.563,0.394,32.377821,-94.871468
King University,Bristol,TN,Southeast,Private nonprofit,4-year,Bachelor's,0.9972,,908,0.4164,0.5108,35279,49004,36194,36194,0.4787,22750,52248,59831,37050,88672,0.778,0.38,36.585309,-82.159421
King's College,Wilkes-Barre,PA,Mid East,Private nonprofit,4-year,Bachelor's,0.9311,1170,1484,0.3038,0.2936,76296,57973,44100,44100,0.5989,27000,51734,59498,42669,82746,0.836,0.454,41.250097,-75.879822
Kirksville Area Technical Center,Kirksville,MO,Plains,Public,Less than 2-year,Certificate,0.6154,,22,0.619,,16527,,,,1.0,,38997,40517,21882,58495,,,40.18649,-92.565103
Kirkwood Community College,Cedar Rapids,IA,Plains,Public,2-year,Associate,,,7591,0.2372,0.3868,31617,15579,6176,8220,0.4295,12000,37525,41016,22310,59805,0.674,0.293,41.911268,-91.651172
Kirtland Community College,Grayling,MI,Great Lakes,Public,2-year,Associate,,,1023,0.3551,0.4646,21327,15990,5190,9870,0.3407,13067,31761,35831,18693,53972,0.489,0.365,44.601785,-84.706254
Kishwaukee College,Malta,IL,Great Lakes,Public,2-year,Associate,,,1936,0.2633,0.4441,21948,13901,4560,13680,0.4475,9395,32532,39657,19994,62890,0.635,0.237,41.938234,-88.880524
Klamath Community College,Klamath Falls,OR,Far West,Public,2-year,Certificate,,,1130,0.3171,0.5029,19328,15644,4965,8025,0.4275,17480,30247,34357,16468,51097,0.504,0.509,42.195028,-121.698855
Knox College,Galesburg,IL,Great Lakes,Private nonprofit,4-year,Bachelor's,0.7079,1326,1127,0.3087,0.2785,60911,68134,57903,57903,0.6773,27000,37757,54820,35617,80037,0.751,0.493,40.943064,-90.373165
Knox County Career Center,Mount Vernon,OH,Great Lakes,Public,Less than 2-year,Certificate,,,126,0.2402,0.6061,19570,,,,1.0,9500,36594,38212,23576,52314,0.51,0.249,40.375889,-82.475117
Kutztown University of Pennsylvania,Kutztown,PA,Mid East,Public,4-year,Bachelor's,0.9075,1210,6180,0.3266,0.3466,65385,29866,11314,16068,0.5382,26000,43309,53775,37044,71746,0.771,0.483,40.513561,-75.783933
Kuyper College,Grand Rapids,MI,Great Lakes,Private nonprofit,4-year,Bachelor's,0.691,,145,0.4314,,63801,38366,27660,27660,0.5,21389,33956,41066,23608,56153,0.538,0.521,43.02195,-85.592657
L'esprit Academy,Canton,MI,Great Lakes,Private for-profit,Less than 2-year,Certificate,,,266,0.5201,0.4663,18016,,,,0.8814,6333,19478,22440,11684,40720,,0.282,42.321904,-83.457386
L'esprit Academy - Southfield,Southfield,MI,Great Lakes,Private for-profit,Less than 2-year,Not classified,,,,,0.4663,18016,,,,,6333,19478,22440,11684,40720,,0.282,,
LIM College,New York,NY,Mid East,Private for-profit,4-year,Bachelor's,0.959,1035,1187,0.3771,0.3253,56359,53064,33504,33504,0.5087,24000,45359,58956,32332,86375,0.781,0.407,40.754991,-73.979413
La Belle Beauty Academy,Miami,FL,Southeast,Private for-profit,Less than 2-year,Certificate,,,106,0.4025,,0,,,,0.9836,7502,14417,16212,9363,28238,0.174,0.463,25.764817,-80.241978
La Belle Beauty School,Hialeah,FL,Southeast,Private for-profit,Less than 2-year,Certificate,,,63,0.399,,0,,,,0.8889,7807,15068,16879,10274,27241,0.229,0.463,25.86695,-80.312711
La James College of Hairstyling and Cosmetology,Mason City,IA,Plains,Private for-profit,2-year,Certificate,,,56,0.5474,,21532,,,,0.7647,6930,20024,27484,12813,38953,0.35,0.252,43.153786,-93.199881
La James International College-Cedar Falls,Cedar Falls,IA,Plains,Private for-profit,Less than 2-year,Certificate,,,54,0.7536,0.4643,17852,,,,0.7059,,21855,25575,9595,41322,0.37,,42.515026,-92.434496
La James International College-Davenport,Davenport,IA,Plains,Private for-profit,Less than 2-year,Certificate,,,127,0.6495,0.4531,15719,,,,0.9118,,19736,23303,10495,36027,0.353,,41.572861,-90.5682
La James International College-Ft Dodge,Fort Dodge,IA,Plains,Private for-profit,Less than 2-year,Certificate,,,22,0.6875,0.3393,14956,,,,0.9,,20209,26679,13682,41626,,,42.5005,-94.163856
La James International College-Johnston,Johnston,IA,Plains,Private for-profit,Less than 2-year,Certificate,,,141,0.6096,0.5979,19110,,,,0.88,,24808,27401,12493,45375,0.458,,41.661015,-93.738577
La Roche University,Pittsburgh,PA,Mid East,Private nonprofit,4-year,Bachelor's,0.7576,1055,751,0.1009,0.3569,49806,47111,34052,34052,0.5721,25000,45308,52341,34922,76019,0.771,0.478,40.568615,-80.014851
La Salle University,Philadelphia,PA,Mid East,Private nonprofit,4-year,Bachelor's,0.9659,,1953,0.3505,0.3698,41664,48337,37800,37800,0.5712,25000,53701,67416,43525,95876,0.854,0.371,40.037979,-75.153061
La Sierra University,Riverside,CA,Far West,Private nonprofit,4-year,Bachelor's,0.915,,1116,0.4725,0.3962,39628,51459,37710,37710,0.5973,27000,42617,61824,37425,91365,0.741,0.437,33.910704,-117.500054
LaGrange College,Lagrange,GA,Southeast,Private nonprofit,4-year,Bachelor's,0.6209,,636,0.4313,0.2545,53444,49681,35400,35400,0.4692,25730,46599,51745,32714,72273,0.762,0.497,33.038564,-85.043113
LaSalle Tech,Houma,LA,Southeast,Private for-profit,Less than 2-year,Certificate,,,193,0.8107,0.6818,5981,,,,0.8814,6333,18865,20975,12078,34140,0.178,0.302,29.577805,-90.688232
Labette Community College,Parsons,KS,Plains,Public,2-year,Associate,,,801,0.2304,0.4316,28520,13364,4064,4864,0.2406,10500,35424,37818,22999,55398,0.593,0.278,37.339062,-95.255368
Laboure College of Healthcare,Milton,MA,New England,Private nonprofit,4-year,Associate,0.5,,525,0.3543,0.4511,33464,36863,30618,30618,1.0,25250,64815,62200,49620,94492,0.815,0.406,42.260866,-71.058279
Lac Courte Oreilles Ojibwe University,Hayward,WI,Great Lakes,Public,4-year,Associate,,,176,0.6995,0.5079,5294,17202,6030,6030,0.2258,,18027,24302,7798,41138,0.342,,45.942252,-91.365002
Lackawanna College,Scranton,PA,Mid East,Private nonprofit,4-year,Associate,,,1947,0.5952,0.4691,27497,28770,18400,18400,0.3673,18075,35500,41000,20423,62664,0.626,0.441,41.411556,-75.658963
Lafayette College,Easton,PA,Mid East,Private nonprofit,4-year,Bachelor's,0.3145,1424,2757,0.1165,0.1484,111341,83133,65398,65398,0.8759,16000,80614,91410,63534,133083,0.921,0.175,40.69956,-75.209786
Laguna College of Art and Design,Laguna Beach,CA,Far West,Private nonprofit,4-year,Bachelor's,0.9432,,746,0.299,0.2199,57057,57989,37500,37500,0.5172,27000,31987,47867,23848,75920,0.604,0.564,33.561448,-117.772564
Lake Area Technical College,Watertown,SD,Plains,Public,2-year,Associate,,,1812,0.2749,0.2867,50805,19637,6718,6718,0.7309,12000,43659,45473,29962,62719,0.707,0.264,44.901714,-97.095229
Lake Erie College,Painesville,OH,Great Lakes,Private nonprofit,4-year,Bachelor's,0.7036,,852,0.3723,0.327,54421,50790,37634,37634,0.3795,26000,43959,50417,34818,69879,0.652,0.516,41.717841,-81.251817
Lake Forest College,Lake Forest,IL,Great Lakes,Private nonprofit,4-year,Bachelor's,0.5681,1343,1813,0.3224,0.2459,59959,70655,56402,56402,0.7778,26158,51324,61825,41213,88777,0.836,0.423,42.249574,-87.827454
Lake Land College,Mattoon,IL,Great Lakes,Public,2-year,Certificate,,,2448,0.2606,0.4391,23420,10276,4415,14301,0.5835,6188,33693,38877,22537,56570,0.569,0.159,39.416969,-88.380835
Lake Michigan College,Benton Harbor,MI,Great Lakes,Public,2-year,Associate,,,2105,0.2627,0.444,21778,15917,5445,7755,0.2159,9000,30846,34466,17184,51380,0.481,0.261,42.097276,-86.393445
Lake Region State College,Devils Lake,ND,Plains,Public,2-year,Associate,,,611,0.1017,0.3372,37858,18731,5520,5520,0.5241,10293,40388,49502,32336,68657,0.688,0.208,48.127948,-98.869034
Lake Superior College,Duluth,MN,Plains,Public,2-year,Associate,,,2471,0.192,0.2849,31563,19723,5785,5785,0.4178,12775,40681,46449,27765,67579,0.676,0.275,46.78455,-92.145151
Lake Superior State University,Sault Ste Marie,MI,Great Lakes,Public,4-year,Bachelor's,,,1325,0.2654,0.3303,49053,27154,14890,14890,0.5098,23250,42767,49045,31520,68652,0.707,0.474,46.492849,-84.365573
Lake Tahoe Community College,South Lake Tahoe,CA,Far West,Public,2-year,Associate,,,3660,0.1339,0.4683,13517,17666,1131,11103,0.45,,30695,36657,17688,59653,0.505,,38.926797,-119.972574
Lake Technical College,Eustis,FL,Southeast,Public,Less than 2-year,Certificate,,,799,0.3238,0.5181,17933,,,,0.4718,,30853,32793,16824,55571,0.497,,28.833446,-81.690874
Lake Washington Institute of Technology,Kirkland,WA,Far West,Public,4-year,Certificate,,,2406,0.1343,0.4133,22342,16339,5997,12062,0.3701,15047,44895,50669,29799,77203,0.702,0.297,47.705077,-122.167131
Lake-Sumter State College,Leesburg,FL,Southeast,Public,4-year,Associate,,,4177,0.2992,0.4565,25118,12626,3292,13276,0.4836,6750,33193,39876,23045,57179,0.577,0.169,28.828649,-81.797193
Lakeland Community College,Kirtland,OH,Great Lakes,Public,2-year,Associate,,,2773,0.2312,0.4901,21022,11859,3872,9235,0.2353,14751,35071,39612,20617,59546,0.623,0.372,41.637463,-81.364723
Lakeland University,Plymouth,WI,Great Lakes,Private nonprofit,4-year,Bachelor's,0.8628,,1212,0.2515,0.4364,38822,48840,33396,33396,0.4245,25000,49546,55961,39063,76612,0.765,0.447,43.841573,-87.883414
Lakes Region Community College,Laconia,NH,New England,Public,2-year,Associate,,,482,0.2691,0.4258,37455,21494,6720,14970,0.4615,18525,37104,51182,24669,68520,,0.362,43.507568,-71.462602
Lakeshore Technical College,Cleveland,WI,Great Lakes,Public,2-year,Certificate,,,1886,0.211,0.4902,32063,14599,4844,7087,0.4971,7000,40673,47113,30444,64254,0.692,0.149,43.924774,-87.75454
Lakeview College of Nursing,Danville,IL,Great Lakes,Private nonprofit,4-year,Bachelor's,,,66,0.4198,,37106,,,,,15000,74789,84522,60508,111009,0.813,0.177,40.13855,-87.644379
Lakewood School of Therapeutic Massage,Port Huron,MI,Great Lakes,Private for-profit,Less than 2-year,Certificate,,,10,0.8421,,22612,,,,,,16746,16682,10575,37108,,,42.97236,-82.425714
Lamar Community College,Lamar,CO,Rocky Mountains,Public,4-year,Associate,,,400,0.2911,0.4724,29504,20044,4550,7260,0.5472,8750,31813,38719,20169,58927,0.549,0.226,38.068886,-102.616144
Lamar Institute of Technology,Beaumont,TX,Southwest,Public,2-year,Certificate,,,3055,0.2639,0.4902,24907,19245,2844,12924,0.3139,13076,35573,38991,20616,63996,0.676,0.335,30.047885,-94.077126
Lamar State College-Orange,Orange,TX,Southwest,Public,2-year,Certificate,,,1391,0.222,0.5216,21984,7264,3540,17280,0.3692,10959,35553,36587,17889,58709,0.55,0.3,30.0922,-93.732235
Lamar State College-Port Arthur,Port Arthur,TX,Southwest,Public,2-year,Certificate,,,1508,0.2054,0.5058,19989,10754,1770,8070,0.4502,13250,29746,37120,17720,56679,0.567,0.357,29.880385,-93.925886
Lamar University,Beaumont,TX,Southwest,Public,4-year,Bachelor's,0.8641,1061,8150,0.4649,0.4325,35526,22254,8905,18745,0.3732,21250,47077,49652,30901,73800,0.743,0.428,30.042738,-94.072244
Lamson Institute,San Antonio,TX,Southwest,Private for-profit,2-year,Certificate,,,498,0.5141,0.5595,19945,,,,0.7954,7853,41768,38015,17914,62402,0.614,0.207,29.481426,-98.607504
Lancaster Beauty School,Lancaster,CA,Far West,Private for-profit,Less than 2-year,Certificate,,,150,0.9827,0.5152,15314,,,,0.6818,6333,13338,16220,5476,29233,0.31,0.39,34.694914,-118.147547
Lancaster Bible College,Lancaster,PA,Mid East,Private nonprofit,4-year,Bachelor's,0.5589,1180,1569,0.3549,0.355,44042,44066,29990,29990,0.6667,20500,36747,44096,25894,63783,0.642,0.465,40.075347,-76.287761
Lancaster County Career and Technology Center,Willow Street,PA,Mid East,Public,2-year,Certificate,,,279,0.5605,0.5154,25124,,,,0.9091,15250,44987,44566,28395,60750,0.693,0.342,39.984811,-76.266186
Lancaster School of Cosmetology & Therapeutic Bodywork,Lancaster,PA,Mid East,Private for-profit,Less than 2-year,Certificate,,,402,0.1709,0.5787,26000,,,,0.7,3167,21762,29738,,46602,0.453,0.106,40.040746,-76.283649
Lander University,Greenwood,SC,Southeast,Public,4-year,Bachelor's,0.8131,1057,3397,0.3873,0.3171,40987,27277,11700,21300,0.4977,25000,36851,42396,29159,58359,0.722,0.59,34.199892,-82.164736
Landmark College,Putney,VT,New England,Private nonprofit,4-year,Associate,0.4944,,455,0.1622,,73971,83124,66540,66540,0.4302,17500,30033,29813,13157,51289,0.42,0.587,42.977172,-72.512549
Lane College,Jackson,TN,Southeast,Private nonprofit,4-year,Bachelor's,,,736,0.7859,0.4484,17096,23441,11790,11790,0.1839,30500,24623,31670,16766,46586,0.457,0.963,35.627378,-88.806535
Lane Community College,Eugene,OR,Far West,Public,4-year,Associate,,,6064,0.3217,0.4184,21206,18699,6202,13078,0.2039,14761,33726,38075,19972,57849,0.591,0.388,44.009325,-123.032644
Laney College,Oakland,CA,Far West,Public,2-year,Associate,,,6842,0.1604,0.6118,10624,25335,1258,9898,0.3121,,30777,37282,15020,63037,0.542,,37.797257,-122.26283
Langston University,Langston,OK,Southwest,Public,4-year,Associate,,,1742,0.6781,0.3641,25135,21394,6863,14616,0.1684,26000,29691,33261,14996,51692,0.543,0.782,35.943982,-97.260317
Lanier Technical College,Gainesville,GA,Southeast,Public,2-year,Certificate,,,4613,0.2941,0.5152,19928,15935,3980,7190,0.3397,,34471,37623,20654,56857,0.499,,34.330323,-83.778107
Lansdale School of Business,North Wales,PA,Mid East,Private for-profit,2-year,Certificate,,,93,0.5977,0.4632,21253,31825,12150,12150,0.8462,13492,32982,37442,18794,54451,0.633,0.36,40.22379,-75.284662
Lansdale School of Cosmetology Inc,Lansdale,PA,Mid East,Private for-profit,Less than 2-year,Certificate,,,42,0.0984,,21386,,,,0.7143,,15798,25019,14107,44686,,,40.243302,-75.286281
Lansing Community College,Lansing,MI,Great Lakes,Public,2-year,Associate,,,8207,0.2825,0.3814,26379,13013,4100,11300,0.251,12700,35174,39206,19040,60426,0.591,0.324,42.738435,-84.55157
Laramie County Community College,Cheyenne,WY,Rocky Mountains,Public,4-year,Associate,,,2799,0.265,0.3828,30398,13504,4613,10913,0.384,11000,38656,44783,25120,66601,0.633,0.246,41.104288,-104.778789
Laredo College,Laredo,TX,Southwest,Public,4-year,Associate,,,5818,0.3872,0.5433,17884,11469,3300,5748,0.3045,2959,27435,33934,18092,52325,0.583,0.087,27.506477,-99.520772
Las Positas College,Livermore,CA,Far West,Public,2-year,Associate,,,7299,0.1445,0.4821,20994,15138,1168,9808,0.5312,,42229,51088,22300,81590,0.641,,37.710873,-121.80058
Las Vegas College,Las Vegas,NV,Far West,Private for-profit,4-year,Associate,,,536,0.5119,0.572,17679,34126,17495,17495,,8279,31830,31398,16085,46018,0.504,0.264,36.067688,-115.275386
Las Vegas College-Houston Career Institute,Houston,TX,Southwest,Private for-profit,Less than 2-year,Certificate,,,,,0.572,17679,,,,,8279,31830,31398,16085,46018,0.504,0.264,,
Lasell University,Newton,MA,New England,Private nonprofit,4-year,Bachelor's,0.8122,1100,1226,0.3128,0.2881,73146,42434,27040,27040,0.5864,26000,45468,49705,32233,69850,0.752,0.523,42.342148,-71.24347
Lassen Community College,Susanville,CA,Far West,Public,2-year,Associate,,,1741,0.1559,0.5494,17498,20228,1144,9280,0.3125,,35316,35994,17092,58788,0.51,,40.432053,-120.633271
Laurel Ridge Community College,Middletown,VA,Southeast,Public,2-year,Certificate,,,3195,0.1793,0.5098,27630,12110,5072,11510,0.446,9750,36455,41000,23671,62528,0.608,0.238,39.036001,-78.267336
Laurel Technical Institute,Uniontown,PA,Mid East,Private for-profit,2-year,Associate,0.7685,,515,0.5239,0.4719,21369,15483,13713,13713,0.6937,12000,26264,30819,15219,45806,0.421,0.389,39.90248,-79.724907
Laurel Technical Institute,Hermitage,PA,Mid East,Private for-profit,2-year,Associate,0.8529,,163,0.6063,0.6164,18579,14270,13431,13431,0.7321,10706,24397,28311,14372,40486,0.338,0.378,41.189936,-80.463868
Laurus College,San Luis Obispo,CA,Far West,Private for-profit,4-year,Associate,,,1116,0.6727,0.5199,12958,,,,0.4286,32416,33247,30896,13777,50077,,1.049,35.2682,-120.669519
Lawrence Memorial Hospital School of Nursing,Medford,MA,New England,Private nonprofit,2-year,Associate,,,174,0.3846,0.5152,35123,,31038,31038,,20000,86327,101466,87013,133992,0.88,0.197,42.42581,-71.110958
Lawrence Technological University,Southfield,MI,Great Lakes,Private nonprofit,4-year,Bachelor's,0.559,,1668,0.155,0.2228,63637,58166,44760,44760,0.6058,27000,58827,69151,43512,98820,0.834,0.39,42.474072,-83.25003
Lawrence University,Appleton,WI,Great Lakes,Private nonprofit,4-year,Bachelor's,0.6394,1350,1396,0.2199,0.1739,83776,69849,56982,56982,0.7677,26000,40653,55789,37114,83652,0.785,0.466,44.261323,-88.397822
Lawrenceburg Technical College,Lawrenceburg,TN,Southeast,Private for-profit,Less than 2-year,Certificate,,,128,0.6968,,14306,,,,0.4865,,20383,25089,11531,29938,,,35.239905,-87.335851
Lawson State Community College,Birmingham,AL,Southeast,Public,2-year,Associate,,,2900,0.5991,0.4747,16188,14895,5040,8910,0.266,,27733,31701,15415,47563,0.474,,33.450814,-86.888844
Le Moyne College,Syracuse,NY,Mid East,Private nonprofit,4-year,Bachelor's,0.8298,1255,2439,0.3098,0.2229,74353,53183,40330,40330,0.7313,23000,53493,62731,42961,83494,0.84,0.367,43.049192,-76.090435
Le Moyne-Owen College,Memphis,TN,Southeast,Private nonprofit,4-year,Bachelor's,0.9923,,581,0.6734,0.4877,17004,19001,12076,12076,0.2703,28070,25992,35594,19395,53377,0.548,0.789,35.118641,-90.034101
LeGrand Institute of Cosmetology Inc,Camden,SC,Southeast,Private for-profit,Less than 2-year,Certificate,,,33,0.5476,,20373,,,,0.8667,,10811,22831,9581,38658,,,34.271931,-80.609117
LeTourneau University,Longview,TX,Southwest,Private nonprofit,4-year,Bachelor's,0.3801,1208,1468,0.1329,0.3406,43984,51124,37160,37160,0.5858,26000,51058,57103,37115,86554,0.842,0.455,32.46632,-94.726394
Lebanon Valley College,Annville,PA,Mid East,Private nonprofit,4-year,Bachelor's,0.8377,1240,1684,0.2485,0.2761,85949,66497,52080,52080,0.6496,27000,54021,62621,42715,81980,0.841,0.431,40.330604,-76.514431
Lee College,Baytown,TX,Southwest,Public,2-year,Certificate,,,5116,0.3531,0.5481,14166,12107,2520,5190,0.5284,7500,37219,42178,20885,68467,0.606,0.178,29.732505,-94.978184
Lee University,Cleveland,TN,Southeast,Private nonprofit,4-year,Bachelor's,0.7052,1145,2617,0.2874,0.3122,49230,35688,23790,23790,0.6259,25750,38082,43222,25758,61725,0.663,0.596,35.166019,-84.871399
Lees-McRae College,Banner Elk,NC,Southeast,Private nonprofit,4-year,Bachelor's,0.7678,,873,0.3729,0.4014,42683,49498,33250,33250,0.4208,17375,41599,43415,25563,58373,0.681,0.4,36.162477,-81.873371
Leeward Community College,Pearl City,HI,Far West,Public,2-year,Associate,,,3438,0.1847,0.4471,26098,12507,3214,8350,0.3535,8970,33997,39899,21460,58317,0.622,0.225,21.39267,-157.983771
Lehigh Carbon Community College,Schnecksville,PA,Mid East,Public,2-year,Associate,,,4148,0.3358,0.5109,27255,15405,5280,13270,0.3032,11000,37577,42436,25257,62508,0.653,0.259,40.66474,-75.610715
Lehigh University,Bethlehem,PA,Mid East,Private nonprofit,4-year,Bachelor's,0.2593,1440,5898,0.1771,0.1688,90738,80856,64980,64980,0.8791,21960,88810,105584,72507,148926,0.927,0.208,40.606822,-75.380236
Lemoore College,Lemoore,CA,Far West,Public,2-year,Associate,,,3373,0.432,0.6105,21019,21457,1384,10954,0.4866,9500,36417,40292,20608,61709,,0.236,36.292431,-119.823866
Lenape Technical School Practical Nursing Program,Ford City,PA,Mid East,Public,Less than 2-year,Certificate,,,58,0.6852,0.6486,24360,,,,0.9394,17130,45195,46756,33810,59733,0.711,0.366,40.767446,-79.521054
Lenoir Community College,Kinston,NC,Southeast,Public,2-year,Certificate,,,1469,0.4206,0.4757,17551,14929,2578,8722,0.3568,,27480,33866,18287,50037,0.539,,35.234405,-77.571532
Lenoir-Rhyne University,Hickory,NC,Southeast,Private nonprofit,4-year,Bachelor's,0.8459,,1359,0.392,0.3166,44652,44621,31900,31900,0.4778,26000,44799,45543,32368,65480,0.785,0.571,35.739968,-81.327598
Leon Studio One School of Beauty Knowledge,Williamsville,NY,Mid East,Private for-profit,Less than 2-year,Certificate,,,22,0.381,,21912,,,,1.0,,,26249,10247,45468,0.366,,42.961017,-78.752161
Leons Beauty School Inc,Greensboro,NC,Southeast,Private for-profit,Less than 2-year,Certificate,,,102,0.6368,0.4356,14834,,,,0.9637,,21953,26958,13495,39138,0.324,,36.057646,-79.8228
Lesley University,Cambridge,MA,New England,Private nonprofit,4-year,Bachelor's,0.9687,,1122,0.3055,0.2874,51995,51538,34256,34256,0.5802,21000,40150,51173,32463,74412,0.691,0.41,42.38012,-71.117303
Leston College,Bayamon,PR,Outlying Areas,Private for-profit,Less than 2-year,Certificate,,,49,1.0,0.5318,0,,,,0.1923,,14201,16002,6397,27035,,,18.399291,-66.154995
Leston College -,Isabela,PR,Outlying Areas,Private for-profit,Less than 2-year,Not classified,,,,,0.5318,0,,,,,,14201,16002,6397,27035,,,,
Lewis & Clark College,Portland,OR,Far West,Private nonprofit,4-year,Bachelor's,0.7849,,2120,0.2028,0.1734,76292,79987,64828,64828,0.7536,19500,43608,62205,36484,91485,0.78,0.313,45.450882,-122.669137
Lewis University,Romeoville,IL,Great Lakes,Private nonprofit,4-year,Bachelor's,0.7129,1096,4015,0.3255,0.394,54594,47313,39200,39200,0.6661,21500,56095,66099,44698,91311,0.802,0.325,41.605432,-88.079032
Lewis and Clark Community College,Godfrey,IL,Great Lakes,Public,2-year,Certificate,,,2487,0.25,0.4283,27764,9592,4340,7840,0.4444,6751,35365,37724,20679,59989,0.52,0.179,38.951624,-90.194405
Lewis-Clark State College,Lewiston,ID,Rocky Mountains,Public,4-year,Bachelor's,0.8769,,2385,0.2428,0.4047,31207,21925,7610,22028,0.4017,18500,42133,46001,27168,66552,0.668,0.402,46.412199,-117.024875
Lex La-Ray Technical Center,Lexington,MO,Plains,Public,Less than 2-year,Certificate,0.6667,,25,0.4545,,22919,,,,1.0,,50399,52142,40886,65929,,,39.173683,-93.865563
Lexington Healing Arts Academy,Lexington,KY,Southeast,Private for-profit,Less than 2-year,Certificate,,,78,0.4354,0.5508,17476,,,,,7600,25338,33193,15971,51312,,0.229,38.013756,-84.522938
Liberty University,Lynchburg,VA,Southeast,Private nonprofit,4-year,Bachelor's,0.9898,,50012,0.3834,0.424,31696,42025,22465,22465,0.6533,24500,39707,44813,24639,68020,0.665,0.547,37.350232,-79.18222
Liceo de Arte y Tecnologia,San Juan,PR,Outlying Areas,Private for-profit,Less than 2-year,Certificate,,,431,0.9152,0.3007,7527,23233,8451,8451,0.6253,4293,21816,26733,14227,44351,0.378,0.161,18.421013,-66.056421
Liceo de Arte-Dise-O y Comercio,Caguas,PR,Outlying Areas,Private for-profit,Less than 2-year,Certificate,,,212,0.8526,0.3438,0,,12226,12226,0.6364,,13934,15501,6042,27273,0.16,,18.233122,-66.034057
Life Pacific University,San Dimas,CA,Far West,Private nonprofit,4-year,Bachelor's,0.958,,456,0.5379,0.3714,39700,35062,22118,22118,0.404,22395,35814,43299,26248,68649,0.585,0.517,34.098705,-117.829388
Life Pacific University-Virginia,Christiansburg,VA,Southeast,Private nonprofit,4-year,Not classified,,,,,0.3714,39700,,16138,16138,,22395,35814,43299,26248,68649,0.585,0.517,,
Life University,Marietta,GA,Southeast,Private nonprofit,4-year,Bachelor's,0.9303,1030,893,0.3998,0.2921,26648,41295,15036,15036,0.3793,16666,37368,47397,25502,73921,0.648,0.352,33.932781,-84.514729
Lincoln College of Technology-Columbia,Columbia,MD,Mid East,Private for-profit,2-year,Certificate,,,1258,0.5631,0.5476,20981,,,,0.6843,11250,36485,38683,19113,59147,0.745,0.291,39.174673,-76.836463
Lincoln College of Technology-Denver,Denver,CO,Rocky Mountains,Private for-profit,2-year,Certificate,,,1212,0.4662,0.5174,24468,,,,0.712,11730,42500,46396,25586,66729,0.659,0.253,39.77651,-104.856171
Lincoln College of Technology-East Point,East Point,GA,Southeast,Private for-profit,2-year,Certificate,,,627,0.2663,0.5476,20981,,,,,11250,36485,38683,19113,59147,0.745,0.291,33.653126,-84.514816
Lincoln College of Technology-Grand Prairie,Grand Prairie,TX,Southwest,Private for-profit,2-year,Certificate,,,1539,0.6263,0.5174,24468,,,,0.7292,11730,42500,46396,25586,66729,0.659,0.253,32.701684,-97.056391
Lincoln College of Technology-Houston,Houston,TX,Southwest,Private for-profit,Less than 2-year,Certificate,,,,,0.5174,24468,,,,,11730,42500,46396,25586,66729,0.659,0.253,,
Lincoln College of Technology-Indianapolis,Indianapolis,IN,Great Lakes,Private for-profit,2-year,Certificate,,,1052,0.6199,0.5174,24468,,,,0.5736,11730,42500,46396,25586,66729,0.659,0.253,39.884503,-86.246276
Lincoln College of Technology-Marietta,Marietta,GA,Southeast,Private for-profit,2-year,Certificate,,,538,0.5916,0.5603,17298,,,,0.6381,10521,32694,31914,14470,49461,0.556,0.33,33.904619,-84.483943
Lincoln College of Technology-Melrose Park,Melrose Park,IL,Great Lakes,Private for-profit,2-year,Certificate,,,1539,0.7273,0.5476,20981,,,,0.6846,11250,36485,38683,19113,59147,0.745,0.291,41.905577,-87.832162
Lincoln Land Community College,Springfield,IL,Great Lakes,Public,2-year,Certificate,,,3976,0.3585,0.4665,23070,12379,3744,10464,0.4771,11011,33145,38479,22363,56033,0.588,0.286,39.721211,-89.611249
Lincoln Memorial University,Harrogate,TN,Southeast,Private nonprofit,4-year,Bachelor's,0.6259,1092,1572,0.3713,0.4149,32034,41530,26938,26938,0.4966,20000,45242,49956,30592,72811,0.716,0.4,36.578508,-83.660198
Lincoln Technical Institute-Allentown,Allentown,PA,Mid East,Private for-profit,Less than 2-year,Certificate,,,628,0.7122,0.5476,20981,,,,0.6105,11250,36485,38683,19113,59147,0.745,0.291,40.591908,-75.568979
Lincoln Technical Institute-East Windsor,East Windsor,CT,New England,Private for-profit,Less than 2-year,Certificate,,,1008,0.5384,0.5476,20981,,,,0.6233,11250,36485,38683,19113,59147,0.745,0.291,41.924248,-72.596915
Lincoln Technical Institute-Iselin,Iselin,NJ,Mid East,Private for-profit,Less than 2-year,Certificate,,,638,0.6651,0.5603,17298,,,,0.5409,10521,32694,31914,14470,49461,0.556,0.33,40.55934,-74.309058
Lincoln Technical Institute-Levittown,Levittown,PA,Mid East,Private for-profit,2-year,Certificate,,,345,0.7473,0.5476,20981,,,,0.5783,11250,36485,38683,19113,59147,0.745,0.291,40.049548,-74.999686
Lincoln Technical Institute-Lincoln,Lincoln,RI,New England,Private for-profit,2-year,Certificate,,,659,0.637,0.5603,17298,,,,0.6325,10521,32694,31914,14470,49461,0.556,0.33,41.9385,-71.47748
Lincoln Technical Institute-Mahwah,Mahwah,NJ,Mid East,Private for-profit,Less than 2-year,Certificate,,,1080,0.497,0.5174,24468,,,,0.7877,11730,42500,46396,25586,66729,0.659,0.253,41.083771,-74.148846
Lincoln Technical Institute-Moorestown,Moorestown,NJ,Mid East,Private for-profit,Less than 2-year,Certificate,,,782,0.7274,0.5603,17298,,,,0.5444,10521,32694,31914,14470,49461,0.556,0.33,39.94847,-74.955631
Lincoln Technical Institute-New Britain,New Britain,CT,New England,Private for-profit,Less than 2-year,Certificate,,,928,0.6609,0.5476,20981,,,,0.6452,11250,36485,38683,19113,59147,0.745,0.291,41.659236,-72.754498
Lincoln Technical Institute-Paramus,Paramus,NJ,Mid East,Private for-profit,Less than 2-year,Certificate,,,495,0.6917,0.5603,17298,,,,0.6965,10521,32694,31914,14470,49461,0.556,0.33,40.915145,-74.057574
Lincoln Technical Institute-Shelton,Shelton,CT,New England,Private for-profit,Less than 2-year,Certificate,,,875,0.6082,0.5476,20981,,,,0.6493,11250,36485,38683,19113,59147,0.745,0.291,41.271974,-73.132014
Lincoln Technical Institute-South Plainfield,South Plainfield,NJ,Mid East,Private for-profit,2-year,Certificate,,,335,0.5274,0.5174,24468,,,,0.7717,11730,42500,46396,25586,66729,0.659,0.253,40.551078,-74.420989
Lincoln Technical Institute-Union,Union,NJ,Mid East,Private for-profit,Less than 2-year,Certificate,,,1785,0.5605,0.5174,24468,,,,0.7479,11730,42500,46396,25586,66729,0.659,0.253,40.706359,-74.274929
Lincoln Technical Institute-Whitestone,Whitestone,NY,Mid East,Private for-profit,Less than 2-year,Certificate,,,1131,0.7276,0.5174,24468,,,,0.6656,11730,42500,46396,25586,66729,0.659,0.253,40.784113,-73.82885
Lincoln University,Lincoln University,PA,Mid East,Public,4-year,Bachelor's,0.6572,920,1539,0.6867,0.3862,30819,28505,12512,19384,0.4355,28250,32865,43167,23639,63002,0.663,0.654,39.807723,-75.926458
Lincoln University,Jefferson City,MO,Plains,Public,4-year,Bachelor's,,,1392,0.4868,0.3789,24957,23704,9796,17692,0.2085,28875,32185,39463,24649,56230,0.59,0.732,38.564431,-92.166724
Lincoln University,Oakland,CA,Far West,Private nonprofit,4-year,Bachelor's,,,204,0.0,,11104,,13150,13150,1.0,,44602,53695,23219,120751,,,37.804788,-122.269745
Lindenwood University,Saint Charles,MO,Plains,Private nonprofit,4-year,Bachelor's,0.5684,1190,4624,0.2998,0.3509,45382,35436,21600,21600,0.4933,26000,45711,53278,35718,77533,0.752,0.488,38.785425,-90.501286
Lindsey Hopkins Technical College,Miami,FL,Southeast,Public,2-year,Certificate,,,393,0.2206,0.6058,14022,,,,0.6619,,30724,34107,16436,52291,0.591,,25.794676,-80.208154
Lindsey Institute of Cosmetology,Bowling Green,KY,Southeast,Private for-profit,Less than 2-year,Certificate,,,56,0.1613,,24746,,,,0.8333,,21835,14602,,25811,,,36.947279,-86.420808
Lindsey Wilson University,Columbia,KY,Southeast,Private nonprofit,4-year,Bachelor's,,,1585,0.5244,0.4585,25540,40879,27808,27808,0.4406,16784,34861,41129,24160,55997,0.552,0.408,37.101502,-85.299997
Linfield University,McMinnville,OR,Far West,Private nonprofit,4-year,Bachelor's,0.8517,,1621,0.3033,0.3032,61012,65935,50850,50850,0.7046,25000,70643,78638,49821,111142,0.851,0.318,45.201173,-123.199642
Linn-Benton Community College,Albany,OR,Far West,Public,2-year,Associate,,,5174,0.2746,0.4002,25462,18789,7317,15901,0.2904,11961,35816,41363,21991,62607,0.606,0.289,44.587663,-123.11403
Lipscomb University,Nashville,TN,Southeast,Private nonprofit,4-year,Bachelor's,0.6773,1256,2997,0.241,0.2357,47725,55117,40572,40572,0.7216,19500,50454,55541,36819,82845,0.757,0.351,36.106253,-86.799791
Little Big Horn College,Crow Agency,MT,Rocky Mountains,Public,2-year,Associate,,,253,0.3666,0.3193,13854,11635,3200,3200,0.1148,,25016,21152,5938,39298,0.27,,45.603781,-107.455421
Lively Technical College,Tallahassee,FL,Southeast,Public,2-year,Certificate,,,762,0.2582,0.4864,12177,,,,0.5081,,29712,30413,15384,44728,0.46,,30.448534,-84.339057
Livingstone College,Salisbury,NC,Southeast,Private nonprofit,4-year,Bachelor's,0.5925,,924,0.8212,0.3922,20000,28305,18296,18296,0.2819,31125,24024,32600,17488,46579,0.419,0.955,35.670877,-80.483956
Logan University,Chesterfield,MO,Plains,Private nonprofit,4-year,Bachelor's,0.6429,,229,0.4044,0.3654,24383,26928,9000,9000,0.2222,10250,42378,55838,24680,89221,0.757,0.184,38.63133,-90.542333
Loma Linda University,Loma Linda,CA,Far West,Private nonprofit,4-year,Bachelor's,,,909,0.3504,0.3839,28486,,,,,20854,88185,89816,57445,123223,0.9,0.232,34.051241,-117.260605
Lone Star College System,The Woodlands,TX,Southwest,Public,4-year,Associate,,,45188,0.2331,0.5052,22787,15521,3330,9390,0.2114,8600,32889,42466,21624,63661,0.653,0.203,30.18737,-95.488103
Long Beach City College,Long Beach,CA,Far West,Public,2-year,Certificate,,,22427,0.3737,0.5644,16391,14503,1556,12544,0.2984,10500,31118,38870,17653,61089,0.559,0.27,33.833593,-118.135633
Long Island Beauty School-Hauppauge,Hauppauge,NY,Mid East,Private for-profit,Less than 2-year,Certificate,,,232,0.218,0.5306,21163,,,,0.75,5500,23622,26900,13494,43600,0.394,0.204,40.828573,-73.200285
Long Island Beauty School-Hempstead,Hempstead,NY,Mid East,Private for-profit,Less than 2-year,Certificate,,,101,0.1582,0.4505,17356,,,,0.8873,8254,21998,17378,8586,38368,0.399,0.475,40.707701,-73.629666
Long Island Nail Skin & Hair Institute,Bethpage,NY,Mid East,Private for-profit,Less than 2-year,Certificate,,,249,0.2629,0.4459,16342,,,,0.88,5611,16395,23404,10989,65844,,0.24,40.759423,-73.489818
Long Island University,Brookville,NY,Mid East,Private nonprofit,4-year,Bachelor's,0.8616,1224,5520,0.1714,0.3564,27459,55424,42432,42432,0.5707,23577,47543,59950,29994,95352,0.773,0.393,40.820714,-73.593678
Longwood University,Farmville,VA,Southeast,Public,4-year,Bachelor's,0.9022,1120,3015,0.2771,0.2789,72594,34588,15744,27978,0.6123,25000,46058,52347,37953,66882,0.796,0.478,37.297975,-78.396987
Longy School of Music of Bard College,Cambridge,MA,New England,Private nonprofit,4-year,Certificate,,,10,0.0588,0.1217,62890,72450,55275,55275,0.7778,24254,31072,46543,22114,74224,0.648,0.521,42.378657,-71.123479
Lorain County Community College,Elyria,OH,Great Lakes,Public,4-year,Certificate,,,5373,0.2552,0.5126,21057,9860,4265,8860,0.3094,13680,33660,38837,19860,58085,0.578,0.352,41.413293,-82.073549
Lorain County Joint Vocational School District,Oberlin,OH,Great Lakes,Public,Less than 2-year,Certificate,,,87,0.3333,0.6071,13032,,,,0.9,,32049,35776,16887,50555,0.468,,41.262182,-82.213852
Loraines Academy & Spa,Saint Petersburg,FL,Southeast,Private for-profit,Less than 2-year,Certificate,,,30,0.552,0.5207,10398,,,,0.6111,6333,22528,18342,9241,34304,0.379,0.345,27.783077,-82.713964
Loras College,Dubuque,IA,Plains,Private nonprofit,4-year,Bachelor's,0.9986,,1083,0.2336,0.1727,85518,50537,39824,39824,0.676,26000,46069,58289,43268,82689,0.848,0.446,42.503908,-90.679023
Lorenzo Walker Technical College,Naples,FL,Southeast,Public,Less than 2-year,Certificate,,,875,0.1962,0.5769,20976,,,,0.9889,,35937,36853,18389,56495,0.541,,26.141141,-81.763568
Los Angeles City College,Los Angeles,CA,Far West,Public,2-year,Associate,,,11198,0.2624,0.5897,12348,18924,1238,10572,0.2919,12750,28854,36190,15299,60161,0.529,0.352,34.087301,-118.292169
Los Angeles College of Aesthetics,Los Angeles,CA,Far West,Private for-profit,Less than 2-year,Certificate,,,117,0.4313,0.5392,12676,,,,0.8519,3723,20300,16540,8643,32639,,0.225,34.044739,-118.309491
Los Angeles College of Music,Pasadena,CA,Far West,Private for-profit,4-year,Bachelor's,0.8771,,227,0.2022,,26132,49705,30540,30540,0.4127,27938,20538,31758,7754,67752,,0.88,34.139293,-118.150113
Los Angeles County College of Nursing and Allied Health,Los Angeles,CA,Far West,Public,2-year,Associate,,,204,0.3273,0.4579,19204,,,,,9500,106781,115318,80614,139619,0.941,0.082,34.062647,-118.211852
Los Angeles Film School,Hollywood,CA,Far West,Private for-profit,4-year,Bachelor's,,,5472,0.6315,0.422,14580,,,,0.4129,25250,24375,31632,11779,54486,,0.798,34.098338,-118.3284
Los Angeles Harbor College,Wilmington,CA,Far West,Public,2-year,Associate,,,6694,0.1976,0.5536,18624,21772,1238,10568,0.3638,,31241,41133,19721,62739,0.599,,33.785825,-118.283549
Los Angeles Mission College,Sylmar,CA,Far West,Public,4-year,Associate,,,7999,0.2067,0.6993,18073,21717,1238,10572,0.2003,12678,34437,39834,19682,61597,0.572,0.318,34.314668,-118.4195
Los Angeles Pierce College,Woodland Hills,CA,Far West,Public,2-year,Associate,,,13436,0.2823,0.5548,15511,21400,1238,10572,0.4634,12936,33606,44521,22176,68724,0.622,0.291,34.183949,-118.575071
Los Angeles Southwest College,Los Angeles,CA,Far West,Public,2-year,Associate,,,3706,0.2267,0.5835,11780,13624,1238,10572,0.3413,,28065,32172,14300,52338,0.485,,33.929586,-118.304674
Los Angeles Trade Technical College,Los Angeles,CA,Far West,Public,2-year,Certificate,,,9998,0.3193,0.6126,12342,20457,1238,10572,0.3475,10500,31801,35233,14787,59191,0.555,0.298,34.031907,-118.269447
Los Angeles Valley College,Valley Glen,CA,Far West,Public,4-year,Certificate,,,12601,0.256,0.561,14713,20546,1238,10572,0.3212,10500,33987,42678,18627,68612,0.586,0.246,34.175165,-118.421734
Los Medanos College,Pittsburg,CA,Far West,Public,2-year,Associate,,,7320,0.2915,0.5126,16223,16056,1312,10320,0.4104,,35606,42454,18711,71019,0.618,,38.006474,-121.860967
Louisburg College,Louisburg,NC,Southeast,Private nonprofit,2-year,Associate,0.5581,,402,0.6963,0.3346,27974,38833,24120,24120,0.2188,12000,26576,34818,17142,49875,0.534,0.345,36.105035,-78.29898
Louisiana Christian University,Pineville,LA,Southeast,Private nonprofit,4-year,Bachelor's,0.7719,,672,0.4309,0.3684,32431,33791,20266,20266,0.4387,21875,40615,51700,32404,71453,0.77,0.423,31.324528,-92.425973
Louisiana Culinary Institute,Baton Rouge,LA,Southeast,Private for-profit,2-year,Associate,0.375,,77,0.3889,0.4354,25636,30162,15575,15575,0.7255,16200,30808,40359,21399,58724,,0.401,30.409979,-91.066085
Louisiana Delta Community College,Monroe,LA,Southeast,Public,2-year,Certificate,,,3057,0.5578,0.4946,17791,14215,4159,4159,0.3032,12500,25742,30438,14963,48870,,0.411,32.49637,-92.032664
Louisiana State University Health Sciences Center-New Orleans,New Orleans,LA,Southeast,Public,4-year,Bachelor's,,,862,0.3511,0.3627,33813,,,,,19500,74290,78495,57168,107549,0.902,0.248,29.957272,-90.083145
Louisiana State University Health Sciences Center-Shreveport,Shreveport,LA,Southeast,Public,4-year,Bachelor's,,,21,0.15,,24045,,,,,,65160,74671,56135,100901,0.923,,32.480683,-93.761018
Louisiana State University and Agricultural & Mechanical College,Baton Rouge,LA,Southeast,Public,4-year,Bachelor's,0.7333,1285,30594,0.2655,0.2665,55214,34705,11954,28631,0.6881,20500,49218,61251,39003,90619,0.818,0.335,30.414986,-91.178921
Louisiana State University at Alexandria,Alexandria,LA,Southeast,Public,4-year,Bachelor's,0.9208,1022,5632,0.3538,0.4489,32073,15550,7050,14650,0.3422,19000,37284,42205,25873,59050,0.643,0.45,31.178616,-92.414409
Louisiana State University-Eunice,Eunice,LA,Southeast,Public,2-year,Associate,,,2826,0.3514,0.4948,26778,17346,4730,10094,0.19,14250,30715,36498,21465,54399,0.596,0.39,30.473292,-92.434523
Louisiana State University-Shreveport,Shreveport,LA,Southeast,Public,4-year,Bachelor's,0.5055,1090,2153,0.3862,0.4027,25731,19461,7518,7518,0.3754,22500,38467,47477,30632,67472,0.682,0.474,32.428465,-93.70561
Louisiana Tech University,Ruston,LA,Southeast,Public,4-year,Bachelor's,0.864,1191,8312,0.2168,0.3119,45710,24280,10125,16866,0.6382,22135,44903,52279,32547,79643,0.759,0.423,32.528297,-92.649963
Lourdes University,Sylvania,OH,Great Lakes,Private nonprofit,4-year,Bachelor's,0.7413,,543,0.2999,0.336,45242,45378,29500,29500,0.3246,27000,40158,48150,29161,73342,0.675,0.561,41.710009,-83.706108
Love Beauty School Inc,Manchester,TN,Southeast,Private for-profit,Less than 2-year,Certificate,,,75,0.5625,0.614,15115,,,,0.7353,7917,16234,18056,8073,30964,,0.438,35.488524,-86.093863
Lower Columbia College,Longview,WA,Far West,Public,4-year,Associate,,,1932,0.3648,0.4662,14682,16169,4626,6003,0.2338,10506,36296,40691,20718,66460,0.585,0.258,46.14214,-122.935928
Loyola Marymount University,Los Angeles,CA,Far West,Private nonprofit,4-year,Bachelor's,0.4508,1359,7094,0.1322,0.224,69000,83943,62357,62357,0.7887,19500,62763,78349,48957,115071,0.813,0.249,33.97085,-118.415744
Loyola University Chicago,Chicago,IL,Great Lakes,Private nonprofit,4-year,Bachelor's,0.816,1297,11737,0.2375,0.2769,60528,67408,53710,53710,0.7304,24157,58411,71530,49691,99274,0.832,0.338,42.000765,-87.656872
Loyola University Maryland,Baltimore,MD,Mid East,Private nonprofit,4-year,Bachelor's,0.7549,1290,3869,0.2037,0.1349,109588,74055,57150,57150,0.7919,27000,64453,82652,57714,113065,0.903,0.327,39.346358,-76.621872
Loyola University New Orleans,New Orleans,LA,Southeast,Private nonprofit,4-year,Bachelor's,0.9305,,2812,0.3732,0.1928,62000,64157,49440,49440,0.5903,26000,34092,52927,29186,75942,0.796,0.491,29.936141,-90.120417
Lu Ross Academy,Ventura,CA,Far West,Private for-profit,Less than 2-year,Certificate,,,229,0.4956,0.5778,20586,,,,0.6538,6333,22250,23148,6847,43641,,0.274,34.278034,-119.293952
Lubbock Christian University,Lubbock,TX,Southwest,Private nonprofit,4-year,Bachelor's,0.731,1100,1252,0.3432,0.3599,50954,41944,28540,28540,0.5136,20948,46464,53787,34949,81706,0.773,0.389,33.575973,-101.934426
Luna Community College,Las Vegas,NM,Southwest,Public,2-year,Certificate,,,423,0.2483,0.4767,20363,10405,1474,3418,0.2833,,29547,32461,16329,49406,0.519,,35.616303,-105.250865
Lurleen B Wallace Community College,Andalusia,AL,Southeast,Public,2-year,Associate,,,1097,0.3183,0.5203,18213,12392,5190,9060,0.4099,,30010,32307,17935,49606,0.514,,31.322947,-86.452262
Luther College,Decorah,IA,Plains,Private nonprofit,4-year,Bachelor's,0.7154,1218,1379,0.2044,0.1285,92364,65461,52120,52120,0.7112,27000,49541,59850,42196,82716,0.812,0.451,43.312304,-91.802809
Luther Rice College & Seminary,Lithonia,GA,Southeast,Private nonprofit,4-year,Bachelor's,0.9167,,165,0.5,0.5436,31532,31680,11320,11320,,34153,39300,47003,24933,68238,0.762,0.727,33.698126,-84.123179
Luzerne County Community College,Nanticoke,PA,Mid East,Public,2-year,Associate,,,3317,0.3745,0.5491,24834,14499,6600,16260,0.2268,11000,35631,40437,23227,60655,0.615,0.272,41.194728,-75.991095
Lycoming College,Williamsport,PA,Mid East,Private nonprofit,4-year,Bachelor's,0.7407,1160,996,0.3801,0.3659,58938,64105,50029,50029,0.5963,27000,43713,56210,37571,77152,0.817,0.48,41.24666,-77.0
Lyle's College of  Beauty,Fresno,CA,Far West,Private for-profit,Less than 2-year,Certificate,,,90,0.4379,0.605,14595,,,,0.6364,6333,12878,25913,11150,39254,0.223,0.244,36.836265,-119.774167
Lyle's College of Beauty,Bakersfield,CA,Far West,Private for-profit,Less than 2-year,Certificate,,,70,0.3609,0.605,14595,,,,0.8333,6333,12878,25913,11150,39254,0.223,0.244,35.386539,-119.02387
Lynn University,Boca Raton,FL,Southeast,Private nonprofit,4-year,Bachelor's,0.7347,1134,2859,0.2341,0.2701,41024,67880,44480,44480,0.5206,17940,41427,49006,27097,73029,0.694,0.366,26.385985,-80.122806
Lyon College,Batesville,AR,Southeast,Private nonprofit,4-year,Bachelor's,0.6276,,648,0.4061,0.3,51394,44978,31000,31000,0.4676,21500,37629,44232,29991,61811,0.736,0.486,35.777619,-91.625354
Lyon College-School of Dental Medicine,Little Rock,AR,Southeast,Private nonprofit,4-year,Graduate,,,,,0.3,51394,,,,,21500,37629,44232,29991,61811,0.736,0.486,,
Lytles Redwood Empire Beauty College,Santa Rosa,CA,Far West,Private for-profit,Less than 2-year,Certificate,,,86,0.4734,0.55,24423,,,,0.8182,8682,23192,20358,7940,42198,0.408,0.426,38.508385,-122.75777
M J Murphy Beauty College of Mount Pleasant,Mount Pleasant,MI,Great Lakes,Private for-profit,Less than 2-year,Certificate,,,50,0.6415,,13242,,,,0.9286,,16906,20720,9118,32813,,,43.60429,-84.777927
M State - Detroit Lakes Campus,Detroit Lakes,MN,Plains,Public,2-year,Not classified,,,,,0.3007,32398,,5825,5825,,12000,41829,45591,27741,65116,0.672,0.263,,
M State - Moorhead Campus,Moorhead,MN,Plains,Public,2-year,Not classified,,,,,0.3007,32398,,6026,6026,,12000,41829,45591,27741,65116,0.672,0.263,,
M State - Wadena Campus,Wadena,MN,Plains,Public,2-year,Not classified,,,,,0.3007,32398,,5855,5855,,12000,41829,45591,27741,65116,0.672,0.263,,
M-DCPS The English Center,Miami,FL,Southeast,Public,Less than 2-year,Certificate,,,203,0.0976,,14724,,,,0.9175,,24284,30739,14503,45439,,,25.74027,-80.25167
MCVSD,Freehold,NJ,Mid East,Public,Less than 2-year,Certificate,,,67,0.7463,0.5287,20144,,,,0.5286,,29838,45062,21671,70242,0.6,,40.265559,-74.249254
MDT College of Health Sciences,Chicago,IL,Great Lakes,Private for-profit,Less than 2-year,Certificate,0.6421,,575,0.9313,0.5335,14054,37647,21870,21870,0.5,19500,40181,43946,20443,71168,0.518,0.444,41.882931,-87.626495
MGH Institute of Health Professions,Boston,MA,New England,Private nonprofit,4-year,Bachelor's,,,164,0.0,0.2829,31881,,,,,24961,93187,87130,62399,100798,,0.286,42.375018,-71.054002
MJ Barber & Beauty Academy,Hemet,CA,Far West,Private for-profit,Less than 2-year,Certificate,,,94,0.6968,0.7037,15285,,,,0.9206,2905,19214,19665,9576,34134,,0.148,33.745675,-117.010783
MJ Barber & Beauty Academy,La Quinta,CA,Far West,Private for-profit,Less than 2-year,Certificate,,,66,0.7197,0.7037,15285,,,,0.8302,2905,19214,19665,9576,34134,,0.148,33.708193,-116.278254
MTI College,Sacramento,CA,Far West,Private for-profit,2-year,Certificate,0.6338,,2000,0.4745,0.4764,19868,,,,0.7709,8836,36376,45328,20471,65132,0.612,0.195,38.661377,-121.342568
Macalester College,Saint Paul,MN,Plains,Private nonprofit,4-year,Bachelor's,0.2852,1440,2131,0.1723,0.1283,88992,82991,68104,68104,0.871,23000,46244,63878,41814,87495,0.777,0.36,44.938565,-93.168053
Machzikei Hadath Rabbinical College,Brooklyn,NY,Mid East,Private nonprofit,4-year,Bachelor's,1.0,,131,0.9134,,19505,30053,13500,13500,0.3333,,,41527,19103,,,,40.627937,-73.988378
Macomb Community College,Warren,MI,Great Lakes,Public,2-year,Associate,,,13876,0.3368,0.4867,21000,11912,3660,8370,0.1797,6000,33875,41596,21143,63899,0.615,0.144,42.50599,-82.972377
Madison Adult Career Center,Mansfield,OH,Great Lakes,Public,2-year,Certificate,,,81,0.3139,0.6075,16347,,,,0.8525,4266,32538,30941,18555,44576,,0.138,40.774328,-82.460912
Madison Area Technical College,Madison,WI,Great Lakes,Public,2-year,Certificate,,,10073,0.2001,0.4049,31113,19434,4977,7255,0.2891,14060,40928,45413,28299,64938,0.69,0.31,43.12183,-89.327921
Madison Oneida BOCES-Practical Nursing Program,Verona,NY,Mid East,Public,Less than 2-year,Certificate,1.0,,113,0.7857,0.5455,19749,,,,0.7949,,40296,41169,,52145,0.609,,43.141074,-75.560043
Madisonville Community College,Madisonville,KY,Southeast,Public,2-year,Certificate,,,1841,0.2962,0.5324,22750,13911,4728,6432,0.4865,8450,31257,35733,18925,56327,0.537,0.236,37.362661,-87.512137
Madonna University,Livonia,MI,Great Lakes,Private nonprofit,4-year,Bachelor's,0.6339,980,1632,0.304,0.4177,30676,41038,28440,28440,0.6,23000,49871,59058,38222,81197,0.74,0.389,42.384323,-83.404722
Maestro College,Dallas,TX,Southwest,Private for-profit,2-year,Certificate,,,61,0.7391,0.5714,10612,,,,0.8219,9500,24014,33559,15792,58441,,0.283,32.89622,-96.768104
Maestro College,Arlington,TX,Southwest,Private for-profit,Less than 2-year,Certificate,,,72,0.6918,0.5714,10612,,,,0.8132,9500,24014,33559,15792,58441,,0.283,32.758912,-97.093191
Maharishi International University,Fairfield,IA,Plains,Private nonprofit,4-year,Bachelor's,0.957,,922,0.5689,0.3377,8040,27892,16530,16530,0.5,24781,26468,27981,11123,56573,0.5,0.886,41.017781,-91.967306
Mahoning County Career and Technical Center,Canfield,OH,Great Lakes,Public,Less than 2-year,Certificate,,,80,0.1119,0.7167,20674,,,,0.8,,31917,37526,30005,51870,,,41.032696,-80.787668
Maine College of Art & Design,Portland,ME,New England,Private nonprofit,4-year,Bachelor's,0.7606,,415,0.2857,0.2388,56586,60128,42942,42942,0.5155,27000,24333,40778,24199,55585,0.49,0.662,43.655743,-70.261015
Maine College of Health Professions,Lewiston,ME,New England,Private nonprofit,4-year,Associate,0.7143,,239,0.5175,0.4928,38474,26827,20952,20952,0.6667,15250,,79840,,87997,0.867,0.191,44.100458,-70.21732
Maine Maritime Academy,Castine,ME,New England,Public,4-year,Bachelor's,0.5414,1166,942,0.2463,0.2067,87728,31046,15158,31102,0.5818,27000,93944,89964,57712,124580,0.899,0.3,44.389654,-68.804347
Malone University,Canton,OH,Great Lakes,Private nonprofit,4-year,Bachelor's,0.7586,1081,798,0.3252,0.3271,58891,49754,37160,37160,0.4498,26289,43056,48909,32520,71871,0.759,0.538,40.825662,-81.376863
Manatee Technical College,Bradenton,FL,Southeast,Public,2-year,Certificate,,,1486,0.2559,0.5243,18827,,,,0.6396,,37820,38129,21785,57490,0.519,,27.447894,-82.481088
Manchester Community College,Manchester,NH,New England,Public,2-year,Associate,,,1587,0.25,0.4244,32782,20703,7090,15340,0.413,15060,38656,49063,27685,73089,0.682,0.307,43.019823,-71.483534
Manchester University,North Manchester,IN,Great Lakes,Private nonprofit,4-year,Bachelor's,0.7106,,936,0.447,0.3367,63382,49993,37135,37135,0.4608,26854,43024,51504,36585,71309,0.773,0.521,41.01154,-85.762249
Mandl School-The College of Allied Health,New York,NY,Mid East,Private for-profit,2-year,Associate,,,497,0.8559,0.5271,13984,43113,21700,21700,0.4773,20000,37266,39108,19647,54755,0.58,0.511,40.764404,-73.983786
Manhattan Area Technical College,Manhattan,KS,Plains,Public,2-year,Certificate,,,342,0.1095,0.3651,33943,19407,9844,9844,0.7429,9500,44928,51864,32955,73011,0.744,0.183,39.197774,-96.615672
Manhattan Christian College,Manhattan,KS,Plains,Private nonprofit,4-year,Bachelor's,1.0,1020,146,0.4681,0.269,49684,34466,19126,19126,0.4429,24250,40023,48860,31461,62911,0.678,0.496,39.184806,-96.579383
Manhattan School of Computer Technology,Brooklyn,NY,Mid East,Private nonprofit,2-year,Certificate,,,1002,0.8618,0.5694,5020,,,,0.6992,,21315,26020,12231,44653,0.385,,40.63473,-73.967118
Manhattan School of Music,New York,NY,Mid East,Private nonprofit,4-year,Bachelor's,0.4078,,539,0.1197,,87262,77703,57050,57050,0.7832,26994,18815,26878,11725,52252,0.45,1.004,40.812312,-73.961334
Manhattan University,Riverdale,NY,Mid East,Private nonprofit,4-year,Bachelor's,0.7894,1270,2744,0.36,0.2542,76817,64348,53400,53400,0.6371,26000,64472,86316,61516,118926,0.879,0.301,40.889756,-73.901893
Manhattanville University,Purchase,NY,Mid East,Private nonprofit,4-year,Bachelor's,0.8734,,1362,0.3514,0.301,53935,53499,44604,44604,0.5842,25000,45056,58832,32425,84538,0.775,0.425,41.032187,-73.715645
Manor College,Jenkintown,PA,Mid East,Private nonprofit,4-year,Associate,0.9486,820,443,0.5199,0.5033,24346,27557,21780,21780,0.2574,19000,36013,46825,27887,69225,0.741,0.406,40.08714,-75.104786
Maranatha Baptist University,Watertown,WI,Great Lakes,Private nonprofit,4-year,Bachelor's,0.719,1170,541,0.3399,0.1915,49012,37092,21550,21550,0.6357,14143,40403,45593,27983,67603,0.579,0.31,43.195013,-88.737016
Margaret H Rollins School of Nursing at Beebe Medical Center,Lewes,DE,Mid East,Private nonprofit,Less than 2-year,Certificate,,,51,0.4419,,40006,,,,,12000,,72380,,90142,,0.166,38.771565,-75.142864
Maria College of Albany,Albany,NY,Mid East,Private nonprofit,4-year,Associate,0.4448,,656,0.5576,0.4099,31074,21798,18740,18740,0.3,20528,53357,55458,35668,77413,0.752,0.37,42.657789,-73.806287
Marian Health Careers Center-Los Angeles Campus,Los Angeles,CA,Far West,Private for-profit,Less than 2-year,Certificate,,,150,0.5745,0.3505,26319,,,,0.6667,12337,52162,63612,46277,89650,0.911,0.194,34.062273,-118.295677
Marian Health Careers Center-Van Nuys Campus,Van Nuys,CA,Far West,Private for-profit,Less than 2-year,Certificate,,,90,0.4098,0.3505,26319,,,,0.7143,12337,52162,63612,46277,89650,0.911,0.194,34.177483,-118.465561
Marian University,Fond Du Lac,WI,Great Lakes,Private nonprofit,4-year,Bachelor's,0.7498,,1010,0.3259,0.3897,57509,44450,35178,35178,0.4416,25000,49839,53501,35359,74849,0.769,0.467,43.777411,-88.420638
Marian University,Indianapolis,IN,Great Lakes,Private nonprofit,4-year,Bachelor's,0.9546,,2266,0.2853,0.2918,49554,56258,40664,40664,0.6722,27000,55704,58759,39146,84617,0.77,0.46,39.813233,-86.202643
Marian University-Ancilla,Plymouth,IN,Great Lakes,Private nonprofit,4-year,Associate,0.9169,,226,0.6065,0.2918,49554,38305,20100,20100,,27000,55704,58759,39146,84617,0.77,0.46,41.337931,-86.445875
Marietta College,Marietta,OH,Great Lakes,Private nonprofit,4-year,Bachelor's,0.7931,1088,952,0.3355,0.2596,69660,53709,39652,39652,0.6138,27000,51252,57180,38070,87422,0.757,0.472,39.41668,-81.450045
Marion Military Institute,Marion,AL,Southeast,Public,2-year,Associate,0.9703,1068,329,0.5357,0.2338,38434,18743,9538,15538,0.3596,9250,45043,59644,34500,83934,0.756,0.155,32.623734,-87.322041
Marion S Whelan School of Nursing of Geneva General Hospital,Geneva,NY,Mid East,Private nonprofit,Less than 2-year,Certificate,1.0,,14,0.7,0.4437,30908,14370,12085,12085,0.0,18955,63294,70771,41435,88267,,0.268,42.876429,-76.987844
Marion Technical College,Marion,OH,Great Lakes,Public,4-year,Associate,,,1475,0.2261,0.504,27000,13026,6595,11225,0.3062,8300,40017,41495,23062,59326,0.594,0.2,40.577017,-83.089156
Marion Technical College,Ocala,FL,Southeast,Public,2-year,Certificate,,,463,0.3881,0.5163,16708,,,,0.796,,31354,36095,19229,53461,0.388,,29.178271,-82.147877
Marist University,Poughkeepsie,NY,Mid East,Private nonprofit,4-year,Bachelor's,0.5651,1295,5182,0.1445,0.1884,107457,67574,47750,47750,0.796,25000,62546,77819,50231,106692,0.846,0.321,41.720937,-73.935484
Marketti Academy of Cosmetology,Waterford,MI,Great Lakes,Private for-profit,Less than 2-year,Certificate,,,45,0.1429,0.4722,16646,,,,0.8966,,20826,14345,8415,41013,,,42.683352,-83.374733
Marquette University,Milwaukee,WI,Great Lakes,Private nonprofit,4-year,Bachelor's,0.8134,1310,7660,0.1839,0.1935,96300,66768,51170,51170,0.8321,23940,65241,78257,54671,105538,0.89,0.306,43.03903,-87.927961
Mars Hill University,Mars Hill,NC,Southeast,Private nonprofit,4-year,Bachelor's,0.679,,1044,0.4621,0.344,38916,50099,37736,37736,0.4487,26000,35680,44781,29922,60021,0.633,0.581,35.82752,-82.551827
Marshall University,Huntington,WV,Southeast,Public,4-year,Bachelor's,0.9573,1061,7266,0.3868,0.374,41378,22022,9162,20342,0.5123,23250,39561,46354,29123,68397,0.673,0.502,38.422482,-82.428964
Marshalltown Community College,Marshalltown,IA,Plains,Public,2-year,Associate,,,788,0.2215,0.4501,34741,14425,5496,6504,0.4234,9500,36574,41010,23459,57594,0.61,0.232,42.00065,-92.909411
Martin Community College,Williamston,NC,Southeast,Public,2-year,Certificate,,,313,0.2259,0.5414,13793,11275,2523,8667,0.3929,,26883,26016,13138,38307,0.386,,35.836304,-77.094913
Martin Luther College,New Ulm,MN,Plains,Private nonprofit,4-year,Bachelor's,0.8717,1090,725,0.2705,,60924,29250,18120,18120,0.715,20177,40760,47491,29333,70940,0.713,0.425,44.30526,-94.472326
Mary Baldwin University,Staunton,VA,Southeast,Private nonprofit,4-year,Bachelor's,,,1090,0.5532,0.4,32121,45935,34152,34152,0.393,26586,39075,44427,26390,57577,0.729,0.598,38.153884,-79.069273
Maryland Beauty Academy of Essex,Baltimore,MD,Mid East,Private for-profit,Less than 2-year,Certificate,,,35,0.875,0.6701,12318,,,,0.75,8500,21104,20445,10080,35277,0.4,0.416,39.29844,-76.509213
Maryland Institute College of Art,Baltimore,MD,Mid East,Private nonprofit,4-year,Bachelor's,0.7679,1258,1189,0.2311,0.1738,73007,76860,56800,56800,0.7224,26500,33451,45212,21148,68654,0.667,0.586,39.308792,-76.621033
Marymount Manhattan College,New York,NY,Mid East,Private nonprofit,4-year,Bachelor's,0.8261,1214,1577,0.284,0.2264,58699,65767,41870,41870,0.4904,25750,34052,49131,22072,75436,0.719,0.524,40.768787,-73.959767
Marymount University,Arlington,VA,Southeast,Private nonprofit,4-year,Bachelor's,0.9316,,1810,0.2306,0.2983,46409,57184,40920,40920,0.5351,25000,57801,67516,42262,94804,0.818,0.37,38.905562,-77.128785
Maryville College,Maryville,TN,Southeast,Private nonprofit,4-year,Bachelor's,0.6092,,1005,0.3774,0.3207,44952,54622,39284,39284,0.5,25375,39305,49279,34298,70568,0.702,0.515,35.751505,-83.964223
Maryville University of Saint Louis,Saint Louis,MO,Plains,Private nonprofit,4-year,Bachelor's,0.9508,,5658,0.3641,0.2959,54390,41959,27166,27166,0.6622,22000,55047,62105,42105,83389,0.823,0.354,38.644774,-90.505998
Marywood University,Scranton,PA,Mid East,Private nonprofit,4-year,Bachelor's,0.6058,1162,1784,0.3196,0.295,66370,55582,41420,41420,0.7165,26186,47000,55817,36372,73929,0.723,0.469,41.434587,-75.634142
Massachusetts Bay Community College,Wellesley Hills,MA,New England,Public,2-year,Associate,,,3837,0.2502,0.4325,26618,14185,5856,10800,0.172,6500,37504,52654,28486,83507,0.724,0.123,42.31212,-71.263458
Massachusetts College of Art and Design,Boston,MA,New England,Public,4-year,Bachelor's,0.7627,,1831,0.2953,0.2252,68352,34239,15400,43400,0.6887,25755,27090,43582,23238,72340,0.661,0.591,42.336862,-71.099275
Massachusetts College of Liberal Arts,North Adams,MA,New England,Public,4-year,Bachelor's,0.8974,,713,0.4127,0.3301,45534,26026,12436,21381,0.5564,23750,36803,48102,32972,67133,0.684,0.494,42.691361,-73.102817
Massachusetts College of Pharmacy and Health Sciences,Boston,MA,New England,Private nonprofit,4-year,Bachelor's,0.8521,1269,3451,0.3006,0.3049,50594,65022,40530,40530,0.6202,25000,77171,125557,84640,152747,0.925,0.199,42.336825,-71.101244
Massachusetts Institute of Technology,Cambridge,MA,New England,Private nonprofit,4-year,Bachelor's,0.0455,1560,4535,0.1932,0.2585,53870,82730,62396,62396,0.9641,14768,131633,143372,88222,243025,0.914,0.103,42.359243,-71.093226
Massachusetts Maritime Academy,Buzzards Bay,MA,New England,Public,4-year,Bachelor's,0.947,,1395,0.1896,0.2111,108367,31367,11420,23722,0.7406,25000,80424,82392,55062,123345,0.931,0.303,41.739072,-70.624084
Massasoit Community College,Brockton,MA,New England,Public,2-year,Associate,,,4235,0.2834,0.4609,27061,14904,5376,10320,0.1938,10000,38606,46111,29090,70341,0.625,0.217,42.07507,-70.989799
Mayfield College,Cathedral City,CA,Far West,Private for-profit,Less than 2-year,Certificate,,,292,0.9579,0.6538,10529,,,,0.8241,9025,30456,29384,13678,43651,,0.307,33.790822,-116.458827
Mayland Community College,Spruce Pine,NC,Southeast,Public,2-year,Associate,,,362,0.2468,0.5164,19437,14932,2626,8770,0.46,,32221,34663,16040,51340,0.46,,35.934475,-82.016988
Maynard A. Traviss Technical College - Central Florida Aerospace Academy,Lakeland,FL,Southeast,Public,Less than 2-year,Not classified,,,,,0.5273,16670,,,,,,34550,39813,22593,56020,0.562,,,
Mayo Clinic College of Medicine and Science,Rochester,MN,Plains,Private nonprofit,4-year,Certificate,0.3901,,309,0.0203,,37211,,3257,3257,,10500,74758,79652,66112,91612,0.912,0.132,44.02215,-92.466428
Mayo Clinic College of Medicine and Science - Arizona,Phoenix,AZ,Southwest,Private nonprofit,4-year,Not classified,,,,,,37211,,,,,10500,74758,79652,66112,91612,0.912,0.132,,
Mayo Clinic College of Medicine and Science - Arizona,Scottsdale,AZ,Southwest,Private nonprofit,4-year,Not classified,,,,,,37211,,3257,3257,,10500,74758,79652,66112,91612,0.912,0.132,,
Mayo Clinic College of Medicine and Science - Florida,Jacksonville,FL,Southeast,Private nonprofit,4-year,Not classified,,,,,,37211,,3257,3257,,10500,74758,79652,66112,91612,0.912,0.132,,
Maysville Community and Technical College,Maysville,KY,Southeast,Public,2-year,Certificate,,,2284,0.3883,0.5823,18142,13222,4728,6432,0.5646,11500,27631,32194,15627,50246,0.475,0.357,38.626607,-83.806786
Mayville State University,Mayville,ND,Plains,Public,4-year,Bachelor's,,,733,0.2736,0.3016,47272,20657,7979,11237,0.406,18585,43597,47828,32033,65499,0.76,0.389,47.505415,-97.322554
McDaniel College,Westminster,MD,Mid East,Private nonprofit,4-year,Bachelor's,0.7793,,1617,0.361,0.2636,70197,65294,52081,52081,0.6329,25000,47879,60663,40571,81977,0.825,0.412,39.584231,-77.001992
McDowell Technical Community College,Marion,NC,Southeast,Public,2-year,Associate,,,608,0.2705,0.4987,20675,18783,2032,6640,0.4839,,33755,33035,16057,47000,0.469,,35.656254,-81.96208
McHenry County College,Crystal Lake,IL,Great Lakes,Public,2-year,Certificate,,,4691,0.1127,0.4843,27840,12345,4162,14399,0.3684,6260,36496,45143,27448,65865,0.591,0.139,42.259111,-88.368956
McKendree University,Lebanon,IL,Great Lakes,Private nonprofit,4-year,Bachelor's,0.7172,,1752,0.336,0.3256,49041,48845,34740,34740,0.5333,23250,49439,58572,39892,83018,0.808,0.397,38.608154,-89.816822
McLennan Community College,Waco,TX,Southwest,Public,2-year,Associate,,,5668,0.3794,0.4728,23435,12920,3660,5910,0.3891,10500,32591,39163,21627,57390,0.59,0.268,31.58947,-97.171228
McMurry University,Abilene,TX,Southwest,Private nonprofit,4-year,Bachelor's,0.5704,1043,1176,0.2382,0.3742,39189,43778,32340,32340,0.4429,27000,38647,48779,32535,70366,0.74,0.554,32.429776,-99.748682
McNeese State University,Lake Charles,LA,Southeast,Public,4-year,Bachelor's,0.7827,1087,5005,0.3459,0.3848,35342,22810,8489,9989,0.4704,23000,38713,46453,26345,71043,0.7,0.495,30.178187,-93.217222
McPherson College,McPherson,KS,Plains,Private nonprofit,4-year,Bachelor's,0.7676,1058,872,0.3794,0.3056,57117,50611,37310,37310,0.3392,25242,41446,52084,34701,71211,0.784,0.485,38.371422,-97.642996
Mech-Tech College,Caguas,PR,Outlying Areas,Private for-profit,2-year,Certificate,,,2302,0.9234,0.4278,6303,18206,11394,11394,0.7235,3500,24493,24967,13568,42237,0.353,0.14,18.237102,-66.053276
MediaTech Institute-Dallas,Dallas,TX,Southwest,Private for-profit,2-year,Associate,,,199,0.5249,0.3645,18321,,,,0.697,20000,24950,33293,14125,56910,,0.601,32.92427,-96.902721
Medical Institute of Palm Beach,Greenacres,FL,Southeast,Private for-profit,Less than 2-year,Certificate,,,356,0.3098,0.5404,12293,,,,0.85,6417,24114,25811,14370,39148,,0.249,26.620478,-80.134959
Medical University of South Carolina,Charleston,SC,Southeast,Public,4-year,Bachelor's,,,303,0.1139,0.1883,6709,,,,,15000,77677,88420,65145,119437,0.92,0.17,32.784363,-79.947158
Medina County Career Center,Medina,OH,Great Lakes,Public,Less than 2-year,Certificate,,,43,0.4038,0.5918,14689,,,,0.7931,,35736,41273,23083,61412,,,41.155104,-81.901592
Mendocino College,Ukiah,CA,Far West,Public,2-year,Associate,,,2870,0.2793,0.5448,16089,17544,1423,10003,0.2537,10836,33313,40243,19706,61753,0.492,0.269,39.188989,-123.228809
Menlo College,Atherton,CA,Far West,Private nonprofit,4-year,Bachelor's,0.6847,,752,0.3105,0.4007,49601,72020,53630,53630,0.535,21750,60608,76419,42007,118127,0.8,0.285,37.453475,-122.190797
Merced College,Merced,CA,Far West,Public,2-year,Certificate,,,10001,0.375,0.5942,18008,14485,1200,8520,0.3572,,31468,37815,18554,57608,0.522,,37.3353,-120.476464
Mercer County Community College,West Windsor,NJ,Mid East,Public,2-year,Associate,,,5404,0.298,0.4995,24661,12545,5310,9174,0.249,10500,35267,43264,23440,64959,0.647,0.243,40.254398,-74.650719
Mercer County Technical Education Center,Princeton,WV,Southeast,Public,2-year,Certificate,,,120,0.6239,0.6216,16083,,,,0.7917,,36860,33511,22721,45064,0.673,,37.360024,-81.104647
Mercer University,Macon,GA,Southeast,Private nonprofit,4-year,Bachelor's,0.6889,1271,4500,0.3543,0.282,43172,58204,42312,42312,0.6962,24199,50231,58354,36398,85903,0.813,0.415,32.829134,-83.649392
Mercy College of Health Sciences,Des Moines,IA,Plains,Private nonprofit,4-year,Bachelor's,0.9971,980,867,0.3392,0.3461,41783,34398,17664,17664,0.6552,14745,53375,62234,42673,82563,0.818,0.237,41.594559,-93.626238
Mercy College of Ohio,Toledo,OH,Great Lakes,Private nonprofit,4-year,Bachelor's,0.9322,947,939,0.3273,0.4933,37468,30260,19470,19470,0.5581,20834,61877,65409,40535,84912,0.832,0.319,41.658319,-83.552538
Mercy University,Dobbs Ferry,NY,Mid East,Private nonprofit,4-year,Bachelor's,0.8584,,5735,0.5005,0.4187,27174,32596,22880,22880,0.4571,19637,44969,52055,29099,76821,0.701,0.377,41.021626,-73.874447
Mercyhurst University,Erie,PA,Mid East,Private nonprofit,4-year,Bachelor's,0.8102,,2191,0.3133,0.2867,51028,59557,45770,45770,0.6017,25305,39565,47452,28870,68639,0.744,0.533,42.10578,-80.053412
Meredith College,Raleigh,NC,Southeast,Private nonprofit,4-year,Bachelor's,0.7418,1204,1188,0.3591,0.2199,61780,57313,45630,45630,0.7007,25000,45293,51539,34140,75132,0.724,0.485,35.799351,-78.689995
Meridian College,Sarasota,FL,Southeast,Private for-profit,2-year,Certificate,,,163,0.5359,0.5442,16256,,,,0.5062,13000,36705,33735,15967,45724,0.273,0.385,27.380724,-82.425309
Meridian Community College,Meridian,MS,Southeast,Public,2-year,Associate,,,2156,0.3916,0.4186,19121,14334,4078,6478,0.344,5521,28752,31002,16778,49370,0.504,0.178,32.367355,-88.732823
Meridian Institute of Surgical Assisting,Nashville,TN,Southeast,Private for-profit,2-year,Certificate,,,805,0.2617,0.5538,44350,,,,,6840,68179,62978,42732,83038,,0.109,36.187738,-86.842536
Meridian Technology Center,Stillwater,OK,Southwest,Public,2-year,Certificate,,,307,0.1161,0.5045,14739,,,,0.475,,32852,34451,17605,52862,0.468,,36.106981,-97.108414
Merkaz Bnos-Business School,Brooklyn,NY,Mid East,Private nonprofit,2-year,Certificate,,,110,1.0,0.6341,15227,,,,0.9882,,29058,27249,16448,39830,0.339,,40.601511,-73.997176
Merrimack College,North Andover,MA,New England,Private nonprofit,4-year,Bachelor's,0.7002,,3916,0.1558,0.2068,102956,70038,53962,53962,0.7005,27000,54316,75584,52191,106878,0.882,0.357,42.668344,-71.124216
Merritt College,Oakland,CA,Far West,Public,2-year,Certificate,,,5288,0.1082,0.5479,13204,21424,1258,9898,0.2642,,36329,44392,18400,70228,0.59,,37.789088,-122.167335
Mesa Community College,Mesa,AZ,Southwest,Public,4-year,Certificate,,,14460,0.2097,0.4579,22608,18194,2358,8958,0.1564,7473,38702,44034,23692,66054,0.668,0.17,33.390323,-111.871255
Mesalands Community College,Tucumcari,NM,Southwest,Public,2-year,Certificate,,,411,0.1706,0.5135,15651,15975,2136,3408,0.4211,,27639,32272,16074,47244,0.479,,35.170332,-103.736303
Messenger College,Bedford,TX,Southwest,Private nonprofit,4-year,Bachelor's,0.375,,24,0.8148,,28400,29881,11620,11620,1.0,,29135,29463,17447,53629,0.382,,32.85076,-97.161015
Messiah University,Mechanicsburg,PA,Mid East,Private nonprofit,4-year,Bachelor's,0.7897,1236,2259,0.1964,0.1817,85483,55875,42240,42240,0.7496,25621,50192,54064,38104,75950,0.792,0.474,40.156579,-76.988269
Methodist College,Peoria,IL,Great Lakes,Private nonprofit,4-year,Bachelor's,0.3889,,245,0.5107,0.3478,30855,46874,18008,18008,0.2,31250,64709,69800,46643,89313,,0.448,40.7804,-89.682864
Methodist University,Fayetteville,NC,Southeast,Private nonprofit,4-year,Bachelor's,0.7514,1182,1448,0.413,0.3207,38888,55796,41250,41250,0.4351,27000,40540,48050,32466,69193,0.765,0.562,35.135058,-78.874426
Metro Beauty Academy,Allentown,PA,Mid East,Private for-profit,Less than 2-year,Certificate,,,197,0.1647,0.4797,30012,,,,0.9623,8028,22872,33859,17152,50234,,0.237,40.56865,-75.555591
Metro Technology Centers,Oklahoma City,OK,Southwest,Public,2-year,Certificate,,,632,0.1439,0.5147,20030,,,,0.3502,9500,35174,38830,19318,66216,0.634,0.245,35.512549,-97.478182
Metropolitan College of New York,New York,NY,Mid East,Private nonprofit,4-year,Bachelor's,0.9,,402,0.6512,0.4958,14836,34203,20188,20188,0.4,27688,45086,46236,21570,69731,0.681,0.599,40.708706,-74.014702
Metropolitan Community College Area,Omaha,NE,Plains,Public,2-year,Associate,,,8775,0.1859,0.4707,23942,11667,3375,4950,0.2932,8217,35437,38773,20723,57577,0.583,0.212,41.310451,-95.957829
Metropolitan Community College-Kansas City,Kansas City,MO,Plains,Public,2-year,Associate,,,10649,0.3095,0.4544,23286,14665,3630,9600,0.3364,10073,35026,40796,22969,59926,0.587,0.247,39.068668,-94.58966
Metropolitan Learning Institute,Rego Park,NY,Mid East,Private nonprofit,Less than 2-year,Certificate,,,357,0.8904,0.7651,15506,,,,0.9935,,20818,25916,12074,48094,0.298,,40.72921,-73.858441
Metropolitan State University,Saint Paul,MN,Plains,Public,4-year,Bachelor's,0.9871,1020,5616,0.4755,0.3713,28315,25172,9840,9840,0.4357,17100,54828,64705,44236,89487,0.798,0.264,44.957256,-93.074361
Metropolitan State University of Denver,Denver,CO,Rocky Mountains,Public,4-year,Bachelor's,0.988,1019,15002,0.3551,0.4047,32101,24622,11124,30684,0.3154,21500,45391,52093,30445,75678,0.711,0.413,39.744202,-105.00504
Miami Ad School,Miami,FL,Southeast,Private for-profit,2-year,Certificate,,,32,0.2121,,24014,66800,19400,19400,,25967,74706,106192,48682,158386,0.881,0.245,25.808818,-80.190728
Miami Ad School-Atlanta,Atlanta,GA,Southeast,Private for-profit,2-year,Certificate,,,65,0.2162,,24014,61886,19400,19400,,25967,74706,106192,48682,158386,0.881,0.245,33.790763,-84.384562
Miami Ad School-New York,Astoria,NY,Mid East,Private for-profit,2-year,Certificate,,,31,0.0625,,24014,,19400,19400,,25967,74706,106192,48682,158386,0.881,0.245,40.755046,-73.925071
Miami Dade College,Miami,FL,Southeast,Public,4-year,Certificate,,,46182,0.4974,0.4859,18391,13567,2838,9661,0.4594,9252,33107,40654,20876,62653,0.595,0.228,25.777717,-80.190856
Miami Lakes Educational Center and Technical College,Miami Lakes,FL,Southeast,Public,2-year,Certificate,,,665,0.1648,0.5734,17084,,,,0.0455,,35651,35014,16880,56469,0.604,,25.915514,-80.294424
Miami Lakes Educational Center and Technical College -,Miami Lakes,FL,Southeast,Public,2-year,Not classified,,,,,0.5156,16112,,,,,,30120,37543,17342,61088,0.523,,,
Miami Media School,Doral,FL,Southeast,Private for-profit,2-year,Certificate,,,28,0.7757,0.4326,10759,,,,0.6538,9500,28710,28918,16416,44265,0.591,0.329,25.783576,-80.325673
Miami Regional University,Miami Springs,FL,Southeast,Private for-profit,4-year,Associate,,,312,0.3091,0.5175,15992,,,,0.8448,22500,43161,29081,14496,50608,,0.774,25.810667,-80.267007
Miami University-Hamilton,Hamilton,OH,Great Lakes,Public,4-year,Bachelor's,,,2043,0.3036,0.2286,79777,15352,7491,19407,0.2494,23000,49773,55076,34102,84230,0.791,0.418,39.377448,-84.563385
Miami University-Middletown,Middletown,OH,Great Lakes,Public,4-year,Bachelor's,,,837,0.2721,0.2286,79777,14890,7491,19407,0.3175,23000,49773,55076,34102,84230,0.791,0.418,39.523776,-84.35724
Miami University-Oxford,Oxford,OH,Great Lakes,Public,4-year,Bachelor's,0.754,1317,16656,0.1259,0.2286,79777,38757,18161,41221,0.7979,23000,49773,55076,34102,84230,0.791,0.418,39.507757,-84.732954
Michigan Career and Technical Institute,Plainwell,MI,Great Lakes,Public,Less than 2-year,Certificate,,,118,0.0,0.3367,21175,,8549,12409,0.3784,,29458,29376,15172,41016,0.371,,42.504599,-85.517049
Michigan College of Beauty-Monroe,Monroe,MI,Great Lakes,Private for-profit,Less than 2-year,Certificate,,,70,0.407,0.5403,14118,,,,0.7451,6333,21810,22766,11432,36637,,0.278,41.907014,-83.407005
Michigan College of Beauty-Troy,Troy,MI,Great Lakes,Private for-profit,Less than 2-year,Certificate,,,230,0.7553,0.4965,15543,,,,0.6763,6333,19608,22058,9748,42903,0.364,0.287,42.570337,-83.12734
Michigan State University,East Lansing,MI,Great Lakes,Public,4-year,Bachelor's,0.848,1269,40922,0.2009,0.2095,70982,32198,16458,43842,0.8072,23250,55084,67253,46010,96911,0.837,0.346,42.73212,-84.476111
Michigan Technological University,Houghton,MI,Great Lakes,Public,4-year,Bachelor's,0.9243,1258,5955,0.2023,0.1854,77439,34152,19123,42988,0.6806,24990,69672,78198,48944,102434,0.874,0.32,47.11866,-88.548092
Mid Cities Barber College,Grand Prairie,TX,Southwest,Private for-profit,Less than 2-year,Certificate,,,22,0.4643,,,,,,0.6765,,,24664,12655,45008,,,32.710329,-97.006955
Mid Michigan College,Harrison,MI,Great Lakes,Public,2-year,Associate,,,2098,0.3121,0.4401,24224,17703,6132,10864,0.2752,13750,32868,37319,21167,57525,0.546,0.368,43.969586,-84.763715
Mid-America Christian University,Oklahoma City,OK,Southwest,Private nonprofit,4-year,Bachelor's,0.9176,1020,1666,0.5287,0.4978,29648,31313,21294,21294,0.4423,26394,39265,46116,24194,68732,0.722,0.572,35.347785,-97.578297
Mid-America College of Funeral Service,Jeffersonville,IN,Great Lakes,Private nonprofit,4-year,Associate,,,279,0.5134,,28486,35453,19000,19000,0.3214,16666,42193,44505,23991,67830,0.568,0.374,38.31209,-85.744696
Mid-America Technology Center,Wayne,OK,Southwest,Public,Less than 2-year,Certificate,,,173,0.0278,,24568,,,,1.0,,24206,38465,21165,64313,0.534,,34.912498,-97.364174
Mid-Atlantic Christian University,Elizabeth City,NC,Southeast,Private nonprofit,4-year,Bachelor's,0.6216,1000,132,0.3764,0.3504,34566,33011,17280,17280,0.2075,27000,29887,38342,17727,56747,0.656,0.704,36.303812,-76.216483
Mid-Del Technology Center,Midwest City,OK,Southwest,Public,Less than 2-year,Certificate,,,84,0.1323,0.557,14106,,,,0.7045,,,33238,,50791,,,35.455237,-97.402578
Mid-EastCTC-Adult Education,Zanesville,OH,Great Lakes,Public,Less than 2-year,Certificate,,,356,0.3185,0.5754,20220,,,,0.7212,7600,36143,40416,25044,57119,0.637,0.188,39.937192,-81.976056
Mid-Plains Community College,North Platte,NE,Plains,Public,2-year,Associate,,,937,0.1796,0.403,30829,13197,3600,4530,0.5378,9995,34852,40059,24240,57740,0.587,0.25,41.092717,-100.7715
Mid-State Technical College,Wisconsin Rapids,WI,Great Lakes,Public,2-year,Certificate,,,2288,0.2377,0.4536,25965,15840,5002,7171,0.5193,8000,39007,42253,25177,61295,0.652,0.189,44.391091,-89.783785
MidAmerica Nazarene University,Olathe,KS,Plains,Private nonprofit,4-year,Bachelor's,0.788,1048,983,0.3122,0.3225,45283,57355,37174,37174,0.5361,15000,57433,62972,38927,90384,0.741,0.238,38.875244,-94.781526
Middle Georgia State University,Macon,GA,Southeast,Public,4-year,Bachelor's,0.9968,1083,6574,0.4288,0.3563,27992,19617,5038,16390,0.2533,19000,39624,40863,24759,61811,0.639,0.465,32.808092,-83.732058
Middle Tennessee State University,Murfreesboro,TN,Southeast,Public,4-year,Bachelor's,0.6909,1121,16301,0.3177,0.3644,35325,24289,10266,31574,0.537,20000,39941,48541,30810,69704,0.728,0.412,35.848005,-86.360618
Middlebury College,Middlebury,VT,New England,Private nonprofit,4-year,Bachelor's,0.1075,1508,2738,0.1589,0.2157,57882,85880,67600,67600,0.914,13857,57291,76310,48442,124474,0.844,0.182,44.009117,-73.176068
Middlebury Institute of International Studies at Monterey,Monterey,CA,Far West,Private nonprofit,4-year,Bachelor's,,,4,0.4167,0.2157,57882,,,,,13857,57291,76310,48442,124474,0.844,0.182,36.599736,-121.897325
Middlesex College,Edison,NJ,Mid East,Public,2-year,Associate,,,8469,0.3249,0.5032,23554,10054,4764,7356,0.334,9750,37254,46861,24120,71712,0.675,0.208,40.504728,-74.366544
Middlesex Community College,Bedford,MA,New England,Public,2-year,Associate,,,5412,0.2,0.4976,27308,10342,6048,12120,0.2343,7291,40318,50651,29121,73366,0.657,0.144,42.524328,-71.274931
Midland College,Midland,TX,Southwest,Public,4-year,Certificate,,,5542,0.2121,0.5472,22124,12707,3180,6180,0.2315,10670,38470,43958,23400,70220,0.687,0.243,32.029646,-102.106153
Midland University,Fremont,NE,Plains,Private nonprofit,4-year,Bachelor's,0.6612,1086,1159,0.2806,0.3412,61980,55719,42050,42050,0.4212,26134,45145,52163,35105,71923,0.764,0.501,41.43674,-96.488008
Midlands Technical College,West Columbia,SC,Southeast,Public,2-year,Associate,,,7564,0.3727,0.3965,25792,14274,5100,14700,0.1793,12000,33067,38701,21433,57987,0.583,0.31,33.949325,-81.115761
Midway University,Midway,KY,Southeast,Private nonprofit,4-year,Bachelor's,0.9514,1122,1262,0.3195,0.4346,31774,48805,27220,27220,0.4069,21301,40738,44246,29241,65285,0.698,0.481,38.146126,-84.678142
Midwest College of Oriental Medicine-Racine,Racine,WI,Great Lakes,Private for-profit,4-year,Certificate,,,1,,,30309,,,,,,,44136,16563,72706,,,42.678051,-87.856679
Midwest College of Oriental Medicine-Skokie,Skokie,IL,Great Lakes,Private for-profit,4-year,Graduate,,,0,1.0,,30309,,,,,,,44136,16563,72706,,,42.044312,-87.754597
Midwest Institute,Earth City,MO,Plains,Private for-profit,2-year,Certificate,0.8718,,177,0.4958,0.4843,15823,,,,0.5455,9500,31483,30414,15407,42835,0.384,0.312,38.769983,-90.465613
Midwest Technical Institute-Illinois,Springfield,IL,Great Lakes,Private for-profit,Less than 2-year,Certificate,,,1326,0.653,0.513,16417,,,,0.6901,9500,30633,33601,17993,49314,0.555,0.283,39.840996,-89.595331
Midwest Technical Institute-Missouri,Springfield,MO,Plains,Private for-profit,Less than 2-year,Certificate,,,396,0.6473,0.513,16417,,,,0.8048,9500,30633,33601,17993,49314,0.555,0.283,37.147663,-93.256356
Midwestern Baptist Theological Seminary,Kansas City,MO,Plains,Private nonprofit,4-year,Bachelor's,0.964,,747,0.3008,,37100,29080,10120,10120,0.4828,15675,39712,50535,33088,65816,,0.31,39.185691,-94.573185
Midwestern Career College,Chicago,IL,Great Lakes,Private for-profit,2-year,Associate,,,887,0.4252,0.5295,16642,,,,0.536,7521,33475,36432,16789,54272,,0.206,41.886233,-87.632009
Midwestern State University,Wichita Falls,TX,Southwest,Public,4-year,Bachelor's,0.9352,,4087,0.4065,0.3818,41159,22652,10580,12530,0.4274,21030,46637,55747,37019,80113,0.771,0.377,33.874809,-98.519386
Mifflin County Academy of Science and Technology,Lewistown,PA,Mid East,Public,Less than 2-year,Certificate,,,56,0.6364,,24608,,,,0.619,,41578,47765,30038,65578,0.629,,40.605321,-77.554092
Milan Institute of Cosmetology-El Paso,El Paso,TX,Southwest,Private for-profit,Less than 2-year,Certificate,,,448,0.67,0.579,14392,,,,0.5379,6333,18829,22378,9957,38597,0.28,0.283,31.749325,-106.300156
Milan Institute of Cosmetology-Reno,Reno,NV,Far West,Private for-profit,Less than 2-year,Certificate,,,235,0.5787,0.579,14392,,,,0.7269,6333,18829,22378,9957,38597,0.28,0.283,39.485964,-119.788456
Milan Institute of Cosmetology-San Antonio Military,San Antonio,TX,Southwest,Private for-profit,Less than 2-year,Certificate,,,225,0.6995,0.579,14392,,,,0.548,6333,18829,22378,9957,38597,0.28,0.283,29.358241,-98.500738
Milan Institute of Cosmetology-Vacaville,Vacaville,CA,Far West,Private for-profit,Less than 2-year,Certificate,,,260,0.6699,0.579,14392,,,,0.5652,6333,18829,22378,9957,38597,0.28,0.283,38.370051,-121.960688
Milan Institute-Amarillo,Amarillo,TX,Southwest,Private for-profit,Less than 2-year,Certificate,,,271,0.7794,0.7199,15474,,,,0.6449,7702,28491,29491,15056,43124,0.449,0.261,35.185278,-101.916984
Milan Institute-Bakersfield,Bakersfield,CA,Far West,Private for-profit,Less than 2-year,Certificate,,,582,0.7004,0.5988,12561,,,,0.5913,6333,21450,24879,11469,40411,0.26,0.255,35.385513,-119.023088
Milan Institute-Clovis,Clovis,CA,Far West,Private for-profit,Less than 2-year,Certificate,,,560,0.6998,0.5988,12561,,,,0.6259,6333,21450,24879,11469,40411,0.26,0.255,36.810625,-119.725573
Milan Institute-Las Vegas,Las Vegas,NV,Far West,Private for-profit,Less than 2-year,Certificate,,,331,0.7012,0.5988,12561,,,,0.582,6333,21450,24879,11469,40411,0.26,0.255,36.14671,-115.171498
Milan Institute-Merced,Merced,CA,Far West,Private for-profit,Less than 2-year,Certificate,,,359,0.6495,0.5988,12561,,,,0.5467,6333,21450,24879,11469,40411,0.26,0.255,37.322518,-120.481067
Milan Institute-Palm Desert,Palm Desert,CA,Far West,Private for-profit,Less than 2-year,Certificate,,,356,0.6461,0.7199,15474,,,,0.4765,7702,28491,29491,15056,43124,0.449,0.261,33.783343,-116.353268
Milan Institute-San Antonio Ingram,San Antonio,TX,Southwest,Private for-profit,Less than 2-year,Certificate,,,379,0.7601,0.5988,12561,,,,0.617,6333,21450,24879,11469,40411,0.26,0.255,29.463767,-98.624719
Milan Institute-Sparks,Sparks,NV,Far West,Private for-profit,Less than 2-year,Certificate,,,171,0.6439,0.671,14636,,,,0.6234,8124,28817,32493,15177,44751,0.475,0.25,39.524564,-119.757909
Milan Institute-Visalia,Visalia,CA,Far West,Private for-profit,Less than 2-year,Certificate,,,635,0.7369,0.671,14636,,,,0.507,8124,28817,32493,15177,44751,0.475,0.25,36.27164,-119.312151
Mildred Elley School-Albany Campus,Albany,NY,Mid East,Private for-profit,2-year,Certificate,,,369,0.6208,0.5631,14910,31734,15865,15865,0.3714,19000,32300,38830,16014,62525,0.462,0.489,42.680833,-73.788615
Mildred Elley-New York Campus,New York,NY,Mid East,Private for-profit,2-year,Certificate,,,961,0.6853,0.5631,14910,33249,17926,17926,0.3205,19000,32300,38830,16014,62525,0.462,0.489,40.70563,-74.013948
Miles College,Fairfield,AL,Southeast,Private nonprofit,4-year,Bachelor's,,,1155,0.7194,0.4165,17702,21154,13314,13314,0.158,31217,25822,32627,17195,47772,0.51,0.957,33.482442,-86.908751
Miles Community College,Miles City,MT,Rocky Mountains,Public,2-year,Associate,,,332,0.206,0.3775,43108,17452,5818,10626,0.6174,11500,35912,42862,23773,63732,0.652,0.268,46.40526,-105.826524
Miller-Motte College-Arizona Automotive Institute,Glendale,AZ,Southwest,Private for-profit,2-year,Certificate,,,689,0.7333,0.5862,16310,,,,0.6066,15917,26349,31102,15775,47146,0.449,0.512,33.537249,-112.157344
Miller-Motte College-Augusta,Augusta,GA,Southeast,Private for-profit,2-year,Certificate,,,506,0.8131,0.5862,16310,,,,0.5896,15917,26349,31102,15775,47146,0.449,0.512,33.423915,-82.055083
Miller-Motte College-Berks Technical Institute,Wyomissing,PA,Mid East,Private for-profit,2-year,Certificate,,,544,0.6173,0.5862,16310,,,,0.7574,15917,26349,31102,15775,47146,0.449,0.512,40.344627,-75.978873
Miller-Motte College-Berks Technical Institute-Allentown,Allentown,PA,Mid East,Private for-profit,2-year,Certificate,,,285,0.6379,0.5862,16310,,,,0.8324,15917,26349,31102,15775,47146,0.449,0.512,40.64006,-75.448981
Miller-Motte College-Berks Technical Institute-Lewisburg,Lewisburg,PA,Mid East,Private for-profit,2-year,Certificate,,,126,0.6853,0.5862,16310,,,,0.6552,15917,26349,31102,15775,47146,0.449,0.512,40.98239,-76.885311
Miller-Motte College-Chattanooga,Chattanooga,TN,Southeast,Private for-profit,4-year,Associate,,,4462,0.8617,0.5862,16310,,,,0.601,15917,26349,31102,15775,47146,0.449,0.512,35.034287,-85.181925
Miller-Motte College-Columbus,Columbus,GA,Southeast,Private for-profit,2-year,Certificate,,,190,0.947,0.5862,16310,,,,0.1282,15917,26349,31102,15775,47146,0.449,0.512,32.479997,-84.935912
Miller-Motte College-Fayetteville,Fayetteville,NC,Southeast,Private for-profit,2-year,Certificate,,,336,0.7,0.5862,16310,,,,0.7767,15917,26349,31102,15775,47146,0.449,0.512,35.11096,-78.88167
Miller-Motte College-Jacksonville,Jacksonville,NC,Southeast,Private for-profit,2-year,Certificate,,,195,0.5602,0.5862,16310,,,,0.75,15917,26349,31102,15775,47146,0.449,0.512,34.797826,-77.432163
Miller-Motte College-Macon,Macon,GA,Southeast,Private for-profit,2-year,Certificate,,,230,0.9132,0.5862,16310,,,,0.1316,15917,26349,31102,15775,47146,0.449,0.512,32.897821,-83.687065
Miller-Motte College-Raleigh,Raleigh,NC,Southeast,Private for-profit,2-year,Certificate,,,409,0.8068,0.5862,16310,,,,0.79,15917,26349,31102,15775,47146,0.449,0.512,35.834569,-78.585676
Miller-Motte College-STVT-Arlington,Arlington,TX,Southwest,Private for-profit,Less than 2-year,Certificate,,,268,0.7013,0.5862,16310,,,,0.837,15917,26349,31102,15775,47146,0.449,0.512,32.708476,-97.060733
Miller-Motte College-STVT-Corpus Christi,Corpus Christi,TX,Southwest,Private for-profit,Less than 2-year,Certificate,,,533,0.827,0.5862,16310,,,,0.681,15917,26349,31102,15775,47146,0.449,0.512,27.739649,-97.433269
Miller-Motte College-STVT-McAllen,McAllen,TX,Southwest,Private for-profit,Less than 2-year,Certificate,,,546,0.7884,0.5862,16310,,,,0.7843,15917,26349,31102,15775,47146,0.449,0.512,26.188539,-98.238293
Miller-Motte College-STVT-San Antonio,San Antonio,TX,Southwest,Private for-profit,Less than 2-year,Certificate,,,762,0.7137,0.5862,16310,,,,0.6866,15917,26349,31102,15775,47146,0.449,0.512,29.35599,-98.4891
Miller-Motte College-Tulsa,Tulsa,OK,Southwest,Private for-profit,2-year,Associate,,,389,0.8419,0.5862,16310,,,,0.7333,15917,26349,31102,15775,47146,0.449,0.512,36.109468,-95.903824
Millersville University of Pennsylvania,Millersville,PA,Mid East,Public,4-year,Bachelor's,0.8619,1110,5728,0.2731,0.3473,66601,26913,11128,22952,0.5763,23507,44813,55246,37409,73479,0.796,0.425,40.000337,-76.357381
Milligan University,Milligan,TN,Southeast,Private nonprofit,4-year,Bachelor's,0.7229,1189,818,0.2398,0.3187,59022,52511,40450,40450,0.6343,25219,43168,46641,33603,70084,0.706,0.541,36.300147,-82.29407
Millikin University,Decatur,IL,Great Lakes,Private nonprofit,4-year,Bachelor's,0.6668,1034,1382,0.3757,0.3185,49741,57475,26892,26892,0.5494,27000,43100,51262,33474,72474,0.811,0.527,39.842612,-88.976298
Millsaps College,Jackson,MS,Southeast,Private nonprofit,4-year,Bachelor's,0.4312,1181,549,0.3694,0.1672,65694,60061,44680,44680,0.5714,27000,46137,53848,36701,83784,0.801,0.501,32.322746,-90.179957
Milwaukee Area Technical College,Milwaukee,WI,Great Lakes,Public,2-year,Certificate,,,12024,0.3998,0.4901,21120,17359,5184,7427,0.2458,14955,33057,41113,22309,60024,0.61,0.364,43.04359,-87.920818
Milwaukee Career College,Milwaukee,WI,Great Lakes,Private for-profit,2-year,Certificate,0.7286,,67,0.9198,0.5216,18732,,,,0.4412,7046,30088,28355,12969,42010,,0.248,43.074192,-88.048714
Milwaukee Institute of Art & Design,Milwaukee,WI,Great Lakes,Private nonprofit,4-year,Bachelor's,0.6054,,837,0.3729,0.3006,48419,53528,43743,43743,0.6695,27000,29841,41174,22588,62110,0.626,0.656,43.030917,-87.907925
Milwaukee School of Engineering,Milwaukee,WI,Great Lakes,Private nonprofit,4-year,Bachelor's,0.5893,,2654,0.2417,0.236,68352,62648,50480,50480,0.6711,27000,75114,89070,66120,109311,0.901,0.303,43.045364,-87.907691
Mineral Area College,Park Hills,MO,Plains,Public,2-year,Associate,,,1592,0.3223,0.5329,25075,18497,5660,8570,0.4909,10500,31300,35352,21297,52043,0.535,0.297,37.845199,-90.481847
Mineral County Vocational Technical Center,Keyser,WV,Southeast,Public,Less than 2-year,Certificate,,,14,0.3939,,18815,,,,0.5789,,,46022,27505,50156,,,39.427976,-78.987462
Minneapolis College of Art and Design,Minneapolis,MN,Plains,Private nonprofit,4-year,Bachelor's,0.4848,1161,705,0.4211,0.2083,52219,59972,45484,45484,0.5116,27000,35198,40873,23889,59320,0.644,0.661,44.956988,-93.274705
Minneapolis Community and Technical College,Minneapolis,MN,Plains,Public,2-year,Certificate,,,5268,0.4012,0.387,19886,19683,6161,6161,0.1958,17954,32872,40086,17339,62236,0.612,0.448,44.972679,-93.284507
Minnesota North College,Hibbing,MN,Plains,Public,2-year,Associate,,,2013,0.3106,0.337,29958,16346,6022,6022,0.4161,12000,38107,45570,27113,67803,0.666,0.263,47.422361,-92.921698
Minnesota North College - Itasca,Grand Rapids,MN,Plains,Public,2-year,Not classified,,,,,0.337,29958,,6022,6022,,12000,38107,45570,27113,67803,0.666,0.263,,
Minnesota North College - Mesabi Range Eveleth,Eveleth,MN,Plains,Public,2-year,Not classified,,,,,0.337,29958,,6022,6022,,12000,38107,45570,27113,67803,0.666,0.263,,
Minnesota North College - Mesabi Range Virginia,Virginia,MN,Plains,Public,2-year,Not classified,,,,,0.337,29958,,6022,6022,,12000,38107,45570,27113,67803,0.666,0.263,,
Minnesota North College - Rainy River,International Falls,MN,Plains,Public,2-year,Not classified,,,,,0.337,29958,,6022,6022,,12000,38107,45570,27113,67803,0.666,0.263,,
Minnesota North College - Vermilion,Ely,MN,Plains,Public,2-year,Not classified,,,,,0.337,29958,,6022,6022,,12000,38107,45570,27113,67803,0.666,0.263,,
Minnesota State College Southeast,Winona,MN,Plains,Public,2-year,Certificate,,,1388,0.2515,0.3452,32210,21397,6432,6432,0.4747,12971,42376,43613,26454,63715,0.657,0.297,44.024554,-91.618318
Minnesota State CollegeSoutheast-Red Wing Campus,Red Wing,MN,Plains,Public,2-year,Not classified,,,,,0.3452,32210,,6432,6432,,12971,42376,43613,26454,63715,0.657,0.297,,
Minnesota State Community and Technical College,Fergus Falls,MN,Plains,Public,2-year,Associate,,,2942,0.2482,0.3007,32398,17194,5908,5908,0.4664,12000,41829,45591,27741,65116,0.672,0.263,46.289194,-96.097321
Minnesota State University Moorhead,Moorhead,MN,Plains,Public,4-year,Bachelor's,0.5876,1090,3072,0.2795,0.2014,64366,25197,10428,10428,0.5732,20000,45873,50527,35574,69031,0.779,0.396,46.867153,-96.759532
Minnesota State University-Mankato,Mankato,MN,Plains,Public,4-year,Bachelor's,0.8844,1150,11703,0.2096,0.2421,68513,23995,9572,18942,0.5395,21106,50098,56922,40047,77949,0.822,0.371,44.146712,-93.99945
Minnesota West Community and Technical College,Granite Falls,MN,Plains,Public,2-year,Certificate,,,1762,0.1632,0.3657,31859,17408,6491,6491,0.5155,10987,39894,45285,27692,65929,0.667,0.243,44.80755,-95.56172
Minot State University,Minot,ND,Plains,Public,4-year,Bachelor's,0.6462,1051,2062,0.2445,0.3472,51786,19339,8702,8702,0.4505,19609,46214,51759,34033,71413,0.724,0.379,48.246961,-101.29861
MiraCosta College,Oceanside,CA,Far West,Public,4-year,Associate,,,10278,0.2738,0.5097,19811,15531,1158,9750,0.4111,9000,37965,43845,22652,64861,0.575,0.205,33.190483,-117.302606
MiraCosta College - San Elijo Campus,Cardiff,CA,Far West,Public,4-year,Not classified,,,,,0.5097,19811,,1158,9750,,9000,37965,43845,22652,64861,0.575,0.205,,
Mirrer Yeshiva Cent Institute,Brooklyn,NY,Mid East,Private nonprofit,4-year,Associate,0.8929,,120,0.3585,,26399,20614,13600,13600,0.7273,,,41192,15273,58941,,,40.605043,-73.966049
Misericordia University,Dallas,PA,Mid East,Private nonprofit,4-year,Bachelor's,0.7093,,1672,0.2719,0.2994,69527,53648,40370,40370,0.7171,26973,55910,64313,42783,86275,0.85,0.419,41.345277,-75.971541
Mission College,Santa Clara,CA,Far West,Public,2-year,Associate,,,5784,0.1585,0.5602,15691,13744,1438,12500,0.3918,,44004,50936,22795,83348,0.603,,37.391935,-121.980783
Mission University,Springfield,MO,Plains,Private nonprofit,4-year,Bachelor's,,,381,0.5585,,51313,28448,16950,16950,0.4444,26168,30600,38641,25006,52102,0.568,0.677,37.239696,-93.284286
Mississippi Barber Academy,Jackson,MS,Southeast,Private for-profit,Less than 2-year,Certificate,,,71,0.8534,0.6,14124,,,,0.7778,6786,16877,22284,12923,35079,0.276,0.305,32.376376,-90.147044
Mississippi Christian University,Clinton,MS,Southeast,Private nonprofit,4-year,Bachelor's,0.2911,1090,2518,0.2964,0.2567,39014,41214,23500,23500,0.5934,22500,42011,47485,30526,70680,0.744,0.474,32.335515,-90.329821
Mississippi Delta Community College,Moorhead,MS,Southeast,Public,2-year,Associate,,,1413,0.4605,0.4243,14180,11379,3540,3540,0.3118,,24324,28421,15170,45091,0.456,,33.444906,-90.502053
Mississippi Gulf Coast Community College,Perkinston,MS,Southeast,Public,2-year,Associate,,,6353,0.3921,0.4351,20532,12978,4250,7850,0.4754,10000,28421,33017,16481,52584,0.541,0.303,30.780784,-89.142952
Mississippi Institute of Aesthetics Nails & Cosmetology,Clinton,MS,Southeast,Private for-profit,Less than 2-year,Certificate,,,77,0.3615,,16399,,,,0.6667,,19988,28148,9973,39494,,,32.330039,-90.327649
Mississippi State University,Mississippi State,MS,Southeast,Public,4-year,Bachelor's,0.7764,1219,18397,0.2933,0.2486,38988,29267,10202,27637,0.6667,22142,43487,51513,33648,77474,0.777,0.43,33.454852,-88.790139
Mississippi University for Women,Columbus,MS,Southeast,Public,4-year,Bachelor's,0.9031,1090,1605,0.403,0.3705,28585,22225,8492,8492,0.4677,15000,47458,46128,30451,71918,0.674,0.325,33.493305,-88.418601
Mississippi Valley State University,Itta Bena,MS,Southeast,Public,4-year,Bachelor's,0.9238,870,1439,0.5636,0.4263,16762,21154,7692,7692,0.2676,28413,25817,31919,20156,47197,0.449,0.89,33.514142,-90.341274
Missouri Baptist University,Saint Louis,MO,Plains,Private nonprofit,4-year,Bachelor's,0.686,910,1488,0.1113,0.3589,40503,49257,34612,34612,0.4758,22500,38997,46660,33739,66153,0.725,0.482,38.641526,-90.462586
Missouri College of Cosmetology and Esthetics,Jefferson City,MO,Plains,Private for-profit,Less than 2-year,Certificate,,,97,0.5352,0.4706,18876,,,,0.7949,7671,22997,26738,14711,35691,0.461,0.287,38.571057,-92.198801
Missouri Southern State University,Joplin,MO,Plains,Public,4-year,Bachelor's,0.9703,1065,3019,0.3402,0.4522,33600,19568,8960,17080,0.4158,19174,37866,42620,27146,61890,0.669,0.45,37.095155,-94.461689
Missouri State University-Springfield,Springfield,MO,Plains,Public,4-year,Bachelor's,0.9053,1122,13313,0.2201,0.3226,48636,25048,9502,18770,0.5791,21992,40553,49827,33755,71692,0.749,0.441,37.199258,-93.281281
Missouri State University-West Plains,West Plains,MO,Plains,Public,2-year,Associate,,,965,0.2932,0.4881,23379,16592,5936,8106,0.406,10000,30926,36922,23024,52568,0.547,0.271,36.729574,-91.857838
Missouri University of Science and Technology,Rolla,MO,Plains,Public,4-year,Bachelor's,0.7255,1317,5521,0.2279,0.2249,68139,29231,14984,33248,0.6437,23250,69295,82957,53687,106938,0.856,0.28,37.954444,-91.77311
Missouri Valley College,Marshall,MO,Plains,Private nonprofit,4-year,Bachelor's,0.6918,974,1443,0.32,0.4009,36615,37899,23700,23700,0.2244,25950,36902,43221,26201,62900,0.688,0.6,39.108522,-93.190654
Missouri Western State University,Saint Joseph,MO,Plains,Public,4-year,Bachelor's,,,2219,0.2844,0.3969,36641,21595,10306,20866,0.3854,19968,37499,42647,26153,62659,0.667,0.468,39.7575,-94.785643
Mitchell College,New London,CT,New England,Private nonprofit,4-year,Bachelor's,0.9466,,377,0.3828,0.3516,55060,55621,40490,40490,0.4218,25150,35330,39115,17742,57365,0.609,0.643,41.328013,-72.09523
Mitchell Community College,Statesville,NC,Southeast,Public,2-year,Associate,,,1948,0.1941,0.4906,20011,16661,2641,8785,0.2792,,29663,33298,16742,50931,0.463,,35.782814,-80.894083
Mitchell Technical College,Mitchell,SD,Plains,Public,2-year,Associate,,,990,0.3233,0.3228,50924,16994,7524,7524,0.7626,12000,47849,50743,31789,78287,0.715,0.236,43.688663,-98.002505
Moberly Area Community College,Moberly,MO,Plains,Public,2-year,Associate,,,3100,0.2493,0.4128,25984,14134,4110,8640,0.4421,10658,33563,37537,21379,54662,0.6,0.284,39.418607,-92.455064
Model College of Hair Design,Saint Cloud,MN,Plains,Private for-profit,Less than 2-year,Certificate,,,199,0.3944,0.2963,43665,,,,0.614,7139,29411,25410,14997,39498,0.407,0.281,45.55773,-94.159447
Modern Beauty Academy,Oxnard,CA,Far West,Private for-profit,Less than 2-year,Certificate,,,90,0.3443,,23985,,,,0.8,,21766,22477,8620,39615,0.393,,34.195384,-119.181423
Modern Hairstyling Institute-Arecibo,Arecibo,PR,Outlying Areas,Private for-profit,Less than 2-year,Certificate,0.74,,76,0.957,0.2927,0,,,,0.8108,,16310,15266,8092,26753,0.161,,18.47582,-66.754059
Modern Hairstyling Institute-Bayamon,Bayamon,PR,Outlying Areas,Private for-profit,Less than 2-year,Certificate,,,156,1.0,0.7638,0,,,,0.8043,,14643,17105,7331,29646,0.169,,18.400061,-66.155872
Modern Hairstyling Institute-Carolina,Carolina,PR,Outlying Areas,Private for-profit,Less than 2-year,Certificate,0.8958,,189,1.0,0.5217,0,,,,0.793,,14542,17666,6597,33467,0.185,,18.379812,-65.963611
Modern Technology School,Fountain Valley,CA,Far West,Private for-profit,2-year,Certificate,,,101,0.26,0.5081,22224,,,,0.7547,14875,46631,50667,30083,74914,0.653,0.294,33.723142,-117.918837
Modern Welding School,Schenectady,NY,Mid East,Private for-profit,Less than 2-year,Certificate,,,58,0.4186,0.3261,30834,,,,0.9412,,49310,48703,33018,72482,0.654,,42.779193,-73.903157
Modesto Junior College,Modesto,CA,Far West,Public,4-year,Associate,,,15109,0.3179,0.5986,16410,11487,1282,9264,0.2957,,34568,42368,21726,67363,0.551,,37.651056,-121.009792
Mohave Community College,Kingman,AZ,Southwest,Public,2-year,Certificate,,,3216,0.3607,0.5361,19727,11837,2208,7968,0.3818,9700,33428,35522,19358,55127,0.545,0.273,35.270996,-114.029838
Mohawk Valley Community College,Utica,NY,Mid East,Public,2-year,Associate,,,2950,0.3108,0.4254,24882,16656,6218,8851,0.3791,11000,34414,39850,22867,58484,0.602,0.276,43.076765,-75.219367
Moler Barber College,Oakland,CA,Far West,Private for-profit,Less than 2-year,Certificate,,,411,0.6549,0.5314,4800,,,,0.2255,10556,19893,15204,,,,0.694,37.805501,-122.294723
Moler Hollywood Beauty Academy,Cincinnati,OH,Great Lakes,Private for-profit,2-year,Certificate,,,73,0.9359,0.4681,10126,,,,0.7083,6333,11880,17832,8022,32439,0.19,0.355,39.182803,-84.425549
Moler-Pickens Beauty Academy,Fairfield,OH,Great Lakes,Private for-profit,2-year,Certificate,,,88,0.6239,,14196,,,,0.9583,6312,24487,22137,10530,36076,0.326,0.285,39.317488,-84.499701
Molloy University,Rockville Centre,NY,Mid East,Private nonprofit,4-year,Bachelor's,0.8174,1187,3162,0.3366,0.353,60092,50720,39790,39790,0.6993,27000,78372,77789,48859,114622,0.843,0.347,40.685941,-73.626183
Monmouth College,Monmouth,IL,Great Lakes,Private nonprofit,4-year,Bachelor's,0.9093,1128,702,0.3714,0.3224,59988,57157,44922,44922,0.6461,27000,43158,51110,33309,69258,0.777,0.528,40.914824,-90.63731
Monmouth University,West Long Branch,NJ,Mid East,Private nonprofit,4-year,Bachelor's,0.8902,1223,3684,0.3045,0.3231,73885,62904,46552,46552,0.719,27000,55825,67991,48950,95681,0.817,0.397,40.280066,-74.006447
Monmouth University -  Monmouth Park Corporate Center,West Long Branch,NJ,Mid East,Private nonprofit,4-year,Not classified,,,,,0.3231,73885,,,,,27000,55825,67991,48950,95681,0.817,0.397,,
Monongalia County Technical Education Center,Morgantown,WV,Southeast,Public,Less than 2-year,Certificate,0.5833,,43,0.4857,,17246,,,,0.68,,37333,40499,22880,70295,0.558,,39.611165,-79.957275
Monroe Community College,Rochester,NY,Mid East,Public,2-year,Associate,,,7623,0.5042,0.3916,25288,14606,6006,11056,0.2669,9750,34495,40174,22254,59746,0.628,0.243,43.101036,-77.610136
Monroe County Community College,Monroe,MI,Great Lakes,Public,2-year,Associate,,,1435,0.2433,0.4792,26854,10465,4759,8267,0.3412,12296,36394,41646,22144,65997,0.578,0.295,41.91617,-83.470274
Monroe University,Bronx,NY,Mid East,Private for-profit,4-year,Associate,0.6751,,5701,0.5508,0.4907,19090,28285,18464,18464,0.5655,18818,36973,41236,19057,63007,0.548,0.456,40.864459,-73.900215
Montana Academy of Salons,Great Falls,MT,Rocky Mountains,Private for-profit,Less than 2-year,Certificate,,,126,0.3434,0.4556,18964,,,,0.6696,9833,21826,28841,14611,39948,,0.341,47.49941,-111.303922
Montana State University,Bozeman,MT,Rocky Mountains,Public,4-year,Bachelor's,0.8214,1183,14451,0.1639,0.2332,56045,25905,8460,33287,0.5708,22500,44757,53263,31991,78911,0.744,0.422,45.666726,-111.048812
Montana State University Billings,Billings,MT,Rocky Mountains,Public,4-year,Bachelor's,,,2626,0.2544,0.3845,34882,20054,7280,22897,0.3004,18209,39531,44296,25006,65133,0.669,0.411,45.796896,-108.523009
Montana State University-Northern,Havre,MT,Rocky Mountains,Public,4-year,Bachelor's,,,761,0.3309,0.3438,35266,16578,6982,21875,0.4111,18500,45045,49505,28299,78174,0.691,0.374,48.54149,-109.687806
Montana Technological University,Butte,MT,Rocky Mountains,Public,4-year,Bachelor's,0.9105,1126,1480,0.2376,0.3373,38398,22786,8340,26150,0.5824,18750,48356,54329,31114,82037,0.747,0.345,46.012868,-112.559511
Montcalm Community College,Sidney,MI,Great Lakes,Public,2-year,Associate,,,1122,0.3043,0.4846,24720,12702,4662,10362,0.3061,16500,32490,35499,18970,52313,0.551,0.465,43.253191,-85.100181
Montclair State University,Montclair,NJ,Mid East,Public,4-year,Bachelor's,0.8789,1070,18376,0.4699,0.4124,40178,28305,15912,26022,0.6466,22000,47944,61415,38809,84277,0.799,0.358,40.860414,-74.198141
Monterey Peninsula College,Monterey,CA,Far West,Public,2-year,Associate,,,5624,0.1887,0.5387,20553,19605,1188,10572,0.3971,,34496,42176,20949,66996,0.567,,36.590558,-121.884931
Montessori Education Center of the Rockies,Denver,CO,Rocky Mountains,Private nonprofit,4-year,Certificate,1.0,,10,0.125,,38843,,,,0.8333,,24368,44643,34067,57474,,,39.762942,-104.943415
Montgomery Beauty School,Silver Spring,MD,Mid East,Private for-profit,Less than 2-year,Certificate,,,101,0.4897,0.7126,11688,,,,0.5,11845,15277,18726,9246,40165,0.313,0.633,38.999622,-77.001966
Montgomery Beauty School-Baltimore Beauty & Barber School,Baltimore,MD,Mid East,Private for-profit,Less than 2-year,Certificate,,,242,0.375,0.7126,11688,,,,,11845,15277,18726,9246,40165,0.313,0.633,39.33627,-76.485069
Montgomery College,Rockville,MD,Mid East,Public,2-year,Associate,,,13773,0.27,0.4362,26000,15298,5394,14250,0.3244,10415,38251,50159,26375,77215,0.722,0.208,39.098656,-77.15929
Montgomery Community College,Troy,NC,Southeast,Public,2-year,Certificate,,,852,0.3318,0.4525,20533,17669,2538,8682,0.8387,,36166,32742,19718,47673,0.488,,35.367107,-79.870005
Montgomery County Community College,Blue Bell,PA,Mid East,Public,2-year,Associate,,,7301,0.2904,0.431,30536,16233,6690,17250,0.2787,12349,37237,46108,24260,69180,0.678,0.268,40.175609,-75.276093
Montreat College,Montreat,NC,Southeast,Private nonprofit,4-year,Bachelor's,0.692,,762,0.3913,0.3034,43222,47133,36450,36450,0.5031,25813,39763,45151,26234,68021,0.686,0.572,35.646577,-82.2976
Montserrat College of Art,Beverly,MA,New England,Private nonprofit,4-year,Bachelor's,,,226,0.35,0.3276,52409,58616,40690,40690,0.5347,27000,24780,33022,,44796,0.605,0.818,42.550212,-70.876131
Moody Bible Institute,Chicago,IL,Great Lakes,Private nonprofit,4-year,Bachelor's,0.8269,,1510,0.3627,0.2809,27275,34327,15786,15786,0.6233,18149,40210,45399,26858,66567,,0.4,41.897822,-87.633459
Moody Bible Institute - Spokane,Spokane,WA,Far West,Private nonprofit,4-year,Not classified,,,,,0.2809,27275,,14784,14784,,18149,40210,45399,26858,66567,,0.4,,
Moody Theological Seminary and Graduate School--Michigan,Plymouth,MI,Great Lakes,Private nonprofit,4-year,Not classified,,,,,0.2809,27275,,,,,18149,40210,45399,26858,66567,,0.4,,
Moore College of Art and Design,Philadelphia,PA,Mid East,Private nonprofit,4-year,Bachelor's,0.5646,1282,535,0.4333,0.314,55988,71327,52812,52812,0.5714,26000,30512,37839,22123,57012,0.642,0.687,39.957078,-75.172105
Moore Norman Technology Center,Norman,OK,Southwest,Public,2-year,Certificate,,,419,0.084,0.445,18696,,,,0.913,,33271,34000,17297,53874,0.526,,35.274434,-97.457319
Moorpark College,Moorpark,CA,Far West,Public,4-year,Associate,,,12082,0.1822,0.4642,20700,8015,1426,9615,0.4354,9500,37374,49044,25065,78885,0.626,0.194,34.301146,-118.834528
Moraine Park Technical College,Fond du Lac,WI,Great Lakes,Public,2-year,Certificate,,,2464,0.1719,0.5306,32896,14583,4819,7084,0.5753,8225,42097,44371,28028,62297,0.671,0.185,43.785224,-88.417656
Moraine Valley Community College,Palos Hills,IL,Great Lakes,Public,2-year,Certificate,,,7490,0.2834,0.4905,24460,13971,3822,9846,0.3981,9500,34943,43892,22728,67636,0.621,0.216,41.694613,-87.836915
Moravian University,Bethlehem,PA,Mid East,Private nonprofit,4-year,Bachelor's,0.5417,1183,1949,0.319,0.2921,71944,65601,53500,53500,0.7169,26793,53471,61860,44318,87384,0.825,0.433,40.630947,-75.383638
Morehead State University,Morehead,KY,Southeast,Public,4-year,Bachelor's,0.7721,,4578,0.2955,0.4142,35407,21961,10024,14980,0.5219,22250,37131,43197,27519,63693,0.615,0.515,38.186768,-83.434021
Morehouse College,Atlanta,GA,Southeast,Private nonprofit,4-year,Bachelor's,0.4396,1090,2844,0.4467,0.1972,39421,51433,32893,32893,0.5944,25000,38267,52889,29053,82328,0.706,0.473,33.745982,-84.414917
Moreno Valley College,Moreno Valley,CA,Far West,Public,2-year,Associate,,,9346,0.2176,0.578,17704,15934,1428,12498,0.3364,,31830,52133,29983,83687,,,33.88744,-117.20271
Morgan Community College,Fort  Morgan,CO,Rocky Mountains,Public,4-year,Certificate,,,634,0.1853,0.4961,27017,17497,4252,16852,0.4458,8501,37293,39429,19533,60969,0.557,0.216,40.258792,-103.771822
Morgan State University,Baltimore,MD,Mid East,Public,4-year,Bachelor's,0.8223,971,9019,0.5655,0.331,36276,25413,8229,19124,0.4087,27250,40065,50698,27900,75737,0.709,0.537,39.344161,-76.585565
Morgantown Beauty College Inc,Morgantown,WV,Southeast,Private for-profit,2-year,Certificate,,,68,0.5276,0.4593,26604,,,,0.7222,6365,21195,22230,11485,39710,,0.286,39.628866,-79.954593
Morningside University,Sioux City,IA,Plains,Private nonprofit,4-year,Bachelor's,0.7104,,1163,0.3387,0.2346,71162,52577,39660,39660,0.5014,26028,47687,55494,38502,76503,0.823,0.469,42.473891,-96.359464
Morris College,Sumter,SC,Southeast,Private nonprofit,4-year,Bachelor's,,,383,0.9554,0.4,18311,30148,16664,16664,0.1735,31400,24250,30614,17343,42409,0.448,1.026,33.938574,-80.346155
Morris County Vocational School District,Denville,NJ,Mid East,Public,Less than 2-year,Certificate,1.0,,36,0.3519,0.6346,31930,,,,0.8846,,59654,47174,,66117,,,40.877531,-74.479263
Morrison Institute of Technology,Morrison,IL,Great Lakes,Private nonprofit,2-year,Associate,,,59,0.5,,46201,30436,20355,20355,0.8966,12000,46238,63571,48142,77529,0.825,0.189,41.7971,-89.965963
Morton College,Cicero,IL,Great Lakes,Public,2-year,Associate,,,2640,0.3655,0.6692,24000,12801,5502,12414,0.3088,8000,34053,42406,24204,63245,0.611,0.189,41.824303,-87.762306
Motlow State Community College,Tullahoma,TN,Southeast,Public,2-year,Associate,,,3962,0.2821,0.5164,26000,24326,4738,17722,0.3356,,35751,40397,21840,57391,0.565,,35.365903,-86.299184
MotoRing Technical Training Institute,East Providence,RI,New England,Private for-profit,Less than 2-year,Certificate,,,124,0.3133,0.5171,19612,,,,0.9462,9500,42100,48281,27509,64466,0.571,0.197,41.81866,-71.384761
Motoring Technical Training Institute,Seekonk,MA,New England,Private for-profit,Less than 2-year,Certificate,,,312,0.4956,0.5171,19612,,,,0.8921,9500,42100,48281,27509,64466,0.571,0.197,41.791885,-71.324909
Mott Community College,Flint,MI,Great Lakes,Public,2-year,Associate,,,5251,0.4209,0.4029,21434,15460,6845,11460,0.3189,13000,27146,32538,15045,52285,0.494,0.4,43.019941,-83.67243
Mount Aloysius College,Cresson,PA,Mid East,Private nonprofit,4-year,Bachelor's,0.8205,1070,1094,0.1543,0.4205,47792,40435,27072,27072,0.5691,24287,45211,46165,29237,67394,0.739,0.526,40.459679,-78.600898
Mount Angel Seminary,Saint Benedict,OR,Far West,Private nonprofit,4-year,Bachelor's,1.0,,38,0.1765,,,,31490,31490,0.5,,,57436,,84173,,,45.057871,-122.775405
Mount Carmel College of Nursing,Columbus,OH,Great Lakes,Private nonprofit,4-year,Bachelor's,0.8429,,532,0.327,0.3941,57843,21446,22080,22080,0.5385,22082,68161,75103,50015,95125,0.885,0.294,39.956625,-83.021501
Mount Carmel College of Nursing - Fairfield,Lancaster,OH,Great Lakes,Private nonprofit,4-year,Not classified,,,,,0.3941,57843,,22080,22080,,22082,68161,75103,50015,95125,0.885,0.294,,
Mount Holyoke College,South Hadley,MA,New England,Private nonprofit,4-year,Bachelor's,0.3603,1463,2169,0.2189,0.1896,68909,84926,67018,67018,0.8439,22902,48590,58418,36010,77587,0.825,0.392,42.25489,-72.573916
Mount Marty University,Yankton,SD,Plains,Private nonprofit,4-year,Bachelor's,0.4257,1120,697,0.2235,0.3203,57420,48247,34600,34600,0.5238,26396,46984,48179,33381,69519,0.717,0.548,42.874475,-97.409904
Mount Mary University,Milwaukee,WI,Great Lakes,Private nonprofit,4-year,Bachelor's,0.6233,1020,631,0.5941,0.3933,31190,49270,35420,35420,0.4296,25288,40421,48745,32376,66929,0.757,0.519,43.072507,-88.030732
Mount Mercy University,Cedar Rapids,IA,Plains,Private nonprofit,4-year,Bachelor's,0.8252,,1107,0.2667,0.2882,50312,55054,40878,40878,0.5774,23699,52871,60787,44476,83487,0.843,0.39,42.001931,-91.650991
Mount Saint Mary College,Newburgh,NY,Mid East,Private nonprofit,4-year,Bachelor's,0.8888,1150,1148,0.2225,0.3715,63908,55014,43450,43450,0.6546,26007,59588,67705,45807,91272,0.785,0.384,41.513872,-74.012655
Mount Saint Mary's University,Los Angeles,CA,Far West,Private nonprofit,4-year,Bachelor's,0.7313,,1719,0.571,0.4973,35520,66726,49564,49564,0.5325,25949,61335,72379,44640,114343,0.798,0.359,34.085315,-118.482879
Mount Saint Mary's University - Doheny Campus,Los Angeles,CA,Far West,Private nonprofit,4-year,Not classified,,,,,0.4973,35520,,49564,49564,,25949,61335,72379,44640,114343,0.798,0.359,,
Mount Sinai Phillips School of Nursing,New York,NY,Mid East,Private nonprofit,4-year,Bachelor's,,,311,0.0073,0.369,37001,,,,1.0,19750,99344,96980,56737,135144,0.9,0.204,40.804778,-73.936639
Mount St. Joseph University,Cincinnati,OH,Great Lakes,Private nonprofit,4-year,Bachelor's,0.5912,1183,1129,0.3031,0.3781,52331,46719,38150,38150,0.5633,26827,43595,51509,35014,72607,0.791,0.521,39.095893,-84.639453
Mount St. Mary's University,Emmitsburg,MD,Mid East,Private nonprofit,4-year,Bachelor's,0.7381,1176,1768,0.3113,0.2327,82574,63731,48630,48630,0.6539,25391,48915,64072,45644,92305,0.85,0.396,39.681705,-77.351887
Mount Vernon Nazarene University,Mount Vernon,OH,Great Lakes,Private nonprofit,4-year,Bachelor's,0.8415,1131,1358,0.3029,0.3759,55970,49858,37158,37158,0.6811,25000,43046,49555,32952,71693,0.749,0.504,40.372901,-82.471074
Mount Wachusett Community College,Gardner,MA,New England,Public,2-year,Associate,,,3059,0.4391,0.4831,27199,15487,6160,11080,0.2381,10252,37314,41118,22360,60797,0.615,0.249,42.593142,-71.984148
Mountain Empire Community College,Big Stone Gap,VA,Southeast,Public,2-year,Certificate,,,1282,0.4337,0.5711,14888,15605,5007,11445,0.48,,30368,32622,18506,47785,0.445,,36.854421,-82.758277
Mountain Gateway Community College,Clifton Forge,VA,Southeast,Public,2-year,Certificate,,,425,0.2675,0.4939,28756,12565,5022,11460,0.3772,9182,29997,34293,18395,52948,0.566,0.268,37.812275,-79.852536
Mountain State School of Massage,Charleston,WV,Southeast,Private for-profit,Less than 2-year,Certificate,,,32,0.9091,,18838,,,,1.0,,,27545,12630,35963,,,38.317659,-81.579417
Mountainland Technical College,Lehi,UT,Rocky Mountains,Public,Less than 2-year,Certificate,,,2774,0.0856,0.3656,22616,,,,0.84,,35486,31963,11812,53367,,,40.419941,-111.886031
Mountwest Community and Technical College,Huntington,WV,Southeast,Public,2-year,Associate,,,1160,0.4215,0.5185,19933,15667,4938,12304,0.1905,7446,28245,28951,13902,47079,,0.257,38.392635,-82.458186
Mr Wayne's School of Unisex Hair Design,Cookeville,TN,Southeast,Private for-profit,Less than 2-year,Certificate,,,20,0.7241,0.5294,17239,,,,0.7429,,,23696,,36310,,,36.158772,-85.512381
Ms Roberts Academy of Beauty Culture,Hillside,IL,Great Lakes,Private for-profit,Less than 2-year,Certificate,,,52,0.2524,,,,,,0.4375,,,24535,8237,39657,,,41.881179,-87.884693
Mt Hood Community College,Gresham,OR,Far West,Public,4-year,Associate,,,3856,0.2394,0.4813,23118,17462,5247,9819,0.2368,13667,36246,41125,20593,62679,0.626,0.332,45.514862,-122.396972
Mt San Antonio College,Walnut,CA,Far West,Public,2-year,Associate,,,26140,0.3524,0.5494,19497,15701,1364,10464,0.4467,5880,34928,46283,24186,72797,0.633,0.127,34.047764,-117.846629
Mt San Jacinto Community College District,San Jacinto,CA,Far West,Public,2-year,Associate,,,15259,0.3499,0.5196,17826,14257,1448,12728,0.3552,,31078,38319,17848,61640,0.529,,33.806748,-116.971169
Mt. Diablo Adult Education-Mt. Diablo USD,Concord,CA,Far West,Public,Less than 2-year,Certificate,,,172,0.303,0.6,19000,,,,0.8049,,34310,40175,19693,62858,0.545,,37.968852,-122.026805
Muhlenberg College,Allentown,PA,Mid East,Private nonprofit,4-year,Bachelor's,0.7199,1343,1727,0.212,0.1577,105406,77270,62805,62805,0.8223,25455,53265,69107,43599,98673,0.853,0.368,40.596416,-75.508502
Murray State College,Tishomingo,OK,Southwest,Public,4-year,Associate,,,1786,0.2867,0.5573,26278,20726,7230,11430,0.2713,13387,33903,36545,19206,56591,0.577,0.366,34.222949,-96.677906
Murray State University,Murray,KY,Southeast,Public,4-year,Bachelor's,0.8568,1133,6688,0.3332,0.3396,46064,23485,9900,19836,0.6132,20500,38473,44737,30046,66231,0.701,0.458,36.612419,-88.323629
Musicians Institute,Hollywood,CA,Far West,Private for-profit,4-year,Certificate,0.7795,,759,0.1987,0.3412,23802,52369,34322,34322,0.5281,,24962,32778,11610,56445,0.532,,34.101265,-118.337582
Muskegon Community College,Muskegon,MI,Great Lakes,Public,2-year,Associate,,,2760,0.2914,0.4171,25197,12178,7250,16010,0.2848,9125,31662,36549,18602,54797,0.554,0.25,43.250329,-86.196384
Muskingum University,New Concord,OH,Great Lakes,Private nonprofit,4-year,Bachelor's,0.8184,1017,1376,0.3911,0.3565,48426,44658,32665,32665,0.5637,25369,40536,48440,35354,65242,0.752,0.524,39.996585,-81.737127
My Le's Beauty College,Gretna,LA,Southeast,Private for-profit,Less than 2-year,Certificate,,,110,0.8742,0.5094,12152,,,,0.8547,,15755,18946,9320,31791,,,29.902428,-90.029931
My Le's Beauty College,Sacramento,CA,Far West,Private for-profit,Less than 2-year,Certificate,,,150,0.2305,,6911,,,,0.9657,,8758,15070,6416,32038,0.209,,38.494851,-121.452325
MyComputerCareer at Columbus,Columbus,OH,Great Lakes,Private for-profit,2-year,Certificate,,,821,0.3085,0.4858,26884,,,,0.6969,9500,47448,43409,25162,62853,,0.219,40.047771,-82.911015
MyComputerCareer at Indianapolis,Indianapolis,IN,Great Lakes,Private for-profit,2-year,Certificate,,,1144,0.5936,0.4913,25000,,,,0.6875,9500,51237,41976,25323,58563,,0.226,39.729314,-86.25478
Myotherapy Institute,Lincoln,NE,Plains,Private for-profit,2-year,Associate,,,12,0.5385,,29470,35500,16750,16750,1.0,,,27531,13040,39339,,,40.811958,-96.607025
MyrAngel Beauty Institute,San Lorenzo,PR,Outlying Areas,Private for-profit,Less than 2-year,Certificate,,,193,0.9873,0.4539,0,,,,0.6055,,13861,16758,8385,28841,,,18.188811,-65.961757
NHTI-Concord's Community College,Concord,NH,New England,Public,2-year,Associate,,,2154,0.2828,0.3721,42723,23726,7200,15450,0.2929,14650,41421,48943,29414,69257,0.749,0.299,43.223621,-71.531979
NUC University,Bayamon,PR,Outlying Areas,Private for-profit,4-year,Certificate,,,28918,0.8586,0.4685,0,15821,12698,13853,0.5435,9500,24259,24785,12983,39344,0.263,0.383,18.396872,-66.157027
NUC University - Arecibo,Arecibo,PR,Outlying Areas,Private for-profit,4-year,Not classified,,,,,0.4685,0,,9400,11120,,9500,24259,24785,12983,39344,0.263,0.383,,
NUC University - CCU - Bayamon,Bayamon,PR,Outlying Areas,Private for-profit,4-year,Not classified,,,,,0.4685,0,,,,,9500,24259,24785,12983,39344,0.263,0.383,,
NUC University - CCU - Caguas,Caguas,PR,Outlying Areas,Private for-profit,4-year,Not classified,,,,,0.4685,0,,,,,9500,24259,24785,12983,39344,0.263,0.383,,
NUC University - CCU - Carolina,Carolina,PR,Outlying Areas,Private for-profit,4-year,Not classified,,,,,0.4685,0,,,,,9500,24259,24785,12983,39344,0.263,0.383,,
NUC University - CCU - Yauco Campus,Yauco,PR,Outlying Areas,Private for-profit,4-year,Not classified,,,,,0.4685,0,,,,,9500,24259,24785,12983,39344,0.263,0.383,,
NUC University - Caguas,Caguas,PR,Outlying Areas,Private for-profit,4-year,Not classified,,,,,0.4685,0,,9400,12305,,9500,24259,24785,12983,39344,0.263,0.383,,
NUC University - Florida Technical College - Cutler Bay,Cutler Bay,FL,Southeast,Private for-profit,4-year,Not classified,,,,,0.4685,0,,18396,18396,,9500,24259,24785,12983,39344,0.263,0.383,,
NUC University - Florida Technical College - Deland,Deland,FL,Southeast,Private for-profit,4-year,Not classified,,,,,0.4685,0,,18396,18396,,9500,24259,24785,12983,39344,0.263,0.383,,
NUC University - Florida Technical College - Kissimmee,Kissimmee,FL,Southeast,Private for-profit,4-year,Not classified,,,,,0.4685,0,,18396,18396,,9500,24259,24785,12983,39344,0.263,0.383,,
NUC University - Florida Technical College - Lakeland,Lakeland,FL,Southeast,Private for-profit,4-year,Not classified,,,,,0.4685,0,,18396,18396,,9500,24259,24785,12983,39344,0.263,0.383,,
NUC University - Florida Technical College - Orlando,Orlando,FL,Southeast,Private for-profit,4-year,Not classified,,,,,0.4685,0,,18396,18396,,9500,24259,24785,12983,39344,0.263,0.383,,
NUC University - Florida Technical College - Pembroke Pines,Pembroke Pines,FL,Southeast,Private for-profit,4-year,Not classified,,,,,0.4685,0,,18396,18396,,9500,24259,24785,12983,39344,0.263,0.383,,
NUC University - Florida Technical College - Tampa,Tampa,FL,Southeast,Private for-profit,4-year,Not classified,,,,,0.4685,0,,18396,18396,,9500,24259,24785,12983,39344,0.263,0.383,,
NUC University - IBC Technical Division - Aguadilla,Aguadilla,PR,Outlying Areas,Private for-profit,Less than 2-year,Not classified,,,,,0.4685,0,,9400,11120,,9500,24259,24785,12983,39344,0.263,0.383,,
NUC University - IBC Technical Division - Arecibo,Arecibo,PR,Outlying Areas,Private for-profit,Less than 2-year,Not classified,,,,,0.4685,0,,9400,11120,,9500,24259,24785,12983,39344,0.263,0.383,,
NUC University - IBC Technical Division - Bayamon,Bayamon,PR,Outlying Areas,Private for-profit,2-year,Not classified,,,,,0.4685,0,,9400,11120,,9500,24259,24785,12983,39344,0.263,0.383,,
NUC University - IBC Technical Division - Caguas,Caguas,PR,Outlying Areas,Private for-profit,2-year,Not classified,,,,,0.4685,0,,9400,11120,,9500,24259,24785,12983,39344,0.263,0.383,,
NUC University - IBC Technical Division - Escorial,San Juan,PR,Outlying Areas,Private for-profit,2-year,Not classified,,,,,0.4685,0,,9400,11120,,9500,24259,24785,12983,39344,0.263,0.383,,
NUC University - IBC Technical Division - Fajardo,Fajardo,PR,Outlying Areas,Private for-profit,2-year,Not classified,,,,,0.4685,0,,9400,11120,,9500,24259,24785,12983,39344,0.263,0.383,,
NUC University - IBC Technical Division - Guayama,Guayama,PR,Outlying Areas,Private for-profit,Less than 2-year,Not classified,,,,,0.4685,0,,9400,11120,,9500,24259,24785,12983,39344,0.263,0.383,,
NUC University - IBC Technical Division - Los Colobos,Carolina,PR,Outlying Areas,Private for-profit,Less than 2-year,Not classified,,,,,0.4685,0,,9400,11120,,9500,24259,24785,12983,39344,0.263,0.383,,
NUC University - IBC Technical Division - Manati,Manati,PR,Outlying Areas,Private for-profit,2-year,Not classified,,,,,0.4685,0,,9400,11120,,9500,24259,24785,12983,39344,0.263,0.383,,
NUC University - IBC Technical Division - Mayaguez,Mayaguez,PR,Outlying Areas,Private for-profit,Less than 2-year,Not classified,,,,,0.4685,0,,9400,11120,,9500,24259,24785,12983,39344,0.263,0.383,,
NUC University - IBC Technical Division - Moca,Moca,PR,Outlying Areas,Private for-profit,Less than 2-year,Not classified,,,,,0.4685,0,,9400,11120,,9500,24259,24785,12983,39344,0.263,0.383,,
NUC University - IBC Technical Division - Ponce,Ponce,PR,Outlying Areas,Private for-profit,2-year,Not classified,,,,,0.4685,0,,9400,11120,,9500,24259,24785,12983,39344,0.263,0.383,,
NUC University - IBC Technical Division - Yauco,Yauco,PR,Outlying Areas,Private for-profit,4-year,Not classified,,,,,0.4685,0,,9400,11120,,9500,24259,24785,12983,39344,0.263,0.383,,
NUC University - Mayaguez,Mayaguez,PR,Outlying Areas,Private for-profit,4-year,Not classified,,,,,0.4685,0,,9400,11120,,9500,24259,24785,12983,39344,0.263,0.383,,
NUC University - Ponce,Ponce,PR,Outlying Areas,Private for-profit,4-year,Not classified,,,,,0.4685,0,,9400,11120,,9500,24259,24785,12983,39344,0.263,0.383,,
NUC University - Rio Grande,Rio Grande,PR,Outlying Areas,Private for-profit,4-year,Not classified,,,,,0.4685,0,,9400,11120,,9500,24259,24785,12983,39344,0.263,0.383,,
NUC University - South Florida,Pembroke Pines,FL,Southeast,Private for-profit,4-year,Not classified,,,,,0.4685,0,,13593,13593,,9500,24259,24785,12983,39344,0.263,0.383,,
NYSMedical&Dental Assistants - American Institute of Clinical Massage,Post Falls,ID,Rocky Mountains,Private for-profit,Less than 2-year,Not classified,,,,,0.6867,13930,,,,,8309,33070,38899,20195,52257,0.586,0.214,,
Napa Valley College,Napa,CA,Far West,Public,2-year,Associate,,,3813,0.1728,0.5111,22230,22572,1156,11908,0.4282,10147,40426,49517,26176,77596,0.65,0.205,38.274081,-122.274381
Naropa University,Boulder,CO,Rocky Mountains,Private nonprofit,4-year,Bachelor's,1.0,,339,0.5136,0.1948,21389,53397,36620,36620,0.3667,24712,21841,28720,14346,51332,0.454,0.86,40.014235,-105.266987
Nash Community College,Rocky Mount,NC,Southeast,Public,2-year,Certificate,,,1689,0.3258,0.5313,18910,10062,2866,8866,0.4128,11500,31132,34912,19820,49927,0.497,0.329,35.976823,-77.898348
Nashua Community College,Nashua,NH,New England,Public,2-year,Associate,,,1135,0.2401,0.4053,36807,29014,7140,15390,0.3765,11000,39161,46164,19366,66755,0.688,0.238,42.794576,-71.523462
Nashville Auto-Diesel College,Nashville,TN,Southeast,Private for-profit,2-year,Certificate,,,967,0.58,0.5174,24468,,,,0.677,11730,42500,46396,25586,66729,0.659,0.253,36.194393,-86.744005
Nashville State Community College,Nashville,TN,Southeast,Public,2-year,Associate,,,5653,0.3298,0.471,21730,14385,4730,17714,0.1846,9595,33038,38519,19748,57206,0.614,0.249,36.134857,-86.857342
Nassau Community College,Garden City,NY,Mid East,Public,2-year,Associate,,,10630,0.3858,0.4491,29167,14983,6330,12130,0.2335,10500,37124,48248,23580,74044,0.681,0.218,40.728872,-73.595286
Nathan Layne Institute of Cosmetology,Chubbuck,ID,Rocky Mountains,Private for-profit,Less than 2-year,Certificate,,,70,0.625,,11456,,,,0.8571,,,22209,10136,37590,0.095,,42.919964,-112.464554
National American University-Rapid City,Rapid City,SD,Plains,Private for-profit,4-year,Bachelor's,,,764,0.5706,0.5379,17982,34452,16065,16065,0.0,29020,29641,37325,19986,54855,0.66,0.777,44.061498,-103.286487
National Aviation Academy of New England,Concord,MA,New England,Private for-profit,2-year,Certificate,,,241,0.5421,0.506,22715,,,,0.75,21198,60455,59009,34565,93086,0.831,0.359,42.462164,-71.387244
National Aviation Academy of Tampa Bay,Clearwater,FL,Southeast,Private for-profit,2-year,Certificate,,,713,0.5447,0.4392,21490,,,,0.7556,22000,55827,59029,33214,89097,0.721,0.373,27.89484,-82.721372
National Beauty College,Canton,OH,Great Lakes,Private for-profit,Less than 2-year,Certificate,,,172,0.5738,0.6014,11496,,,,,6333,23123,21091,10466,33855,,0.3,40.849493,-81.392278
National Career College,Panorama City,CA,Far West,Private for-profit,2-year,Certificate,,,398,0.6286,0.5664,13919,,,,0.7447,8645,31809,19347,8894,,,0.447,34.22245,-118.446211
National Career Education,Citrus Heights,CA,Far West,Private for-profit,Less than 2-year,Certificate,,,515,0.52,0.5595,19945,,,,0.8321,7853,41768,38015,17914,62402,0.614,0.207,38.679835,-121.273917
National Career Institute,East Orange,NJ,Mid East,Private for-profit,Less than 2-year,Certificate,,,249,0.5852,0.8107,0,,,,0.561,6756,19817,26415,11511,40534,,0.256,40.76137,-74.222091
National Holistic Institute,Emeryville,CA,Far West,Private for-profit,2-year,Certificate,,,1258,0.618,0.4199,15296,,,,0.8033,9500,24737,27978,11099,50924,0.54,0.34,37.841898,-122.287672
National Louis University,Chicago,IL,Great Lakes,Private nonprofit,4-year,Bachelor's,0.9505,,4406,0.5515,0.5044,24270,24154,12705,12705,0.3014,19750,43562,45799,26351,68973,0.733,0.431,41.880093,-87.624699
National Park College,Hot Springs,AR,Southeast,Public,2-year,Certificate,,,1789,0.4801,0.4567,17464,19331,5600,7280,0.3515,10500,28337,32444,15042,50968,0.498,0.324,34.512687,-93.119248
National Polytechnic College,Lakewood,CA,Far West,Private for-profit,2-year,Associate,,,516,0.5132,0.6129,22855,,,,0.4667,16098,32541,30781,14366,44493,,0.523,33.860528,-118.143809
National University,San Diego,CA,Far West,Private nonprofit,4-year,Bachelor's,,,10794,0.2884,0.4401,31188,33978,13284,13284,0.4286,25000,64331,67548,42112,100253,0.835,0.37,32.829299,-117.127296
National University of Health Sciences,Lombard,IL,Great Lakes,Private nonprofit,4-year,Bachelor's,,,13,0.2857,,20789,,,,,12500,44332,58723,25044,80105,0.696,0.213,41.861697,-88.013171
Navajo Technical University,Crownpoint,NM,Southwest,Public,4-year,Certificate,,,1124,0.4944,0.591,12120,13049,4346,4346,0.1188,,23280,26364,12747,41731,0.341,,35.687431,-108.149392
Navarro College,Corsicana,TX,Southwest,Public,4-year,Associate,,,3781,0.3049,0.4849,24997,18757,3008,6578,0.2257,11000,31865,38716,19764,57787,0.6,0.284,32.076061,-96.498731
Nazarene Bible College,Colorado Springs,CO,Rocky Mountains,Private nonprofit,4-year,Bachelor's,,,284,0.149,0.5148,30766,,10482,10482,,34787,37119,41450,24161,65007,0.581,0.839,38.862354,-104.758064
Nazareth University,Rochester,NY,Mid East,Private nonprofit,4-year,Bachelor's,0.7472,1216,1873,0.2626,0.1821,78894,58254,42450,42450,0.7279,26038,47717,56458,38928,73630,0.804,0.461,43.101576,-77.518579
Nebraska College of Technical Agriculture,Curtis,NE,Plains,Public,2-year,Associate,,,196,0.387,0.2202,71878,19998,5926,5926,0.6075,21000,47692,56887,40131,80043,0.812,0.369,40.635454,-100.510409
Nebraska Indian Community College,Macy,NE,Plains,Public,4-year,Associate,,,327,0.3221,0.5238,6739,32757,4080,4080,0.2222,,25591,31458,10494,43374,0.271,,42.11677,-96.35176
Nebraska Methodist College of Nursing & Allied Health,Omaha,NE,Plains,Private nonprofit,4-year,Bachelor's,0.7341,,781,0.3085,0.303,51894,32835,17885,17885,0.5952,23417,61249,65071,42399,86864,0.844,0.36,41.265973,-96.048511
Nebraska Wesleyan University,Lincoln,NE,Plains,Private nonprofit,4-year,Bachelor's,0.7982,1189,1453,0.3357,0.2623,69291,53569,43572,43572,0.6612,26970,47667,56405,41245,80584,0.846,0.478,40.839098,-96.64831
Neighborhood Playhouse School of the Theater,New York City,NY,Mid East,Private nonprofit,2-year,Certificate,0.5333,,67,0.169,,16640,44715,19000,19000,0.4444,,,29382,13362,,,,40.756613,-73.965332
Nelson University,Waxahachie,TX,Southwest,Private nonprofit,4-year,Bachelor's,0.8902,980,1479,0.478,0.3815,35444,34504,25064,25064,0.4156,24725,37425,46238,28464,63010,0.639,0.535,32.40443,-96.853492
Neosho Beauty and Barber College,Neosho,MO,Plains,Private for-profit,Less than 2-year,Certificate,,,47,0.5843,,16838,,,,0.7353,9500,28896,18280,8861,,0.259,0.52,36.870562,-94.368636
Neosho County Community College,Chanute,KS,Plains,Public,2-year,Certificate,,,862,0.1805,0.4289,30850,16790,5780,5780,0.3376,8500,36917,45966,27024,65668,0.649,0.185,37.670672,-95.464976
Ner Israel Rabbinical College,Pikesville,MD,Mid East,Private nonprofit,4-year,Bachelor's,0.6566,,280,0.161,,36173,26750,10600,10600,0.2353,,,66330,,109563,,,39.388021,-76.753526
Neumann University,Aston,PA,Mid East,Private nonprofit,4-year,Bachelor's,0.8128,,1533,0.4277,0.4276,51006,57180,39100,39100,0.5368,27000,48556,57817,37722,81520,0.762,0.467,39.874876,-75.440022
Neumont College of Computer Science,Salt Lake City,UT,Rocky Mountains,Private for-profit,4-year,Bachelor's,0.8678,1093,453,0.6226,0.3042,43318,45890,27360,27360,0.627,,77865,97827,51736,128589,0.728,,40.766096,-111.890573
Nevada Career Institute,Las Vegas,NV,Far West,Private for-profit,2-year,Certificate,,,461,0.6139,0.5517,20380,,,,0.5459,9500,38921,41472,22023,66073,0.554,0.229,36.217975,-115.20842
Nevada State University,Henderson,NV,Far West,Public,4-year,Bachelor's,0.8682,,3762,0.2284,0.4877,31752,23718,6765,21833,0.3358,19691,47092,53166,31534,82547,,0.37,35.982345,-114.938044
New Age Training,New York,NY,Mid East,Private for-profit,Less than 2-year,Certificate,,,187,0.0,0.5586,9783,,,,0.7492,7789,24579,31997,14883,49583,,0.243,40.748345,-73.991591
New Castle School of Trades,Pulaski,PA,Mid East,Private for-profit,2-year,Not classified,,,,,0.563,15842,,,,,9567,41932,44814,24833,62922,0.639,0.213,,
New Castle School of Trades,New Castle,PA,Mid East,Private for-profit,2-year,Associate,,,700,0.6203,0.563,15842,,,,0.7591,9567,41932,44814,24833,62922,0.639,0.213,41.035228,-80.401417
New Castle School of Trades - East Liverpool Campus,East Liverpool,OH,Great Lakes,Private for-profit,Less than 2-year,Not classified,,,,,0.563,15842,,,,,9567,41932,44814,24833,62922,0.639,0.213,,
New College of Florida,Sarasota,FL,Southeast,Public,4-year,Bachelor's,0.732,1150,843,0.3394,0.2094,44268,24449,6916,29944,0.6667,17375,32611,48082,30400,71697,,0.361,27.384925,-82.55858
New Community Career & Technical Institute,Newark,NJ,Mid East,Private nonprofit,Less than 2-year,Certificate,,,11,0.625,,,,,,0.5421,2808,,40200,20761,60374,,0.07,40.739017,-74.19585
New Concept Massage and Beauty School,Miami,FL,Southeast,Private for-profit,Less than 2-year,Certificate,,,123,0.9083,0.7578,0,,,,0.8462,6000,14756,20421,10737,38451,0.219,0.294,25.759873,-80.304747
New Dimensions School,Joplin,MO,Plains,Private for-profit,Less than 2-year,Certificate,,,38,0.5439,,16799,,,,1.0,,18201,28050,12826,34739,0.25,,37.085286,-94.509389
New England College,Henniker,NH,New England,Private nonprofit,4-year,Bachelor's,0.9213,,1022,0.36,0.4603,28690,59350,41938,41938,0.3451,26000,31050,42092,22889,60577,0.699,0.618,43.176403,-71.822282
New England Institute of Technology,East Greenwich,RI,New England,Private nonprofit,4-year,Associate,0.6673,,1718,0.4334,0.4141,30450,48543,37275,37275,0.5954,16668,44363,48684,29748,73886,0.731,0.342,41.661783,-71.502892
New England Tractor Trailer Training School of CT-Bridgeport,Bridgeport,CT,New England,Private for-profit,Less than 2-year,Certificate,,,428,0.7876,0.675,16600,,,,0.7401,6333,46838,44444,22154,71036,0.708,0.142,41.186706,-73.179406
New England Tractor Trailer Training School of Connecticut,Somers,CT,New England,Private for-profit,Less than 2-year,Certificate,,,289,0.4513,0.675,16600,,,,0.691,6333,46838,44444,22154,71036,0.708,0.142,41.979699,-72.450218
New England Tractor Trailer Training School of Massachusetts,North Andover,MA,New England,Private for-profit,Less than 2-year,Certificate,,,430,0.6451,0.563,22508,,,,0.7371,6333,51037,53085,24472,71648,0.664,0.119,42.7307,-71.116853
New England Tractor Trailer Training School of Rhode Island,Pawtucket,RI,New England,Private for-profit,Less than 2-year,Certificate,,,646,0.5787,0.563,22508,,,,0.8111,6333,51037,53085,24472,71648,0.664,0.119,41.880296,-71.405906
New Hope Christian College-Eugene,Eugene,OR,Far West,Private nonprofit,4-year,Bachelor's,0.8,,56,0.6444,,22167,30849,17620,17620,0.5172,27000,33131,31115,14244,54527,0.547,0.868,44.032674,-123.15355
New Jersey City University,Jersey City,NJ,Mid East,Public,4-year,Bachelor's,0.9838,,3681,0.5248,0.5304,23397,28255,14460,14460,0.3389,18500,45918,52745,30517,76983,0.757,0.351,40.709937,-74.08727
New Jersey Institute of Technology,Newark,NJ,Mid East,Public,4-year,Bachelor's,0.6507,1337,9019,0.3956,0.344,38563,32859,19974,37664,0.7276,21000,69591,84276,55991,113061,0.886,0.249,40.741997,-74.177113
New Mexico Highlands University,Las Vegas,NM,Southwest,Public,4-year,Bachelor's,,,1451,0.4509,0.4535,24029,20868,7416,12336,0.2618,11399,38952,45937,26406,62983,0.691,0.248,35.596233,-105.219197
New Mexico Institute of Mining and Technology,Socorro,NM,Southwest,Public,4-year,Bachelor's,0.4449,1207,995,0.295,0.2629,39182,24967,9476,27247,0.5705,19085,54530,76489,40447,109428,0.791,0.25,34.067041,-106.905211
New Mexico Junior College,Hobbs,NM,Southwest,Public,2-year,Associate,,,2175,0.2653,0.5389,22106,9258,1440,2280,0.5817,11313,32145,34233,16530,55337,0.57,0.33,32.757808,-103.182896
New Mexico Military Institute,Roswell,NM,Southwest,Public,2-year,Associate,0.526,,331,0.244,0.3004,30944,19121,7190,14156,0.4444,5500,43034,57410,31980,80706,0.744,0.096,33.409617,-104.524448
New Mexico State University-Alamogordo,Alamogordo,NM,Southwest,Public,2-year,Associate,,,591,0.296,0.4363,23951,15728,2616,6072,0.137,17095,32960,39067,21257,61878,0.639,0.438,32.92033,-105.926241
New Mexico State University-Dona Ana,Las Cruces,NM,Southwest,Public,2-year,Associate,,,5177,0.3535,0.4363,23951,14397,2322,6360,0.1937,17095,32960,39067,21257,61878,0.639,0.438,32.354486,-106.737172
New Mexico State University-Grants,Grants,NM,Southwest,Public,2-year,Certificate,,,356,0.2362,0.4363,23951,8514,2136,4272,0.2619,17095,32960,39067,21257,61878,0.639,0.438,35.165965,-107.843638
New Mexico State University-Main Campus,Las Cruces,NM,Southwest,Public,4-year,Bachelor's,0.8897,1011,11946,0.3849,0.4363,23951,23274,8183,25307,0.5517,17095,32960,39067,21257,61878,0.639,0.438,32.281568,-106.752069
New Professions Technical Institute,Miami,FL,Southeast,Private for-profit,2-year,Associate,,,514,0.9111,0.6139,0,,,,1.0,,26142,25962,13312,44086,0.435,,25.771488,-80.261873
New River Community College,Dublin,VA,Southeast,Public,2-year,Certificate,,,1965,0.2276,0.4328,25640,13864,4979,11417,0.4989,9000,32910,40025,22670,58527,0.594,0.225,37.105239,-80.69605
New River Community and Technical College,Beaver,WV,Southeast,Public,2-year,Associate,,,770,0.3899,0.587,20259,12132,5156,9646,0.3598,7250,28278,29073,14158,43901,,0.249,37.76767,-81.136085
New Tyler Barber College Inc,North Little Rock,AR,Southeast,Private for-profit,Less than 2-year,Certificate,,,39,0.8485,0.56,6000,,,,0.2,,16629,18715,,30913,0.275,,34.760085,-92.254171
New York Automotive and Diesel Institute,Jamaica,NY,Mid East,Private for-profit,2-year,Certificate,,,470,0.6638,0.5766,15125,,,,0.6415,16064,43475,50963,22779,80573,0.595,0.315,40.705073,-73.780592
New York College of Health Professions,Syosset,NY,Mid East,Private nonprofit,4-year,Bachelor's,,,58,0.0,0.4497,16390,,16395,16395,0.5,24867,30476,31601,12923,58853,0.579,0.787,40.811129,-73.51534
New York Film Academy,Burbank,CA,Far West,Private for-profit,4-year,Bachelor's,,,849,0.1793,0.3129,24424,62210,36920,36920,0.677,16000,25150,29633,15338,49786,,0.54,34.152076,-118.335567
New York Institute of Massage Inc,Williamsville,NY,Mid East,Private for-profit,Less than 2-year,Certificate,,,30,0.3521,,26950,,,,0.8667,10322,29692,26379,10653,38640,0.505,0.391,42.976035,-78.695815
New York Institute of Technology,Old Westbury,NY,Mid East,Private nonprofit,4-year,Bachelor's,0.8102,1311,3440,0.451,0.3297,39414,56976,46560,46560,0.5877,23334,52559,70080,41399,100245,0.809,0.333,40.812447,-73.6078
New York Medical Career Training Center,Flushing,NY,Mid East,Private for-profit,2-year,Certificate,1.0,,452,0.2767,0.5394,18467,,,,0.9229,14282,37941,40540,27148,54331,,0.352,40.7608,-73.829753
New York School for Medical and Dental Assistants,Long Island City,NY,Mid East,Private for-profit,2-year,Certificate,,,277,0.9179,0.6867,13930,,,,0.6453,8309,33070,38899,20195,52257,0.586,0.214,40.744291,-73.931391
New York School of Interior Design,New York,NY,Mid East,Private nonprofit,4-year,Certificate,0.6289,,427,0.1523,0.3636,31419,48730,32330,32330,0.6923,,37810,48041,22696,77068,0.752,,40.768615,-73.962404
New York University,New York,NY,Mid East,Private nonprofit,4-year,Bachelor's,0.0923,1520,28663,0.1788,0.2149,51966,84374,62796,62796,0.8757,20500,64543,82509,45965,133284,0.819,0.248,40.729452,-73.997264
Newberry College,Newberry,SC,Southeast,Private nonprofit,4-year,Bachelor's,0.8979,,1479,0.487,0.3131,43889,46442,31100,31100,0.4514,26805,38983,48040,30927,69487,0.651,0.558,34.285868,-81.619777
Newman University,Wichita,KS,Plains,Private nonprofit,4-year,Bachelor's,0.7398,,851,0.1226,0.394,42909,46489,35500,35500,0.5281,20801,47051,55041,36017,73763,0.785,0.378,37.672643,-97.37768
Newschool of Architecture and Design,San Diego,CA,Far West,Private for-profit,4-year,Bachelor's,1.0,,182,0.5211,0.3788,19871,62004,30291,30291,0.619,31000,57073,68891,45089,89596,,0.45,32.71331,-117.153305
Niagara County Community College,Sanborn,NY,Mid East,Public,2-year,Associate,,,3084,0.3251,0.3857,31996,13908,6894,12030,0.3184,11039,35101,42285,23650,59735,0.637,0.261,43.147701,-78.87579
Niagara University,Niagara University,NY,Mid East,Private nonprofit,4-year,Bachelor's,0.8737,1168,2653,0.2719,0.2415,65545,51632,39345,39345,0.7451,25475,48289,56196,40069,77102,0.784,0.453,43.137279,-79.036689
Nicholls State University,Thibodaux,LA,Southeast,Public,4-year,Bachelor's,0.908,1090,4737,0.3407,0.4584,36747,23481,8149,9242,0.538,22675,38829,45454,27918,65192,0.692,0.499,29.794486,-90.801571
Nichols College,Dudley,MA,New England,Private nonprofit,4-year,Bachelor's,0.8084,1140,1163,0.2552,0.3157,68677,58310,42705,42705,0.6261,27000,47830,58063,36543,75311,0.818,0.465,42.044033,-71.930283
Nicolet Area Technical College,Rhinelander,WI,Great Lakes,Public,2-year,Certificate,,,663,0.3159,0.468,24803,14072,4793,7066,0.4375,7837,36066,38643,22563,56894,0.53,0.203,45.609542,-89.425055
Nightingale College,Salt Lake City,UT,Rocky Mountains,Private for-profit,4-year,Bachelor's,,,5986,0.415,0.4476,32416,,,,0.2063,25250,63412,27126,12177,44352,,0.931,40.767465,-111.887917
Norco College,Norco,CA,Far West,Public,2-year,Associate,,,8779,0.1584,0.5415,20362,14075,1428,12498,0.4177,,34493,51206,32262,72800,,,33.917387,-117.570212
Norfolk State University,Norfolk,VA,Southeast,Public,4-year,Bachelor's,0.8777,927,5392,0.6497,0.3735,26072,26633,10180,21682,0.385,29000,33412,44666,25584,64690,0.663,0.649,36.848429,-76.261375
Normandale Community College,Bloomington,MN,Plains,Public,2-year,Associate,,,7044,0.2801,0.3459,30952,18694,6329,6329,0.2695,12000,42298,50207,27932,71546,0.729,0.239,44.829706,-93.331673
North Adrian's College of Beauty Inc,Modesto,CA,Far West,Private for-profit,Less than 2-year,Certificate,,,207,0.4738,0.619,5071,,,,0.7006,11000,16629,27269,8660,42868,0.389,0.403,37.677778,-120.992753
North American Trade Schools,Baltimore,MD,Mid East,Private for-profit,Less than 2-year,Certificate,,,534,0.3313,0.559,13362,,,,0.6919,7338,43206,39756,18695,62589,0.689,0.185,39.308719,-76.751371
North Arkansas College,Harrison,AR,Southeast,Public,2-year,Certificate,,,1202,0.3591,0.5375,21388,16846,3504,5592,0.4179,9000,31671,34653,18671,52397,0.501,0.26,36.219909,-93.08844
North Bennet Street School,Boston,MA,New England,Private nonprofit,2-year,Certificate,,,155,0.1975,,25361,,,,0.9,9500,47319,43993,,65314,0.636,0.216,42.36279,-71.05452
North Carolina A & T State University,Greensboro,NC,Southeast,Public,4-year,Bachelor's,0.499,1074,12182,0.5231,0.2809,32000,20427,6813,20673,0.5718,27000,36638,44440,27229,64605,0.66,0.608,36.07282,-79.773375
North Carolina Central University,Durham,NC,Southeast,Public,4-year,Bachelor's,0.8696,1050,6081,0.587,0.3287,27183,26556,6699,19735,0.4165,28250,35967,42968,26776,60270,0.647,0.657,35.974237,-78.898602
North Carolina State University at Raleigh,Raleigh,NC,Southeast,Public,4-year,Bachelor's,0.4174,1376,27371,0.1958,0.1929,64900,26425,8799,32847,0.8476,20121,57623,68758,45891,99809,0.835,0.293,35.785111,-78.674517
North Carolina Wesleyan University,Rocky Mount,NC,Southeast,Private nonprofit,4-year,Bachelor's,0.8023,,1214,0.4975,0.4677,24995,49974,35736,35736,0.4197,25000,38939,45873,30213,63341,0.747,0.545,36.019665,-77.773982
North Central College,Naperville,IL,Great Lakes,Private nonprofit,4-year,Bachelor's,0.7733,1213,2428,0.2395,0.266,77267,57219,45726,45726,0.64,24500,51762,60123,41286,83972,0.806,0.407,41.77576,-88.14279
North Central Institute,Clarksville,TN,Southeast,Private for-profit,2-year,Certificate,,,61,0.1575,,21668,,,,1.0,,50635,55027,35433,77010,,,36.61484,-87.425177
North Central Michigan College,Petoskey,MI,Great Lakes,Public,2-year,Associate,,,942,0.2929,0.4207,26696,19219,5430,10590,0.2938,14000,31314,36594,18987,53225,0.5,0.383,45.361727,-84.954183
North Central Missouri College,Trenton,MO,Plains,Public,2-year,Associate,,,1286,0.3525,0.4812,30295,18498,5370,8820,0.576,10500,36289,40837,26653,60069,0.579,0.257,40.078096,-93.617353
North Central State College,Mansfield,OH,Great Lakes,Public,4-year,Associate,,,1273,0.2175,0.4966,28337,10118,4624,9103,0.3606,8252,34892,38158,19672,55523,0.543,0.216,40.798777,-82.581582
North Central Texas College,Gainesville,TX,Southwest,Public,2-year,Associate,,,5863,0.2143,0.4257,29229,10200,3600,5739,0.3493,11250,38779,45809,25028,66759,0.65,0.246,33.6188,-97.1658
North Central University,Minneapolis,MN,Plains,Private nonprofit,4-year,Bachelor's,0.9898,,709,0.4256,0.221,59157,44475,32220,32220,0.6634,23200,37688,45064,29000,63039,0.595,0.515,44.968625,-93.261511
North Country Community College,Saranac Lake,NY,Mid East,Public,2-year,Associate,,,819,0.3851,0.469,23595,18051,6682,9370,0.2895,12000,38937,38276,22873,57755,0.551,0.314,44.318645,-74.119981
North Dakota State College of Science,Wahpeton,ND,Plains,Public,2-year,Associate,,,1909,0.1631,0.239,51056,17265,5974,6973,0.5472,12000,48800,50513,32764,70325,0.764,0.238,46.272158,-96.607379
North Dakota State University-Main Campus,Fargo,ND,Plains,Public,4-year,Bachelor's,0.9496,1150,9471,0.1973,0.1728,80195,23716,11110,15764,0.6389,23199,54312,62203,43700,85613,0.834,0.373,46.893127,-96.800838
North Florida College,Madison,FL,Southeast,Public,4-year,Associate,,,793,0.3895,0.5453,17842,9265,3054,11400,0.5922,,32723,33929,18775,52202,0.543,,30.473841,-83.420732
North Florida Cosmetology Institute,Tallahassee,FL,Southeast,Private for-profit,Less than 2-year,Certificate,,,91,0.7305,0.4583,9862,,,,0.6667,6334,20619,23615,12358,39027,,0.268,30.476972,-84.294583
North Florida Technical College,Starke,FL,Southeast,Public,Less than 2-year,Certificate,,,84,0.1242,0.6105,17719,,,,0.68,,31974,31683,13273,45789,0.273,,29.952308,-82.117224
North Georgia Technical College,Clarkesville,GA,Southeast,Public,2-year,Certificate,,,1910,0.4262,0.4934,21944,13085,3330,5898,0.3925,7823,32856,32932,16709,49841,0.44,0.238,34.639721,-83.530118
North Greenville University,Tigerville,SC,Southeast,Private nonprofit,4-year,Bachelor's,0.6667,1156,1819,0.3335,0.267,50820,42034,25800,25800,0.5453,23082,38173,43035,25987,59440,0.64,0.536,35.069758,-82.37026
North Hennepin Community College,Brooklyn Park,MN,Plains,Public,2-year,Associate,,,3451,0.2868,0.3759,29576,17470,5061,5061,0.2239,14750,43014,51142,30239,72333,0.71,0.288,45.106937,-93.374536
North Idaho College,Coeur d'Alene,ID,Rocky Mountains,Public,2-year,Associate,,,2619,0.2385,0.4172,27566,18333,3396,8736,0.3752,9000,34391,40081,21825,60627,0.62,0.225,47.67569,-116.798905
North Iowa Area Community College,Mason City,IA,Plains,Public,2-year,Certificate,,,1320,0.2359,0.3118,40270,17040,6653,9551,0.6054,9500,39491,43462,26244,59290,0.648,0.219,43.157169,-93.13126
North Park University,Chicago,IL,Great Lakes,Private nonprofit,4-year,Bachelor's,0.6851,,1818,0.4434,0.3698,45181,44172,36710,36710,0.5772,25500,49326,59572,37927,81814,0.747,0.428,41.975268,-87.709948
North Seattle College,Seattle,WA,Far West,Public,4-year,Certificate,,,3074,0.1383,0.3995,18408,18943,5238,5796,0.3277,15458,46383,47728,23587,73802,0.642,0.324,47.698408,-122.333584
North Shore Community College,Danvers,MA,New England,Public,2-year,Associate,,,4393,0.32,0.5213,24338,15896,5352,10920,0.1778,9000,40373,45391,23689,69477,0.621,0.198,42.590103,-70.968044
North-West College-Anaheim,Anaheim,CA,Far West,Private for-profit,2-year,Certificate,,,513,0.5889,0.5901,17691,,,,0.6,9500,36175,39876,21682,61278,0.478,0.238,33.839313,-117.959766
North-West College-Glendale,Glendale,CA,Far West,Private for-profit,Less than 2-year,Certificate,,,71,0.5,0.6178,17562,,,,0.6279,9500,33145,37542,16531,57455,0.555,0.253,34.148981,-118.255462
North-West College-Long Beach,Long Beach,CA,Far West,Private for-profit,2-year,Certificate,,,652,0.6428,0.5901,17691,,,,0.5786,9500,36175,39876,21682,61278,0.478,0.238,33.801894,-118.14854
North-West College-Pomona,Pomona,CA,Far West,Private for-profit,Less than 2-year,Certificate,,,381,0.6468,0.5901,17691,,,,0.7101,9500,36175,39876,21682,61278,0.478,0.238,34.062043,-117.751227
North-West College-Riverside,Riverside,CA,Far West,Private for-profit,2-year,Certificate,,,717,0.6236,0.5901,17691,,,,0.7174,9500,36175,39876,21682,61278,0.478,0.238,33.9145,-117.485881
North-West College-San Diego,San Diego,CA,Far West,Private for-profit,4-year,Associate,,,636,0.4661,0.5517,20380,,,,,9500,38921,41472,22023,66073,0.554,0.229,32.765537,-117.066577
North-West College-Van Nuys,Van Nuys,CA,Far West,Private for-profit,Less than 2-year,Certificate,,,294,0.522,0.5979,18377,,,,0.602,9500,32876,32488,16771,55812,0.444,0.292,34.189497,-118.450184
North-West College-West Covina,West Covina,CA,Far West,Private for-profit,2-year,Certificate,,,653,0.6052,0.6178,17562,,,,0.6812,9500,33145,37542,16531,57455,0.555,0.253,34.072071,-117.949583
NorthWest Arkansas Community College,Bentonville,AR,Southeast,Public,2-year,Certificate,,,4953,0.2318,0.5244,29102,12157,3342,5238,0.3129,9506,35242,43505,24662,63932,0.631,0.219,36.357704,-94.17289
Northampton County Area Community College,Bethlehem,PA,Mid East,Public,2-year,Associate,,,7667,0.4016,0.4804,26727,18119,5550,15270,0.2361,15495,36571,41566,23180,62111,0.624,0.373,40.67253,-75.32351
Northampton County Area Community College-Monroe,Tannersville,PA,Mid East,Public,2-year,Not classified,,,,,0.4804,26727,,5550,15270,,15495,36571,41566,23180,62111,0.624,0.373,,
Northcentral Technical College,Wausau,WI,Great Lakes,Public,2-year,Certificate,,,3257,0.1872,0.4786,28075,15768,4889,7132,0.454,7500,38984,44925,28112,61526,0.696,0.167,44.986458,-89.646369
Northcentral University,San Diego,CA,Far West,Private nonprofit,4-year,Bachelor's,,,60,0.3776,0.4444,21114,,,,,12500,46759,48414,24212,73253,,0.258,32.829299,-117.127296
Northeast Alabama Community College,Rainsville,AL,Southeast,Public,2-year,Certificate,,,1629,0.3418,0.5828,22763,11620,5040,8910,0.5597,6100,31750,34913,19863,53108,0.556,0.175,34.545471,-85.911664
Northeast Community College,Norfolk,NE,Plains,Public,2-year,Associate,,,2387,0.163,0.3993,39352,14437,3840,5130,0.558,11000,39950,42634,26330,60827,0.678,0.258,42.048647,-97.396578
Northeast Iowa Community College,Calmar,IA,Plains,Public,2-year,Associate,,,1697,0.2284,0.3688,33206,17838,6780,7770,0.5144,12000,38805,41306,24896,58281,0.641,0.291,43.17523,-91.867105
Northeast Mississippi Community College,Booneville,MS,Southeast,Public,2-year,Associate,,,2698,0.53,0.4474,23029,15873,4470,7710,0.3362,9722,31687,34081,19311,49169,0.564,0.285,34.668339,-88.562609
Northeast State Community College,Blountville,TN,Southeast,Public,2-year,Associate,,,4404,0.3631,0.53,19462,15793,4782,17766,0.333,6827,29726,34553,18955,51368,0.532,0.198,36.484961,-82.408885
Northeast Technology Center,Pryor,OK,Southwest,Public,Less than 2-year,Certificate,,,1498,0.1131,0.5357,19102,,,,0.9714,,37905,34457,15846,49772,0.559,,36.294408,-95.309265
Northeast Texas Community College,Mount Pleasant,TX,Southwest,Public,2-year,Certificate,,,1973,0.3971,0.5361,24580,13564,2980,5620,0.559,10946,33862,37870,19809,57001,0.58,0.289,33.104931,-94.881855
Northeast Wisconsin Technical College,Green Bay,WI,Great Lakes,Public,2-year,Certificate,,,5704,0.1792,0.4676,28805,15436,4960,7233,0.5093,11719,39839,44553,28104,61105,0.68,0.263,44.526467,-88.105675
Northeastern Illinois University,Chicago,IL,Great Lakes,Public,4-year,Bachelor's,0.746,,3982,0.5567,0.5087,21900,26960,12383,22726,0.2165,14600,43801,52234,32480,75431,0.697,0.28,41.980399,-87.718983
Northeastern Junior College,Sterling,CO,Rocky Mountains,Public,2-year,Certificate,,,786,0.225,0.3809,39016,21558,5730,8267,0.5648,9376,36367,39893,24493,60693,0.622,0.235,40.637215,-103.197329
Northeastern Oklahoma A&M College,Miami,OK,Southwest,Public,2-year,Associate,,,1720,0.542,0.4162,26317,18885,5213,11363,0.2636,11000,31600,38337,21006,58868,0.594,0.287,36.877255,-94.867248
Northeastern State University,Tahlequah,OK,Southwest,Public,4-year,Bachelor's,0.9959,1049,4772,0.4509,0.4181,30816,21551,7810,17290,0.3536,17367,41207,45379,28117,63320,0.71,0.383,35.919939,-94.967229
Northeastern Technical College,Cheraw,SC,Southeast,Public,2-year,Certificate,,,921,0.3473,0.546,15606,18221,5664,6024,0.2143,,28856,32141,18277,45777,0.446,,34.698248,-79.939245
Northeastern University,Boston,MA,New England,Private nonprofit,4-year,Bachelor's,0.0522,1497,17326,0.1234,0.1852,80224,84641,66162,66162,0.9054,24250,78413,92538,61560,135313,0.876,0.262,42.339992,-71.088782
Northeastern University Oakland,Oakland,CA,Far West,Private nonprofit,4-year,Bachelor's,0.1665,1472,464,0.2674,0.1852,80224,85418,67778,67778,,24250,78413,92538,61560,135313,0.876,0.262,37.781425,-122.182294
Northeastern University Professional Programs,Boston,MA,New England,Private nonprofit,4-year,Bachelor's,,,1802,0.11,0.1852,80224,,,,,24250,78413,92538,61560,135313,0.876,0.262,42.339992,-71.088782
Northern Arizona University,Flagstaff,AZ,Southwest,Public,4-year,Bachelor's,0.8961,,22903,0.3126,0.3869,41212,29933,13009,29881,0.6132,19000,47308,54384,35991,78281,0.757,0.349,35.188449,-111.653724
Northern Career Institute,Eastlake,OH,Great Lakes,Public,Less than 2-year,Certificate,,,150,0.8071,0.5429,18434,20379,16250,16250,0.7692,9500,46210,49073,29339,63285,0.743,0.194,41.653845,-81.447126
Northern Essex Community College,Haverhill,MA,New England,Public,2-year,Associate,,,3685,0.4674,0.5093,24448,13201,6732,12516,0.2087,9000,36235,42862,22038,61430,0.614,0.21,42.796634,-71.04904
Northern Illinois University,Dekalb,IL,Great Lakes,Public,4-year,Bachelor's,0.6979,,11301,0.4732,0.3833,39109,28851,13248,13248,0.4866,22162,46113,57808,37890,83290,0.79,0.383,41.933869,-88.766428
Northern Institute of Cosmetology,Lorain,OH,Great Lakes,Private for-profit,Less than 2-year,Certificate,,,57,0.6585,,2692,,,,0.4348,,12256,21904,,29103,,,41.465263,-82.174342
Northern Kentucky University,Highland Heights,KY,Southeast,Public,4-year,Bachelor's,0.6765,1087,8246,0.2523,0.3813,48195,19725,11088,21912,0.5224,23000,42105,50220,34271,71430,0.707,0.458,39.029714,-84.463483
Northern Maine Community College,Presque Isle,ME,New England,Public,2-year,Associate,,,638,0.5557,0.4672,24394,15918,4156,7036,0.4231,10825,34802,43348,24065,54954,0.566,0.25,46.694668,-68.034796
Northern Marianas College,Saipan,MP,Outlying Areas,Public,4-year,Associate,,,1225,0.7279,0.4982,18430,10545,4038,5520,0.4074,,21925,27836,13085,43101,0.375,,15.152247,145.721733
Northern Michigan University,Marquette,MI,Great Lakes,Public,4-year,Bachelor's,0.8402,,6556,0.2795,0.2847,55242,27841,14277,19773,0.5214,21474,37996,47107,29421,67562,0.672,0.456,46.559751,-87.406568
Northern New Mexico College,Espanola,NM,Southwest,Public,4-year,Associate,,,926,0.3181,0.6303,16868,19702,6400,14328,0.2866,6000,34377,38112,18660,60150,0.575,0.157,36.004073,-106.084395
Northern Oklahoma College,Tonkawa,OK,Southwest,Public,2-year,Associate,,,1941,0.3367,0.41,29512,15242,5083,12202,0.4831,11000,32607,37566,20010,57973,0.6,0.293,36.678649,-97.295887
Northern State University,Aberdeen,SD,Plains,Public,4-year,Bachelor's,0.93,1089,1273,0.1245,0.3069,52170,22077,8845,11947,0.4894,22320,41536,47618,32556,63985,0.696,0.469,45.450829,-98.484728
Northern Tier Career Center,Towanda,PA,Mid East,Public,Less than 2-year,Certificate,0.7451,,50,0.3333,,25668,,,,0.6471,14750,43203,38737,19384,48062,,0.381,41.801739,-76.487394
Northern Virginia Community College,Annandale,VA,Southeast,Public,2-year,Associate,,,33048,0.2021,0.4111,28572,17153,5891,12409,0.3305,11000,40698,53557,29461,82798,0.714,0.205,38.833361,-77.236718
Northern Virginia School of Therapeutic Massage,Falls Church,VA,Southeast,Private for-profit,Less than 2-year,Certificate,,,101,0.1835,0.3839,19599,,,,,6333,26148,44892,7195,79234,,0.141,38.873422,-77.160302
Northern Wyoming Community College District,Sheridan,WY,Rocky Mountains,Public,4-year,Associate,,,1610,0.1822,0.455,32136,17001,4830,11130,0.4215,8622,36014,40477,21848,62454,0.602,0.213,44.763926,-106.941105
Northland Community and Technical College,Thief River Falls,MN,Plains,Public,2-year,Associate,,,1554,0.2168,0.33,34571,19638,6289,6289,0.5595,12000,43006,44425,26704,62327,0.743,0.27,48.124969,-96.162366
Northland Community and Technical College - Aerospace,Thief River Falls,MN,Plains,Public,2-year,Not classified,,,,,0.33,34571,,6289,6289,,12000,43006,44425,26704,62327,0.743,0.27,,
Northland Community and Technical College - East Grand Forks,East Grand Forks,MN,Plains,Public,2-year,Not classified,,,,,0.33,34571,,6289,6289,,12000,43006,44425,26704,62327,0.743,0.27,,
Northland Pioneer College,Holbrook,AZ,Southwest,Public,4-year,Certificate,,,1010,0.1278,0.4664,14950,14263,2232,10320,0.2188,,29631,34199,18312,53305,0.5,,34.93031,-110.142199
Northpoint Bible College,Haverhill,MA,New England,Private nonprofit,4-year,Bachelor's,,,86,0.5109,0.4375,30352,29902,14160,14160,0.5435,25000,34408,42210,25071,68194,0.55,0.592,42.765357,-71.079335
Northshore Technical Community College,Lacombe,LA,Southeast,Public,2-year,Certificate,,,2505,0.2448,0.5154,16759,17553,4299,4299,0.4031,12000,27306,29734,13778,46986,,0.404,30.379147,-89.899196
Northwest Career College,Las Vegas,NV,Far West,Private for-profit,2-year,Certificate,,,2937,0.7338,0.5586,16445,,,,0.6758,9500,31954,27530,13056,41342,,0.345,36.203875,-115.255585
Northwest College,Powell,WY,Rocky Mountains,Public,4-year,Associate,,,890,0.1784,0.3625,34915,16898,4962,11262,0.4866,10000,33237,36950,20437,56831,0.581,0.271,44.760656,-108.761853
Northwest College of Art & Design,Tacoma,WA,Far West,Private for-profit,4-year,Bachelor's,0.6598,,139,0.5067,,49729,30038,18100,18100,0.5769,30750,27505,31167,10385,46798,0.559,0.987,47.25249,-122.43885
Northwest College-Beaverton,Beaverton,OR,Far West,Private for-profit,2-year,Certificate,,,37,0.5313,0.4968,17784,,,,0.5,7564,23914,24421,10179,39664,0.395,0.31,45.489301,-122.805741
Northwest College-Clackamas,Happy Valley,OR,Far West,Private for-profit,2-year,Certificate,,,35,0.6027,0.4968,17784,,,,0.6136,7564,23914,24421,10179,39664,0.395,0.31,45.438533,-122.576902
Northwest College-Eugene,Springfield,OR,Far West,Private for-profit,2-year,Certificate,,,139,0.4863,0.4968,17784,,,,0.6829,7564,23914,24421,10179,39664,0.395,0.31,44.078014,-123.046328
Northwest College-Medford,Medford,OR,Far West,Private for-profit,2-year,Certificate,,,95,0.6023,0.4968,17784,,,,0.7183,7564,23914,24421,10179,39664,0.395,0.31,42.369051,-122.852524
Northwest College-Tualatin,Tualatin,OR,Far West,Private for-profit,2-year,Certificate,,,35,0.3944,0.4968,17784,,,,0.8235,7564,23914,24421,10179,39664,0.395,0.31,45.382946,-122.762464
Northwest Educational Center,Houston,TX,Southwest,Private for-profit,Less than 2-year,Certificate,,,305,1.0,0.6167,10244,,,,0.696,,23502,25442,11908,40580,0.445,,29.813796,-95.473149
Northwest Educational Center-Construction Technology,Houton,TX,Southwest,Private for-profit,Less than 2-year,Certificate,,,,,0.6167,10244,,,,,,23502,25442,11908,40580,0.445,,,
Northwest Florida State College,Niceville,FL,Southeast,Public,4-year,Associate,,,3010,0.211,0.4358,23721,12914,2583,10612,0.3888,7932,33606,39664,21051,57646,0.559,0.2,30.540017,-86.47456
Northwest HVAC/R Training Center,Spokane,WA,Far West,Private nonprofit,Less than 2-year,Certificate,,,50,0.449,0.4483,25838,,,,0.9091,9500,43961,60551,42030,78411,,0.157,47.67364,-117.407702
Northwest Indian College,Bellingham,WA,Far West,Public,4-year,Associate,,,629,0.523,0.4667,11799,10551,4365,4365,0.1806,,29768,35447,19512,49666,0.515,,48.794131,-122.614656
Northwest Iowa Community College,Sheldon,IA,Plains,Public,2-year,Associate,,,864,0.1605,0.354,43488,20414,7350,7650,0.5789,9500,49635,50776,32871,74189,0.76,0.187,43.184701,-95.880639
Northwest Louisiana Technical Community College,Minden,LA,Southeast,Public,2-year,Certificate,,,866,0.5603,0.5228,12399,16807,4109,4109,0.7742,,31084,32503,13052,53027,,,32.586037,-93.26302
Northwest Mississippi Community College,Senatobia,MS,Southeast,Public,2-year,Associate,,,5452,0.3004,0.4165,23676,13857,3740,3740,0.4532,6500,31370,36396,19430,54473,0.536,0.179,34.625532,-89.969525
Northwest Missouri State University,Maryville,MO,Plains,Public,4-year,Bachelor's,0.8609,1119,4378,0.2727,0.3081,56470,24945,10611,17324,0.5423,21500,41695,47885,34086,66291,0.763,0.449,40.351692,-94.883339
Northwest Nazarene University,Nampa,ID,Rocky Mountains,Private nonprofit,4-year,Bachelor's,0.6474,1130,1024,0.2976,0.3388,51227,55163,40794,40794,0.7076,23750,45488,51719,32147,76869,0.729,0.459,43.562411,-116.565783
Northwest Shoals Community College,Muscle Shoals,AL,Southeast,Public,2-year,Certificate,,,1969,0.2669,0.5141,21195,11340,5131,9001,0.3873,10000,31469,33828,17252,51875,0.499,0.296,34.739788,-87.678089
Northwest State Community College,Archbold,OH,Great Lakes,Public,2-year,Associate,,,1115,0.1328,0.4824,35048,17994,4698,9170,0.4564,9750,36106,40004,23146,57229,0.612,0.244,41.450596,-84.297855
Northwest Technical College,Bemidji,MN,Plains,Public,2-year,Certificate,,,751,0.3174,0.2743,32000,16905,6254,6254,0.5,15000,41389,42930,23385,61335,,0.349,47.452652,-94.853974
Northwest Technical Institute,Springdale,AR,Southeast,Public,Less than 2-year,Certificate,,,206,0.788,0.5864,21612,19487,6277,6277,0.7368,,41241,41513,15411,57121,0.495,,36.178032,-94.115346
Northwest Technology Center-Alva,Alva,OK,Southwest,Public,Less than 2-year,Certificate,,,58,0.0986,0.6552,15250,,,,0.7692,,35157,32501,,44802,0.352,,36.786733,-98.675711
Northwest Technology Center-Fairview,Fairview,OK,Southwest,Public,Less than 2-year,Not classified,,,,,0.6552,15250,,,,,,35157,32501,,44802,0.352,,,
Northwest University,Kirkland,WA,Far West,Private nonprofit,4-year,Bachelor's,0.832,1150,645,0.2533,0.3636,46714,50501,36035,36035,0.7078,20891,50495,54914,31694,83872,0.681,0.38,47.657945,-122.192763
Northwest University-Center for Online and Extended Education,Kirkland,WA,Far West,Private nonprofit,4-year,Bachelor's,,,405,0.1845,0.3636,46714,40568,14652,14652,0.5,20891,50495,54914,31694,83872,0.681,0.38,47.657502,-122.195774
Northwest Vista College,San Antonio,TX,Southwest,Public,4-year,Associate,,,13993,0.2252,0.4607,24817,11932,3412,9952,0.3198,9400,35741,42490,24083,61809,0.655,0.221,29.471308,-98.70513
Northwestern College,Orange City,IA,Plains,Private nonprofit,4-year,Bachelor's,0.8036,,1175,0.247,0.1348,81300,49783,36710,36710,0.6605,23249,46731,49802,35860,69611,0.722,0.467,42.999007,-96.058772
Northwestern Health Sciences University,Bloomington,MN,Plains,Private nonprofit,4-year,Associate,,,271,0.2772,0.2487,28697,39863,12015,12015,0.0,7500,43760,48666,23406,72035,0.725,0.154,44.850963,-93.311222
Northwestern Michigan College,Traverse City,MI,Great Lakes,Public,4-year,Associate,,,2813,0.3001,0.3807,30828,13753,5860,13476,0.2484,12500,34918,38167,22451,56520,0.589,0.328,44.765436,-85.585517
Northwestern Oklahoma State University,Alva,OK,Southwest,Public,4-year,Bachelor's,0.6545,1003,1498,0.4142,0.431,39030,18672,5970,11664,0.3035,17355,39997,44358,25137,62641,0.708,0.391,36.796658,-98.667673
Northwestern State University of Louisiana,Natchitoches,LA,Southeast,Public,4-year,Bachelor's,0.9254,1088,5519,0.3524,0.4243,30223,25431,8864,19652,0.432,25000,39485,47021,29131,67829,0.644,0.532,31.750666,-93.097797
Northwestern Technological Institute,Southfield,MI,Great Lakes,Private for-profit,Less than 2-year,Certificate,,,746,0.5953,0.6317,14242,,,,0.7192,9500,33480,41237,17841,64224,0.627,0.23,42.4721,-83.238868
Northwestern University,Evanston,IL,Great Lakes,Private nonprofit,4-year,Bachelor's,0.0769,1533,9201,0.1855,0.1516,58836,91250,68322,68322,0.9513,15000,76844,89363,61037,139122,0.876,0.168,42.050356,-87.679858
Northwood Technical College,Rice Lake,WI,Great Lakes,Public,2-year,Certificate,,,2149,0.305,0.4204,30123,14981,4926,7169,0.5631,8250,42439,43406,26849,63786,0.623,0.19,45.48131,-91.747024
Northwood University,Midland,MI,Great Lakes,Private nonprofit,4-year,Bachelor's,0.6451,,1974,0.2569,0.3972,42219,48780,34400,34400,0.6332,20842,54058,63075,40489,92317,0.776,0.33,43.628717,-84.27682
Norwich University,Northfield,VT,New England,Private nonprofit,4-year,Bachelor's,0.7444,1190,2428,0.2441,0.2363,67624,67357,49740,49740,0.6021,25000,59743,65575,42747,86999,0.822,0.381,44.140237,-72.659783
Nossi College of Art and Design,Nashville,TN,Southeast,Private for-profit,4-year,Bachelor's,0.4631,,247,0.5725,0.3957,23893,27710,20350,20350,0.418,33498,28099,35113,16555,49258,0.478,0.954,36.24323,-86.738561
Notre Dame de Namur University,Belmont,CA,Far West,Private nonprofit,4-year,Bachelor's,,,33,0.2857,0.4584,39259,,,,0.067,25000,57676,74576,46641,108134,0.816,0.335,37.517111,-122.284794
Notre Dame of Maryland University,Baltimore,MD,Mid East,Private nonprofit,4-year,Bachelor's,0.8216,,709,0.3644,0.4094,45320,59320,43360,43360,0.5,22666,63918,65344,45601,97657,0.824,0.347,39.350612,-76.619739
Nouvelle Institute,Miami,FL,Southeast,Private for-profit,Less than 2-year,Certificate,,,75,1.0,0.6526,0,,,,0.8706,,15130,16138,8896,28249,0.159,,25.779494,-80.249645
Nova Academy of Cosmetology,Rochester,MN,Plains,Private for-profit,Less than 2-year,Certificate,,,205,0.3524,0.3136,28358,,,,0.7654,9424,24551,32156,17524,50720,,0.293,44.08537,-92.509748
Nova College de Puerto Rico,Bayamon,PR,Outlying Areas,Private for-profit,2-year,Certificate,,,144,0.8571,0.48,0,,,,0.6207,,15043,20251,10030,29656,0.167,,18.398358,-66.160559
Nova Southeastern University,Fort Lauderdale,FL,Southeast,Private nonprofit,4-year,Bachelor's,0.7321,1157,7240,0.3581,0.3733,31002,56692,38700,38700,0.6334,24250,58153,59209,34270,92510,0.777,0.41,26.082288,-80.249891
Nunez Community College,Chalmette,LA,Southeast,Public,2-year,Certificate,,,1520,0.3766,0.5518,16978,18175,4255,4255,0.2733,13000,32367,35343,17328,56708,0.525,0.368,29.95419,-89.95888
Nuvani Institute,San Antonio,TX,Southwest,Private for-profit,Less than 2-year,Certificate,,,12,0.8621,0.6176,14218,,,,0.8788,5304,17347,19484,11020,32942,,0.272,29.457062,-98.498977
Nuvani Institute,Eagle Pass,TX,Southwest,Private for-profit,Less than 2-year,Certificate,,,77,0.8854,0.625,16436,,,,0.92,5030,17555,22354,9907,36608,0.197,0.225,28.707864,-100.506009
Nuvani Institute-Del Rio,Del Rio,TX,Southwest,Private for-profit,Less than 2-year,Not classified,,,,,0.625,16436,,,,,5030,17555,22354,9907,36608,0.197,0.225,,
Nuvani Institute-South Campus,Austin,TX,Southwest,Private for-profit,Less than 2-year,Not classified,,,,,0.625,16436,,,,,5030,17555,22354,9907,36608,0.197,0.225,,
Nuvani Institute-Uvalde,Uvalde,TX,Southwest,Private for-profit,Less than 2-year,Not classified,,,,,0.6176,14218,,,,,5304,17347,19484,11020,32942,,0.272,,
Nuvo College of Cosmetology,Norton Shores,MI,Great Lakes,Private for-profit,Less than 2-year,Certificate,,,96,0.3455,,16788,,,,0.2,5500,11598,18159,9189,34361,,0.303,43.190304,-86.266315
Oak Hills Christian College,Bemidji,MN,Plains,Private nonprofit,4-year,Bachelor's,,,75,0.4701,,32610,33958,19440,19440,0.2273,20980,31108,35983,21390,52705,0.473,0.583,47.425836,-94.901503
Oakland City University,Oakland City,IN,Great Lakes,Private nonprofit,4-year,Bachelor's,0.8251,,499,0.4071,0.4416,41786,42441,27900,27900,0.6552,16758,43190,43283,25495,60601,0.656,0.387,38.340891,-87.35144
Oakland Community College,Auburn Hills,MI,Great Lakes,Public,2-year,Associate,,,12748,0.3066,0.4285,21504,12353,3020,5560,0.2065,9105,29877,37395,16677,59461,0.58,0.243,42.646226,-83.224283
Oakland University,Rochester Hills,MI,Great Lakes,Public,4-year,Bachelor's,0.8784,1120,12351,0.3198,0.3243,45384,25182,15262,23188,0.5756,22750,49017,58612,36515,84827,0.752,0.388,42.674573,-83.216418
Oakton College,Des Plaines,IL,Great Lakes,Public,2-year,Certificate,,,6072,0.1903,0.4335,21708,11431,3985,12462,0.3696,5250,38528,47852,24249,73719,0.691,0.11,42.061893,-87.880644
Oakwood University,Huntsville,AL,Southeast,Private nonprofit,4-year,Bachelor's,0.4522,,1153,0.4437,0.1762,36829,40176,22512,22512,0.4462,27000,30969,42488,23113,67182,0.604,0.635,34.756344,-86.652705
Oberlin College,Oberlin,OH,Great Lakes,Private nonprofit,4-year,Bachelor's,0.3418,1447,2887,0.0964,0.0887,111580,87404,67366,67366,0.8089,26000,38871,58343,32470,85039,0.68,0.446,41.291992,-82.216795
Occidental College,Los Angeles,CA,Far West,Private nonprofit,4-year,Bachelor's,0.4417,1452,1877,0.1656,0.1759,76004,84800,66274,66274,0.8088,23000,52209,75951,53141,105789,0.812,0.303,34.127124,-118.210908
Ocean Corporation,Houston,TX,Southwest,Private for-profit,Less than 2-year,Certificate,,,192,0.2948,0.5227,21575,,,,0.9211,9500,49748,53474,24640,87368,0.731,0.178,29.665467,-95.57034
Ocean County College,Toms River,NJ,Mid East,Public,2-year,Associate,,,5424,0.2703,0.5195,29639,18207,4906,6970,0.4151,11150,36382,45210,23779,68956,0.619,0.247,40.007809,-74.16549
Ocean County Vocational-Technical School,Toms River,NJ,Mid East,Public,Less than 2-year,Certificate,,,497,0.3863,0.5914,25225,,,,0.6531,5500,38949,47122,22980,64423,0.644,0.117,39.985095,-74.195622
Oconee Fall Line Technical College,Sandersville,GA,Southeast,Public,2-year,Certificate,,,1708,0.5715,0.5375,14822,24902,3380,5948,0.6515,6514,29299,30899,16069,46474,0.449,0.211,32.996687,-82.839621
Odessa College,Odessa,TX,Southwest,Public,4-year,Associate,,,4654,0.2152,0.5713,22562,13086,2688,4926,0.3702,7750,34867,42026,23302,68855,0.629,0.184,31.866812,-102.383477
Oehrlein School of Cosmetology,East Peoria,IL,Great Lakes,Private for-profit,Less than 2-year,Certificate,,,65,0.5062,,15966,,,,0.8095,9833,18769,18890,9594,33592,0.287,0.521,40.665832,-89.55712
Ogden-Weber Technical College,Ogden,UT,Rocky Mountains,Public,Less than 2-year,Certificate,,,2928,0.0963,0.4699,19304,,,,0.5306,,36578,35032,17896,52273,0.489,,41.264286,-111.964808
Ogeechee Technical College,Statesboro,GA,Southeast,Public,2-year,Certificate,,,1820,0.4382,0.4599,16174,17125,3388,5956,0.4294,9500,30803,31248,16362,48302,0.464,0.304,32.395767,-81.818517
Oglala Lakota College,Kyle,SD,Plains,Public,4-year,Associate,,,1097,0.4746,0.3889,9514,10494,2684,2684,0.0874,,20536,22517,6574,42268,0.395,,43.366813,-102.240331
Ogle School Hair Skin Nails-Arlington,Arlington,TX,Southwest,Private for-profit,Less than 2-year,Certificate,,,374,0.6936,0.4919,19379,,,,0.724,7917,21209,31055,15138,47736,0.476,0.255,32.720698,-97.140906
Ogle School Hair Skin Nails-Atlanta,Atlanta,GA,Southeast,Private for-profit,Less than 2-year,Certificate,,,,,0.4919,19379,,,,,7917,21209,31055,15138,47736,0.476,0.255,,
Ogle School Hair Skin Nails-Dallas,Dallas,TX,Southwest,Private for-profit,Less than 2-year,Certificate,,,415,0.717,0.5091,18535,,,,0.6857,7917,25000,26885,12682,43866,0.413,0.294,32.836833,-96.754693
Ogle School Hair Skin Nails-Denton,Denton,TX,Southwest,Private for-profit,Less than 2-year,Certificate,,,228,0.5791,0.4919,19379,,,,0.8305,7917,21209,31055,15138,47736,0.476,0.255,33.192334,-97.113213
Ogle School Hair Skin Nails-Ft Worth,Fort Worth,TX,Southwest,Private for-profit,Less than 2-year,Certificate,,,500,0.6536,0.5091,18535,,,,0.8246,7917,25000,26885,12682,43866,0.413,0.294,32.681742,-97.417657
Ogle School Hair Skin Nails-Hurst,Hurst,TX,Southwest,Private for-profit,Less than 2-year,Certificate,,,273,0.6336,0.4799,18404,,,,0.7541,7917,24378,31488,14608,46150,0.437,0.251,32.822035,-97.201403
Ogle School Hair Skin Nails-North Dallas,Dallas,TX,Southwest,Private for-profit,Less than 2-year,Certificate,,,312,0.6151,0.5091,18535,,,,0.7374,7917,25000,26885,12682,43866,0.413,0.294,32.984161,-96.803615
Ogle School Hair Skin Nails-San Antonio,San Antonio,TX,Southwest,Private for-profit,Less than 2-year,Certificate,,,466,0.6571,0.4919,19379,,,,0.765,7917,21209,31055,15138,47736,0.476,0.255,29.518311,-98.503686
Ogle School Hair Skin Nails-Stafford,Stafford,TX,Southwest,Private for-profit,Less than 2-year,Certificate,,,550,0.6944,0.4799,18404,,,,0.8106,7917,24378,31488,14608,46150,0.437,0.251,29.63502,-95.588371
Ogle School Hair Skin Nails-Willowbrook,Houston,TX,Southwest,Private for-profit,Less than 2-year,Certificate,,,481,0.7115,0.4799,18404,,,,0.7049,7917,24378,31488,14608,46150,0.437,0.251,29.961825,-95.550032
Oglethorpe University,Atlanta,GA,Southeast,Private nonprofit,4-year,Bachelor's,0.8845,1227,1352,0.3596,0.1992,46649,60581,47590,47590,0.541,25000,42691,55232,33088,87292,0.704,0.453,33.875441,-84.333687
Ohio Business College-Columbus,Columbus,OH,Great Lakes,Private for-profit,Less than 2-year,Certificate,,,,,0.604,14591,,,,,12416,28337,30389,14824,43009,0.429,0.409,,
Ohio Business College-Dayton-Driving Academy,Trotwood,OH,Great Lakes,Private for-profit,Less than 2-year,Certificate,,,170,0.0675,0.604,14591,,,,0.8443,12416,28337,30389,14824,43009,0.429,0.409,39.823721,-84.29184
Ohio Business College-Sheffield,Sheffield Village,OH,Great Lakes,Private for-profit,2-year,Certificate,,,224,0.5879,0.604,14591,34607,11534,11534,0.7292,12416,28337,30389,14824,43009,0.429,0.409,41.423809,-82.073403
Ohio Christian University,Circleville,OH,Great Lakes,Private nonprofit,4-year,Bachelor's,0.3797,,862,0.3366,0.5474,19860,35017,24600,24600,0.3394,29579,34457,39813,20610,59342,0.647,0.743,39.613155,-82.904885
Ohio Dominican University,Columbus,OH,Great Lakes,Private nonprofit,4-year,Bachelor's,0.9423,,760,0.3691,0.3791,50001,47621,35720,35720,0.4102,26000,43933,51748,34634,73468,0.743,0.502,39.992764,-82.940689
Ohio Media School-Cincinnati,Norwood,OH,Great Lakes,Private for-profit,Less than 2-year,Certificate,,,42,0.7435,0.4326,10759,,,,0.6535,9500,28710,28918,16416,44265,0.591,0.329,39.158005,-84.458763
Ohio Media School-Columbus,Columbus,OH,Great Lakes,Private for-profit,Less than 2-year,Certificate,,,43,0.7483,0.424,16766,,,,0.6091,9500,28853,37423,19551,52877,0.597,0.254,39.955294,-82.8554
Ohio Media School-Valley View,Valley View,OH,Great Lakes,Private for-profit,Less than 2-year,Certificate,,,88,0.7192,0.424,16766,,,,0.6623,9500,28853,37423,19551,52877,0.597,0.254,41.393531,-81.615624
Ohio Northern University,Ada,OH,Great Lakes,Private nonprofit,4-year,Bachelor's,0.744,1252,2489,0.206,0.2357,79216,53580,39800,39800,0.7548,27000,62686,80928,51102,123378,0.879,0.334,40.7662,-83.827441
Ohio State Beauty Academy,Lima,OH,Great Lakes,Private for-profit,2-year,Certificate,,,91,0.5088,,30626,,,,0.5714,8498,21888,25434,10501,36779,0.266,0.334,40.761697,-84.164435
Ohio State College of Barber Styling,Columbus,OH,Great Lakes,Private for-profit,2-year,Certificate,,,406,0.4322,0.7212,8497,,,,0.6846,10061,15590,18341,,45407,0.282,0.549,39.977375,-82.877144
Ohio State School of Cosmetology-Canal Winchester,CANAL WINCHESTER,OH,Great Lakes,Private for-profit,2-year,Certificate,,,57,0.5429,0.5536,22825,,,,0.6071,9833,18363,23131,10813,39445,0.394,0.425,39.856608,-82.831966
Ohio State School of Cosmetology-Heath,Heath,OH,Great Lakes,Private for-profit,2-year,Certificate,,,86,0.3622,,25836,,,,0.84,9900,23752,25078,11101,37112,0.494,0.395,40.03011,-82.440975
Ohio State University Agricultural Technical Institute,Wooster,OH,Great Lakes,Public,2-year,Associate,,,464,0.2706,0.2622,64714,24595,9584,36362,0.4328,19976,51438,60409,39834,88954,0.795,0.331,40.775194,-81.922936
Ohio State University-Lima Campus,Lima,OH,Great Lakes,Public,4-year,Bachelor's,,,621,0.295,0.2622,64714,19487,9488,36266,0.2271,19976,51438,60409,39834,88954,0.795,0.331,40.738521,-84.02384
Ohio State University-Main Campus,Columbus,OH,Great Lakes,Public,4-year,Bachelor's,0.6057,1387,45638,0.2016,0.2622,64714,30305,13244,40022,0.8772,19976,51438,60409,39834,88954,0.795,0.331,39.999803,-83.007525
Ohio State University-Mansfield Campus,Mansfield,OH,Great Lakes,Public,4-year,Associate,,,736,0.3879,0.2622,64714,23623,9488,36266,0.1531,19976,51438,60409,39834,88954,0.795,0.331,40.796536,-82.580194
Ohio State University-Marion Campus,Marion,OH,Great Lakes,Public,4-year,Associate,,,794,0.2964,0.2622,64714,18928,9488,36266,0.2669,19976,51438,60409,39834,88954,0.795,0.331,40.577779,-83.090597
Ohio State University-Newark Campus,Newark,OH,Great Lakes,Public,4-year,Associate,,,2396,0.3922,0.2622,64714,22063,9488,36266,0.2915,19976,51438,60409,39834,88954,0.795,0.331,40.069314,-82.447441
Ohio Technical College,Cleveland,OH,Great Lakes,Private for-profit,2-year,Certificate,,,683,0.4966,0.4686,29864,,,,0.8965,12000,44063,48450,29124,66516,0.648,0.248,41.518038,-81.656868
Ohio University-Chillicothe Campus,Chillicothe,OH,Great Lakes,Public,4-year,Associate,,,833,0.1587,0.3387,58609,11356,6362,9444,0.1439,21056,48991,52581,32485,79745,0.738,0.4,39.329404,-83.002175
Ohio University-Eastern Campus,Saint Clairsville,OH,Great Lakes,Public,4-year,Bachelor's,,,298,0.0983,0.3387,58609,10777,6362,9444,0.2065,21056,48991,52581,32485,79745,0.738,0.4,40.073392,-80.976073
Ohio University-Lancaster Campus,Lancaster,OH,Great Lakes,Public,4-year,Bachelor's,,,691,0.1179,0.3387,58609,10984,6362,9444,0.1441,21056,48991,52581,32485,79745,0.738,0.4,39.738752,-82.586069
Ohio University-Main Campus,Athens,OH,Great Lakes,Public,4-year,Bachelor's,0.8499,1212,19633,0.2121,0.3387,58609,30586,14158,24838,0.6545,21056,48991,52581,32485,79745,0.738,0.4,39.326798,-82.100985
Ohio University-Southern Campus,Ironton,OH,Great Lakes,Public,4-year,Associate,,,415,0.1293,0.3387,58609,11607,6362,9444,0.2103,21056,48991,52581,32485,79745,0.738,0.4,38.524781,-82.666876
Ohio University-Zanesville Campus,Zanesville,OH,Great Lakes,Public,4-year,Associate,,,560,0.1301,0.3387,58609,11041,6362,9444,0.216,21056,48991,52581,32485,79745,0.738,0.4,39.96098,-82.031063
Ohio Wesleyan University,Delaware,OH,Great Lakes,Private nonprofit,4-year,Bachelor's,0.556,,1516,0.2817,0.2151,65861,68424,53888,53888,0.5857,27000,42495,55624,36230,77702,0.798,0.485,40.295963,-83.069757
Ohlone College,Fremont,CA,Far West,Public,2-year,Associate,,,7099,0.1296,0.4798,19455,21254,1202,8714,0.5167,,45622,54278,24991,86624,0.687,,37.529931,-121.911795
Okaloosa Technical College,Fort Walton Beach,FL,Southeast,Public,Less than 2-year,Certificate,,,421,0.3843,0.4622,18421,,,,0.8242,,33182,32577,16259,48622,0.51,,30.46866,-86.614844
Oklahoma Baptist University,Shawnee,OK,Southwest,Private nonprofit,4-year,Bachelor's,0.4941,1024,1308,0.1739,0.2574,51701,48695,35570,35570,0.5237,24801,42581,48434,32025,68661,0.716,0.512,35.360492,-96.932459
Oklahoma Christian University,Edmond,OK,Southwest,Private nonprofit,4-year,Bachelor's,0.9654,1122,1885,0.3302,0.1784,74627,39106,27180,27180,0.5551,26000,43281,49203,31362,73028,0.705,0.528,35.611412,-97.469526
Oklahoma City Community College,Oklahoma City,OK,Southwest,Public,2-year,Associate,,,9758,0.252,0.4892,23868,11439,4059,9810,0.2655,10388,33947,38146,19206,58011,0.629,0.272,35.387699,-97.570109
Oklahoma City University,Oklahoma City,OK,Southwest,Private nonprofit,4-year,Bachelor's,0.7702,1177,1514,0.2391,0.2679,65072,47247,35648,35648,0.6488,20835,42312,54655,32128,90623,0.735,0.381,35.495271,-97.541242
Oklahoma Panhandle State University,Goodwell,OK,Southwest,Public,4-year,Bachelor's,,,917,0.4771,0.4123,40463,15055,8092,8673,0.2094,12500,39089,44933,26039,69232,0.69,0.278,36.594518,-101.638488
Oklahoma State University Institute of Technology,Okmulgee,OK,Southwest,Public,4-year,Associate,,,2028,0.4152,0.435,29751,17256,5774,11384,0.4239,11334,44523,45634,25512,74705,0.641,0.248,35.626934,-95.940373
Oklahoma State University-Main Campus,Stillwater,OK,Southwest,Public,4-year,Bachelor's,0.7504,1150,21773,0.2799,0.2863,48983,28290,10234,25754,0.6817,20500,46855,57413,37402,84788,0.803,0.357,36.123085,-97.069743
Oklahoma State University-Oklahoma City,Oklahoma City,OK,Southwest,Public,4-year,Associate,,,3514,0.3166,0.4843,26054,12881,3779,9564,0.1485,14250,35073,41307,20516,63178,0.642,0.345,35.474969,-97.581959
Oklahoma Technical College,Tulsa,OK,Southwest,Private nonprofit,2-year,Certificate,,,128,0.6651,0.5436,17680,,,,0.7254,8898,26891,28954,14023,42320,0.396,0.307,36.098687,-95.905011
Oklahoma Wesleyan University,Bartlesville,OK,Southwest,Private nonprofit,4-year,Bachelor's,0.6617,,673,0.2925,0.4083,50830,44743,33550,33550,0.3476,24813,55700,59841,37359,93324,0.811,0.415,36.717453,-95.95671
Old Dominion University,Norfolk,VA,Southeast,Public,4-year,Bachelor's,0.9036,1197,17514,0.3682,0.3321,38020,29446,12750,33780,0.4632,24000,46732,54914,37373,80436,0.801,0.437,36.886418,-76.30666
Old Town Barber College,Wichita,KS,Plains,Private for-profit,Less than 2-year,Certificate,,,97,0.7534,0.614,16171,,,,0.4603,13000,14124,21295,,35054,0.365,0.61,37.68586,-97.323179
Old Town Barber College - KC,Kansas City,MO,Plains,Private for-profit,Less than 2-year,Not classified,,,,,0.614,16171,,,,,13000,14124,21295,,35054,0.365,0.61,,
Oliver Finley Academy of Cosmetology,Boise,ID,Rocky Mountains,Private for-profit,Less than 2-year,Certificate,,,254,0.3923,0.4343,27088,,,,0.881,6333,24008,26323,12163,41627,,0.241,43.667102,-116.281478
Olivet Nazarene University,Bourbonnais,IL,Great Lakes,Private nonprofit,4-year,Bachelor's,0.5586,1117,2603,0.3804,0.2768,66010,51981,38900,38900,0.6084,25000,49278,53213,34206,80621,0.7,0.47,41.155237,-87.875165
Olympic College,Bremerton,WA,Far West,Public,4-year,Associate,,,3826,0.186,0.4202,18989,15585,4197,9740,0.3103,12000,34510,43169,22597,67162,0.615,0.278,47.574769,-122.635113
Omega Institute of Cosmetology,Houma,LA,Southeast,Private for-profit,Less than 2-year,Certificate,,,55,0.5152,,45117,,,,0.9688,,17872,14923,8438,31294,,,29.602712,-90.752356
Onondaga Community College,Syracuse,NY,Mid East,Public,2-year,Associate,,,4456,0.2777,0.3951,24817,16585,6102,11392,0.2739,10000,34215,41190,22911,60566,0.636,0.243,43.006329,-76.197878
Onondaga Cortland Madison BOCES,Liverpool,NY,Mid East,Public,Less than 2-year,Certificate,,,354,0.6088,0.4453,19136,,,,0.7328,6419,37223,40658,22886,55382,0.696,0.158,43.096302,-76.174381
Opelousas School of Cosmetology,Opelousas,LA,Southeast,Private for-profit,Less than 2-year,Certificate,,,37,0.7174,,15718,,,,0.8,,18228,26459,,37096,,,30.53165,-92.077854
Oral Roberts University,Tulsa,OK,Southwest,Private nonprofit,4-year,Bachelor's,0.989,1196,3487,0.2843,0.3094,43800,50004,35470,35470,0.5683,27000,39112,46885,26903,71874,0.689,0.576,36.049129,-95.952547
Orange Coast College,Costa Mesa,CA,Far West,Public,2-year,Certificate,,,16091,0.2438,0.5052,17828,15561,1392,11640,0.476,9500,35739,47348,23991,75013,0.67,0.201,33.66927,-117.909086
Orange County Community College,Middletown,NY,Mid East,Public,2-year,Associate,,,3989,0.2883,0.456,32491,14807,6526,12334,0.2522,12000,36486,44117,25903,69308,0.651,0.272,41.438629,-74.426028
Orange Technical College,Orlando,FL,Southeast,Public,Less than 2-year,Certificate,,,166,0.0822,0.4602,14956,,,,0.7925,,27013,36650,16680,52538,0.592,,28.550422,-81.383783
Orange Technical College-Avalon Campus,Orlando,FL,Southeast,Public,Less than 2-year,Certificate,,,,,0.4602,14956,,,,,,27013,36650,16680,52538,0.592,,,
Orange Technical College-East Campus,Orlando,FL,Southeast,Public,2-year,Certificate,,,334,0.0555,0.4835,16529,,,,0.6254,,31429,31858,15821,49393,0.468,,28.604386,-81.36174
Orange Technical College-South Campus,Orlando,FL,Southeast,Public,2-year,Certificate,,,1124,0.0866,0.4391,16000,,,,0.3454,,32968,33350,16588,51223,0.51,,28.471695,-81.415996
Orange Technical College-West Campus,Ocoee,FL,Southeast,Public,2-year,Certificate,,,677,0.0764,0.5149,15580,,,,0.7093,,27166,25145,12662,41361,0.456,,28.597903,-81.555585
Orange Ulster BOCES,Newburgh,NY,Mid East,Public,Less than 2-year,Certificate,1.0,,74,0.625,0.5,26274,,,,1.0,,45634,57794,38815,71691,0.802,,41.501084,-74.00786
Orangeburg Calhoun Technical College,Orangeburg,SC,Southeast,Public,2-year,Certificate,,,1539,0.4548,0.457,17829,15165,5210,8354,0.3228,10562,31617,35761,18482,53657,0.503,0.295,33.54485,-80.82927
Oregon Health & Science University,Portland,OR,Far West,Public,4-year,Bachelor's,,,836,0.2893,0.3155,19006,,,,,16625,99818,101028,72088,121864,0.946,0.165,45.498772,-122.686096
Oregon Institute of Technology,Klamath Falls,OR,Far West,Public,4-year,Bachelor's,0.9502,1150,2892,0.1786,0.3947,36182,27524,13260,37196,0.5378,22500,68301,72273,46200,102021,0.804,0.311,42.257152,-121.785177
Oregon State University,Corvallis,OR,Far West,Public,4-year,Bachelor's,0.773,1290,30743,0.2277,0.3137,44450,31653,14400,38190,0.7011,21221,50843,64010,39922,92783,0.791,0.332,44.56395,-123.274723
Oregon State University-Cascades Campus,Bend,OR,Far West,Public,4-year,Bachelor's,0.6311,1255,1044,0.2741,0.3137,44450,29798,13566,37356,0.5556,21221,50843,64010,39922,92783,0.791,0.332,44.042795,-121.333703
Orion Institute,Perrysburg,OH,Great Lakes,Private for-profit,Less than 2-year,Certificate,,,44,0.7386,,23062,,,,0.8387,7885,21261,25847,12157,45977,,0.305,41.556265,-83.598514
Orion Technical College,Davenport,IA,Plains,Private for-profit,4-year,Certificate,,,41,0.3973,0.4749,20621,30641,15600,15600,0.8065,9500,35488,37008,21217,59239,0.684,0.257,41.56056,-90.528333
Orleans Technical College,Philadelphia,PA,Mid East,Private nonprofit,2-year,Certificate,0.7951,,340,0.5079,0.5844,18670,,,,0.9,7521,41834,38668,16397,58363,0.551,0.195,40.090338,-75.011324
Orlo School of Hair Design and Cosmetology,Albany,NY,Mid East,Private for-profit,Less than 2-year,Certificate,,,56,0.3736,0.561,23884,,,,0.7714,6538,27041,32014,13242,41452,0.385,0.204,42.674053,-73.784587
Osceola Technical College,Kissimmee,FL,Southeast,Public,2-year,Certificate,,,519,0.3193,0.4722,17889,,,,0.467,,32858,38484,19560,57721,0.632,,28.298648,-81.349696
Osceola Technical College - Poinciana Campus,Kissimmee,FL,Southeast,Public,Less than 2-year,Not classified,,,,,0.4722,17889,,,,,,32858,38484,19560,57721,0.632,,,
Osceola Technical College - St. Cloud Campus,St. Cloud,FL,Southeast,Public,Less than 2-year,Not classified,,,,,0.4722,17889,,,,,,32858,38484,19560,57721,0.632,,,
Otero College,La Junta,CO,Rocky Mountains,Public,2-year,Certificate,,,619,0.3817,0.5104,23822,21020,4576,7286,0.381,10250,34087,39018,21189,60668,0.551,0.263,37.969984,-103.544874
Otis College of Art and Design,Los Angeles,CA,Far West,Private nonprofit,4-year,Bachelor's,0.8176,1310,1223,0.3363,0.2419,37380,75861,56488,56488,0.663,27000,43654,58152,24657,89129,0.689,0.464,33.956607,-118.416615
Otsego Area BOCES-Practical Nursing Program,Oneonta,NY,Mid East,Public,Less than 2-year,Certificate,,,31,,0.5246,26114,,,,0.7273,,40094,45248,22214,70883,,,42.459471,-75.064864
Ottawa University-Kansas City,Overland Park,KS,Plains,Private nonprofit,4-year,Bachelor's,,,219,0.4912,0.4009,37232,,,,,21500,49139,55552,35894,79726,0.774,0.387,38.932055,-94.635461
Ottawa University-Milwaukee,Brookfield,WI,Great Lakes,Private nonprofit,4-year,Bachelor's,,,41,0.4167,0.4009,37232,,,,,21500,49139,55552,35894,79726,0.774,0.387,43.02963,-88.115185
Ottawa University-Online,Overland Park,KS,Plains,Private nonprofit,4-year,Bachelor's,,,259,0.3389,0.4009,37232,,13296,13296,0.4286,21500,49139,55552,35894,79726,0.774,0.387,38.932055,-94.635461
Ottawa University-Ottawa,Ottawa,KS,Plains,Private nonprofit,4-year,Bachelor's,0.8296,1000,870,0.3675,0.4009,37232,51856,35880,35880,0.279,21500,49139,55552,35894,79726,0.774,0.387,38.603173,-95.264187
Ottawa University-Surprise,Surprise,AZ,Southwest,Private nonprofit,4-year,Bachelor's,0.7815,972,836,0.3984,0.4009,37232,52170,35880,35880,0.1818,21500,49139,55552,35894,79726,0.774,0.387,33.628923,-112.368233
Otterbein University,Westerville,OH,Great Lakes,Private nonprofit,4-year,Bachelor's,0.8453,1220,2157,0.3063,0.2612,75003,48321,35548,35548,0.6788,26000,44539,53313,36344,77271,0.76,0.488,40.125327,-82.936444
Ouachita Baptist University,Arkadelphia,AR,Southeast,Private nonprofit,4-year,Bachelor's,0.6752,1211,1602,0.2341,0.2355,62149,47321,34500,34500,0.614,21050,41697,51673,34167,70232,0.724,0.407,34.126093,-93.052471
Our Lady of the Lake University,San Antonio,TX,Southwest,Private nonprofit,4-year,Bachelor's,,,1066,0.5719,0.4759,28530,42865,32106,32106,0.4611,24999,41195,48675,30371,65309,0.742,0.514,29.426194,-98.54365
Owens Community College,Perrysburg,OH,Great Lakes,Public,2-year,Certificate,,,4361,0.224,0.4429,24901,14436,5870,10502,0.3511,16667,34106,37275,19291,56978,0.575,0.447,41.587998,-83.538634
Owensboro Community and Technical College,Owensboro,KY,Southeast,Public,2-year,Certificate,,,2648,0.3061,0.4952,23689,13476,4728,6432,0.5374,7933,31283,35798,18751,55436,0.55,0.222,37.717355,-87.082861
Oxnard College,Oxnard,CA,Far West,Public,2-year,Associate,,,6240,0.3736,0.6403,22231,9437,1426,9615,0.3419,,34643,41393,22860,60859,0.597,,34.166104,-119.157604
Ozark Christian College,Joplin,MO,Plains,Private nonprofit,4-year,Bachelor's,0.9361,,602,0.4251,0.2586,49407,28485,16000,16000,0.6364,16772,32528,41297,27607,56404,0.595,0.406,37.103172,-94.510622
Ozarka College,Melbourne,AR,Southeast,Public,2-year,Certificate,,,575,0.4186,0.5092,17500,12069,3820,6820,0.4715,9818,28145,29314,15082,46844,0.437,0.335,36.053031,-91.896355
Ozarks Technical Community College,Springfield,MO,Plains,Public,4-year,Associate,,,8165,0.3818,0.4651,21939,13188,4512,7200,0.3254,10453,32525,36455,21413,53901,0.577,0.287,37.216479,-93.279985
P B Cosmetology Education Center,Gloucester,NJ,Mid East,Private for-profit,Less than 2-year,Certificate,,,120,0.3944,0.5924,23399,,,,0.8571,7667,24059,26800,11510,45525,0.338,0.286,39.898805,-75.126308
P C Age-Jersey City,Jersey City,NJ,Mid East,Private for-profit,Less than 2-year,Certificate,,,106,0.3857,0.4938,24088,,,,0.7273,12966,51920,54323,29598,78625,0.515,0.239,40.732114,-74.06691
P&A Scholars Beauty School,Detroit,MI,Great Lakes,Private for-profit,Less than 2-year,Certificate,,,90,0.6438,0.5175,12679,,,,0.6522,6333,16883,20249,9886,38616,,0.313,42.376091,-83.157878
PC AGE-Metropark,Iselin,NJ,Mid East,Private for-profit,Less than 2-year,Certificate,,,46,0.2371,0.4938,24088,,,,0.5714,12966,51920,54323,29598,78625,0.515,0.239,40.561771,-74.325692
PCI Academy-Ames,Ames,IA,Plains,Private for-profit,Less than 2-year,Certificate,,,176,0.3414,0.3333,38753,,,,0.7662,5828,26492,31330,13811,45408,0.529,0.186,41.99767,-93.613611
PCI Academy-Iowa City,Iowa City,IA,Plains,Private for-profit,Less than 2-year,Certificate,,,113,0.3354,0.3333,38753,,,,0.7143,5828,26492,31330,13811,45408,0.529,0.186,41.642665,-91.503091
PCI Academy-Plymouth,Plymouth,MN,Plains,Private for-profit,Less than 2-year,Certificate,,,165,0.3333,0.3333,38753,,,,0.7222,5828,26492,31330,13811,45408,0.529,0.186,45.033765,-93.508453
PCI College,Cerritos,CA,Far West,Private for-profit,4-year,Associate,,,149,0.6991,0.6119,19392,,,,0.6842,17542,29823,36141,14611,55097,0.542,0.485,33.87475,-118.100169
PCI Health Training Center,Dallas,TX,Southwest,Private for-profit,Less than 2-year,Certificate,,,256,0.8803,0.7339,17655,,,,0.8596,7943,31999,34096,19045,46120,0.499,0.233,32.82007,-96.876316
PITC Institute,Wyncote,PA,Mid East,Private for-profit,2-year,Associate,,,282,0.5,0.5848,21296,,,,0.3053,16722,44211,58389,37266,89918,,0.286,40.097592,-75.145122
PJ's College of Cosmetology- Brownsburg,Brownsburg,IN,Great Lakes,Private for-profit,Less than 2-year,Not classified,,,,,0.5669,12519,,,,,8289,19526,22402,11471,35886,0.236,0.37,,
PJ's College of Cosmetology- Greenfield,Greenfield,IN,Great Lakes,Private for-profit,Less than 2-year,Not classified,,,,,0.5619,14380,,,,,7917,19150,20392,8563,37477,0.267,0.388,,
PJ's College of Cosmetology- Indianapolis,Indianapolis,IN,Great Lakes,Private for-profit,Less than 2-year,Not classified,,,,,0.5619,14380,,,,,7917,19150,20392,8563,37477,0.267,0.388,,
PJ's College of Cosmetology- Jeffersonville,Jeffersonville,IN,Great Lakes,Private for-profit,Less than 2-year,Not classified,,,,,0.5669,12519,,,,,8289,19526,22402,11471,35886,0.236,0.37,,
PJ's College of Cosmetology- Louisville,Louisville,KY,Southeast,Private for-profit,Less than 2-year,Not classified,,,,,0.5619,14380,,,,,7917,19150,20392,8563,37477,0.267,0.388,,
PJ's College of Cosmetology- Muncie,Muncie,IN,Great Lakes,Private for-profit,Less than 2-year,Not classified,,,,,0.5619,14380,,,,,7917,19150,20392,8563,37477,0.267,0.388,,
PJ's College of Cosmetology- Plainfield,Plainfield,IN,Great Lakes,Private for-profit,Less than 2-year,Not classified,,,,,0.5619,14380,,,,,7917,19150,20392,8563,37477,0.267,0.388,,
PJ's College of Cosmetology-Bowling Green,Bowling Green,KY,Southeast,Private for-profit,Less than 2-year,Certificate,,,219,0.5794,0.5619,14380,,,,0.6437,7917,19150,20392,8563,37477,0.267,0.388,36.979195,-86.469756
PJ's College of Cosmetology-Clarksville,Clarksville,IN,Great Lakes,Private for-profit,Less than 2-year,Certificate,,,125,0.4,0.5669,12519,,,,0.6939,8289,19526,22402,11471,35886,0.236,0.37,38.3121,-85.768914
PJ's College of Cosmetology-Glasgow,Glasgow,KY,Southeast,Private for-profit,Less than 2-year,Certificate,,,44,0.6406,0.6429,14240,,,,0.6667,14042,16280,18537,7793,32672,,0.758,37.012713,-85.922275
PJ's College of Cosmetology-Richmond,Richmond,IN,Great Lakes,Private for-profit,Less than 2-year,Certificate,,,55,0.5778,,10071,,,,0.5385,9833,16731,24039,10374,30459,,0.409,39.83227,-84.842601
PRCC Hancock Aviation Aerospace Workforce Academy,Kiln,MS,Southeast,Public,2-year,Not classified,,,,,0.4233,18704,,3700,6100,,9750,28592,33019,16868,53245,0.533,0.295,,
Pace University,New York,NY,Mid East,Private nonprofit,4-year,Bachelor's,0.7592,1266,7665,0.2725,0.2941,55332,69550,53290,53290,0.6003,23250,52767,70378,37204,101512,0.83,0.33,40.711014,-74.004719
Pacific College,Costa Mesa,CA,Far West,Private for-profit,4-year,Associate,0.56,,225,0.2798,0.6342,31206,,,,0.625,22469,62792,70064,47901,95262,0.699,0.321,33.680043,-117.873382
Pacific College of Health and Science,San Diego,CA,Far West,Private for-profit,4-year,Certificate,,,143,0.2995,0.4091,16839,54944,11000,11000,0.7692,12271,25108,26209,12069,53313,0.368,0.468,32.778391,-117.16073
Pacific College of Health and Science,Chicago,IL,Great Lakes,Private for-profit,4-year,Certificate,,,2,0.1064,0.4091,16839,,7508,7508,0.7778,12271,25108,26209,12069,53313,0.368,0.468,41.886588,-87.625488
Pacific College of Health and Science,New York,NY,Mid East,Private for-profit,4-year,Associate,,,330,0.228,0.4091,16839,59356,15804,15804,0.5556,12271,25108,26209,12069,53313,0.368,0.468,40.7088,-74.006721
Pacific Islands University,Mangilao,GU,Outlying Areas,Private nonprofit,4-year,Associate,1.0,,61,1.0,0.3913,0,13032,7203,7516,0.6667,,,20902,,41560,,,13.465046,144.835821
Pacific Lutheran University,Tacoma,WA,Far West,Private nonprofit,4-year,Bachelor's,0.7802,1168,2401,0.3527,0.2958,59189,62459,52254,52254,0.6857,22578,52212,66990,44167,88955,0.817,0.337,47.14516,-122.440421
Pacific Northwest College of Art,Portland,OR,Far West,Private nonprofit,4-year,Bachelor's,0.7485,,420,0.4053,0.1796,47348,70376,49006,49006,0.2913,25000,24101,34883,16871,59519,0.506,0.717,45.526766,-122.678182
Pacific Oaks College,Pasadena,CA,Far West,Private nonprofit,4-year,Bachelor's,0.3438,,312,0.5665,0.5785,24828,,32520,32520,,29105,47962,52485,29853,66594,0.752,0.555,34.153382,-118.151323
Pacific Rim Christian University,Honolulu,HI,Far West,Private nonprofit,4-year,Bachelor's,,,129,0.7193,,27346,24042,13580,13580,0.4545,,,40523,8202,58963,,,21.328198,-157.888379
Pacific Union College,Angwin,CA,Far West,Private nonprofit,4-year,Associate,0.473,,805,0.34,0.2572,55384,49404,37173,37173,0.5828,27500,52713,70484,38738,111035,0.786,0.39,38.570585,-122.440308
Pacific University,Forest Grove,OR,Far West,Private nonprofit,4-year,Bachelor's,0.8956,1090,1516,0.2777,0.2857,64458,72374,56374,56374,0.6698,23223,46936,60583,38184,86206,0.782,0.383,45.521394,-123.108777
Paine College,Augusta,GA,Southeast,Private nonprofit,4-year,Bachelor's,0.9543,,388,0.7558,0.3786,21579,27431,14596,14596,0.1443,,25240,33338,18210,49443,0.528,,33.469545,-81.993225
Palau Community College,Koror,PW,Outlying Areas,Public,2-year,Associate,,,393,0.6951,0.4262,11047,9624,3730,3970,0.2727,,26583,29898,14647,48546,0.458,,7.343177,134.473744
Palladium Technical Academy Inc,Temple City,CA,Far West,Private for-profit,Less than 2-year,Certificate,,,49,1.0,0.6977,8320,,,,0.9189,7755,31270,34799,15114,60090,,0.223,34.091838,-118.04358
Palm Beach Atlantic University,West Palm Beach,FL,Southeast,Private nonprofit,4-year,Bachelor's,0.8199,1075,2603,0.2296,0.22,52818,53827,40650,40650,0.5534,22500,42366,49232,29283,76114,0.708,0.457,26.7044,-80.05247
Palm Beach State College,Lake Worth,FL,Southeast,Public,4-year,Associate,,,21956,0.3835,0.4944,21408,16830,3050,10910,0.4106,7081,33729,41923,23109,62462,0.637,0.169,26.61256,-80.08653
Palmer College of Chiropractic,Davenport,IA,Plains,Private nonprofit,4-year,Bachelor's,,,43,0.2128,,17737,,,,,,40025,59483,40256,76303,0.716,,41.529021,-90.574607
Palo Alto College,San Antonio,TX,Southwest,Public,4-year,Associate,,,8801,0.2658,0.6379,22304,11946,3412,9952,0.3296,13393,33233,37448,21915,54989,0.58,0.358,29.322955,-98.543468
Palo Alto University,Palo Alto,CA,Far West,Private nonprofit,4-year,Bachelor's,,,14,0.5,0.4706,18766,,,,,20500,63310,83187,56893,99108,,0.246,37.382216,-122.187437
Palo Verde College,Blythe,CA,Far West,Public,2-year,Certificate,,,3381,0.1162,0.6395,14998,25212,1288,12880,0.3051,,30602,36389,19181,53892,0.497,,33.661538,-114.651698
Palomar College,San Marcos,CA,Far West,Public,2-year,Certificate,,,17712,0.1826,0.5384,21290,14360,1354,10650,0.3753,,37220,42300,20775,65187,0.648,,33.149483,-117.183978
Palomar Institute of Cosmetology,San Marcos,CA,Far West,Private for-profit,Less than 2-year,Certificate,,,193,0.3315,0.526,23204,,,,0.8906,6333,20718,23451,9479,39127,0.319,0.27,33.13663,-117.188351
Pamlico Community College,Grantsboro,NC,Southeast,Public,2-year,Certificate,,,165,0.2493,0.5354,14462,8227,1867,6475,0.5385,,29240,30005,13699,43863,0.427,,35.068398,-76.83372
Panola College,Carthage,TX,Southwest,Public,2-year,Certificate,,,1388,0.3077,0.5112,21298,13654,2352,5232,0.4345,10500,32390,36072,20649,59898,0.612,0.291,32.156214,-94.356355
Paradise Valley Community College,Phoenix,AZ,Southwest,Public,4-year,Certificate,,,5117,0.1789,0.4671,22686,18375,2358,8958,0.1885,6995,41597,47196,26178,71604,0.665,0.148,33.652135,-112.009865
Paramount Beauty Academy,Portsmouth,OH,Great Lakes,Private for-profit,2-year,Certificate,,,51,0.6795,,9080,,,,0.9296,9833,14941,21361,11769,34676,,0.46,38.739039,-82.979351
Paris Junior College,Paris,TX,Southwest,Public,2-year,Associate,,,2204,0.2567,0.5541,19204,13626,2700,5700,0.3766,5342,30318,36515,18994,56749,0.544,0.146,33.650929,-95.529177
Parisian Beauty School,Hackensack,NJ,Mid East,Private for-profit,Less than 2-year,Certificate,,,441,0.6073,0.5711,21255,,,,0.8795,7667,23313,27767,13068,44220,0.483,0.276,40.889745,-74.041163
Park University,Parkville,MO,Plains,Private nonprofit,4-year,Bachelor's,,,4555,0.4092,0.4796,30016,29427,17500,17500,0.3843,21685,50550,56309,36174,82603,0.8,0.385,39.189256,-94.679041
Parker University,Dallas,TX,Southwest,Private nonprofit,4-year,Bachelor's,,,607,0.5,0.3895,23643,42167,17893,17893,0.7407,12288,44181,42091,23643,73294,0.691,0.292,32.880335,-96.893564
Parkland College,Champaign,IL,Great Lakes,Public,2-year,Associate,,,3348,0.2537,0.3915,26271,14995,4284,13266,0.3177,8548,34215,38320,19002,59450,0.59,0.223,40.131963,-88.290359
Pasadena City College,Pasadena,CA,Far West,Public,2-year,Associate,,,21466,0.3112,0.5636,18768,13677,1180,9820,0.4787,6651,32759,43937,21490,68339,0.622,0.151,34.144552,-118.118196
Pasco-Hernando State College,New Port Richey,FL,Southeast,Public,4-year,Associate,,,6900,0.2945,0.4312,23149,11730,3155,12032,0.41,9535,34724,39903,21632,59483,0.57,0.239,28.2751,-82.646727
Passaic County Community College,Paterson,NJ,Mid East,Public,2-year,Associate,,,4260,0.6105,0.6053,18422,13754,6300,10560,0.1925,7536,31276,36972,17181,56914,0.528,0.204,40.918449,-74.168778
Patrick & Henry Community College,Martinsville,VA,Southeast,Public,2-year,Associate,,,1350,0.4664,0.5436,20870,12043,5002,11440,0.4153,,29895,33323,17869,49534,0.485,,36.737893,-79.871133
Paul D Camp Community College,Franklin,VA,Southeast,Public,2-year,Associate,,,613,0.286,0.4953,23206,10577,5012,11450,0.3571,6880,30338,36031,20130,54676,0.463,0.191,36.674527,-76.93757
Paul Mitchell The School Boise -Paul Mitchell The School Coeur d'Alene,Coeur d'Alene,ID,Rocky Mountains,Private for-profit,Less than 2-year,Not classified,,,,,0.5223,20182,,,,,10555,22004,25719,10837,42369,0.264,0.41,,
Paul Mitchell The School Great Lakes - Sarasota,Sarasota,FL,Southeast,Private for-profit,Less than 2-year,Not classified,,,,,0.4554,20818,,,,,9667,23173,16715,6527,32936,,0.578,,
Paul Mitchell the School-Albuquerque,Albuquerque,NM,Southwest,Private for-profit,Less than 2-year,Certificate,,,119,0.5929,0.4975,19724,,,,0.7759,10556,20360,33273,12968,50068,,0.317,35.102306,-106.566537
Paul Mitchell the School-Arkansas,Fayetteville,AR,Southeast,Private for-profit,Less than 2-year,Certificate,,,99,0.4936,0.482,25628,,,,0.6833,9833,29106,20077,9599,37880,,0.49,36.126373,-94.153892
Paul Mitchell the School-Arlington,Arlington,TX,Southwest,Private for-profit,Less than 2-year,Certificate,,,360,0.5518,0.4291,24338,,,,0.618,8505,25987,28693,13515,47106,0.516,0.296,32.680899,-97.107997
Paul Mitchell the School-Atlanta,Atlanta,GA,Southeast,Private for-profit,Less than 2-year,Certificate,,,249,0.5612,0.4197,16988,,,,0.4783,12500,17131,21775,11196,41425,,0.574,33.781326,-84.414967
Paul Mitchell the School-Austin,Austin,TX,Southwest,Private for-profit,Less than 2-year,Certificate,,,171,0.4611,0.3434,27220,,,,0.7083,7917,27338,23721,10778,41521,,0.334,30.386375,-97.740293
Paul Mitchell the School-Baton Rouge,Baton Rouge,LA,Southeast,Private for-profit,Less than 2-year,Certificate,,,249,0.7091,0.4878,18821,,,,0.75,9833,20947,25699,12791,41294,,0.383,30.41107,-91.044491
Paul Mitchell the School-Birmingham,Hoover,AL,Southeast,Private for-profit,Less than 2-year,Certificate,,,129,0.5063,0.4354,16970,,,,0.56,9833,21295,24367,11501,39523,,0.404,33.388978,-86.808018
Paul Mitchell the School-Boise,Boise,ID,Rocky Mountains,Private for-profit,Less than 2-year,Certificate,,,183,0.5233,0.5223,20182,,,,0.7342,10555,22004,25719,10837,42369,0.264,0.41,43.594479,-116.286058
Paul Mitchell the School-Charleston,North Charleston,SC,Southeast,Private for-profit,Less than 2-year,Certificate,,,264,0.5441,0.4396,23586,,,,0.7451,11740,21933,26696,12652,42547,0.3,0.44,32.874611,-80.022852
Paul Mitchell the School-Charlotte,Charlotte,NC,Southeast,Private for-profit,Less than 2-year,Certificate,,,97,0.4434,0.4388,19448,,,,0.5556,12874,23495,23966,11839,40881,,0.537,35.214191,-80.827602
Paul Mitchell the School-Chicago,Chicago,IL,Great Lakes,Private for-profit,Less than 2-year,Certificate,,,160,0.6154,0.4771,23471,,,,0.6,13598,21694,27652,12454,47791,,0.492,41.866213,-87.646644
Paul Mitchell the School-Cincinnati,Cincinnati,OH,Great Lakes,Private for-profit,Less than 2-year,Certificate,,,246,0.4722,0.4873,20586,,,,0.7879,12500,19643,28363,10842,43336,,0.441,39.291618,-84.392501
Paul Mitchell the School-Clear Lake,Webster,TX,Southwest,Private for-profit,Less than 2-year,Certificate,,,133,0.5816,0.4961,19813,,,,0.8636,11336,26017,27384,12668,48523,0.344,0.414,29.527723,-95.126497
Paul Mitchell the School-Cleveland,Twinsburg,OH,Great Lakes,Private for-profit,Less than 2-year,Certificate,,,181,0.6679,0.5055,19634,,,,0.6182,9833,22587,31064,13590,46087,,0.317,41.330927,-81.463033
Paul Mitchell the School-Colorado Springs,Colorado Springs,CO,Rocky Mountains,Private for-profit,Less than 2-year,Certificate,,,204,0.5775,0.4695,23671,,,,0.8462,7667,24044,27683,13443,40964,,0.277,38.832889,-104.828339
Paul Mitchell the School-Columbia,West Columbia,SC,Southeast,Private for-profit,Less than 2-year,Certificate,,,256,0.5759,0.4396,23586,,,,0.6875,11740,21933,26696,12652,42547,0.3,0.44,33.990955,-81.070249
Paul Mitchell the School-Columbus,Columbus,OH,Great Lakes,Private for-profit,Less than 2-year,Certificate,,,200,0.5222,0.4279,23316,,,,0.8077,9833,28153,37609,15324,51218,,0.261,40.059575,-82.938765
Paul Mitchell the School-Costa Mesa,Costa Mesa,CA,Far West,Private for-profit,Less than 2-year,Certificate,,,395,0.4049,0.4306,22429,,,,0.8243,13000,23724,26897,11395,47166,0.399,0.483,33.695103,-117.927468
Paul Mitchell the School-Dallas,Carrollton,TX,Southwest,Private for-profit,Less than 2-year,Certificate,,,328,0.4337,0.4291,24338,,,,0.6842,8505,25987,28693,13515,47106,0.516,0.296,32.973328,-96.843526
Paul Mitchell the School-Delaware,Newark,DE,Mid East,Private for-profit,Less than 2-year,Certificate,,,148,0.5122,0.3934,25560,,,,0.5263,9833,28178,32242,18128,44886,,0.305,39.62274,-75.680231
Paul Mitchell the School-East Bay,Pleasant Hill,CA,Far West,Private for-profit,Less than 2-year,Certificate,,,184,0.454,0.5,21716,,,,0.7813,13083,23133,29418,,57840,,0.445,37.94492,-122.061226
Paul Mitchell the School-Esani,Roswell,GA,Southeast,Private for-profit,Less than 2-year,Certificate,,,359,0.5381,0.3853,21016,,,,0.7653,9833,24107,26287,12346,46977,,0.374,34.042224,-84.333674
Paul Mitchell the School-Fayetteville,Fayetteville,NC,Southeast,Private for-profit,Less than 2-year,Certificate,,,149,0.6838,0.4396,23586,,,,0.6604,11740,21933,26696,12652,42547,0.3,0.44,35.070011,-78.957673
Paul Mitchell the School-Federal Way,Federal Way,WA,Far West,Private for-profit,Less than 2-year,Certificate,,,147,0.4163,0.3963,25151,,,,0.0556,10555,30632,31123,14332,50222,0.489,0.339,47.320505,-122.304472
Paul Mitchell the School-Fort Myers,Fort Myers,FL,Southeast,Private for-profit,Less than 2-year,Certificate,,,104,0.3421,0.4554,20818,,,,0.8095,9667,23173,16715,6527,32936,,0.578,26.495581,-81.792422
Paul Mitchell the School-Fresno,Fresno,CA,Far West,Private for-profit,Less than 2-year,Certificate,,,223,0.6918,0.4698,19742,,,,0.8367,11277,17494,29671,12884,47852,,0.38,36.809778,-119.782437
Paul Mitchell the School-Great Lakes,Port Huron,MI,Great Lakes,Private for-profit,Less than 2-year,Certificate,,,75,0.3434,0.4554,20818,,,,0.6,9667,23173,16715,6527,32936,,0.578,42.978839,-82.458848
Paul Mitchell the School-Greenville,Greenville,SC,Southeast,Private for-profit,Less than 2-year,Certificate,,,196,0.6441,0.4396,23586,,,,0.5517,11740,21933,26696,12652,42547,0.3,0.44,34.824899,-82.288377
Paul Mitchell the School-Houston,Houston,TX,Southwest,Private for-profit,Less than 2-year,Certificate,,,288,0.5327,0.4961,19813,,,,0.8103,11336,26017,27384,12668,48523,0.344,0.414,29.785868,-95.559723
Paul Mitchell the School-Indianapolis,Indianapolis,IN,Great Lakes,Private for-profit,Less than 2-year,Certificate,,,178,0.3162,0.4184,30537,,,,0.6667,9500,25649,34913,12984,46895,,0.272,39.640007,-86.127361
Paul Mitchell the School-Jacksonville,Jacksonville,FL,Southeast,Private for-profit,Less than 2-year,Certificate,,,118,0.4012,0.4175,23659,,,,0.7895,13000,26450,34949,15883,56410,0.213,0.372,30.259433,-81.527515
Paul Mitchell the School-Jessup,Jessup,MD,Mid East,Private for-profit,Less than 2-year,Certificate,,,131,0.5773,0.5751,21095,,,,0.5088,9500,25632,35225,14189,56144,,0.27,39.169191,-76.786097
Paul Mitchell the School-Lexington,Lexington,KY,Southeast,Private for-profit,Less than 2-year,Certificate,,,189,0.5074,0.4231,20269,,,,0.7857,9833,21361,23207,9300,37444,,0.424,37.980361,-84.548281
Paul Mitchell the School-Little Rock,North Little Rock,AR,Southeast,Private for-profit,Less than 2-year,Certificate,,,360,0.6135,0.4568,19466,,,,0.7105,10725,18994,24765,10622,37567,,0.433,34.789913,-92.222202
Paul Mitchell the School-Logan,Logan,UT,Rocky Mountains,Private for-profit,Less than 2-year,Certificate,,,133,0.4009,0.3697,24728,,,,0.7838,9250,21334,23620,11569,33825,,0.392,41.754419,-111.83008
Paul Mitchell the School-Louisville,Louisville,KY,Southeast,Private for-profit,Less than 2-year,Certificate,,,233,0.4286,0.398,21005,,,,0.7273,9833,24238,28449,10509,45310,0.19,0.346,38.24897,-85.578849
Paul Mitchell the School-Memphis,Memphis,TN,Southeast,Private for-profit,Less than 2-year,Certificate,,,216,0.6517,0.4889,20998,,,,0.5909,9833,21917,25306,,,,0.389,35.129595,-89.947956
Paul Mitchell the School-Michigan,Sterling Heights,MI,Great Lakes,Private for-profit,Less than 2-year,Certificate,,,136,0.3816,0.4306,22429,,,,0.8049,13000,23724,26897,11395,47166,0.399,0.483,42.593439,-83.028804
Paul Mitchell the School-Milwaukee,Wauwatosa,WI,Great Lakes,Private for-profit,Less than 2-year,Certificate,,,140,0.4578,0.4949,20283,,,,0.0769,10486,28587,25122,12213,38710,,0.417,43.074156,-88.055994
Paul Mitchell the School-Missouri Columbia,Columbia,MO,Plains,Private for-profit,Less than 2-year,Certificate,,,107,0.5578,0.5,17749,,,,0.6944,9500,25938,27715,19676,42579,,0.343,38.967204,-92.375761
Paul Mitchell the School-Modesto,Modesto,CA,Far West,Private for-profit,Less than 2-year,Certificate,,,218,0.6314,0.5755,20538,,,,0.7969,6211,21460,28691,11111,47329,,0.216,37.68301,-120.993745
Paul Mitchell the School-Murfreesboro,Murfreesboro,TN,Southeast,Private for-profit,Less than 2-year,Certificate,,,201,0.4613,0.4274,23696,,,,0.75,7917,22963,30461,12974,44642,,0.26,35.849141,-86.42068
Paul Mitchell the School-Murfreesboro-Nashville,Hendersonville,TN,Southeast,Private for-profit,Less than 2-year,Certificate,,,237,0.4512,0.4274,23696,,,,0.7353,7917,22963,30461,12974,44642,,0.26,36.307117,-86.602367
Paul Mitchell the School-NYC,Staten Island,NY,Mid East,Private for-profit,Less than 2-year,Certificate,,,96,0.314,0.5667,18220,,,,0.8378,7614,20337,32002,13002,53929,,0.238,40.573227,-74.114517
Paul Mitchell the School-Nampa,Nampa,ID,Rocky Mountains,Private for-profit,Less than 2-year,Certificate,,,117,0.5583,0.5223,20182,,,,0.6667,10555,22004,25719,10837,42369,0.264,0.41,43.613794,-116.594823
Paul Mitchell the School-New Orleans,Metairie,LA,Southeast,Private for-profit,Less than 2-year,Certificate,,,185,0.6239,0.4878,18821,,,,0.7647,9833,20947,25699,12791,41294,,0.383,30.004827,-90.163276
Paul Mitchell the School-North Haven,North Haven,CT,New England,Private for-profit,Less than 2-year,Certificate,,,178,0.4404,0.4795,27352,,,,0.92,6333,,30900,11964,,0.475,0.205,41.394495,-72.85745
Paul Mitchell the School-Orlando,Oviedo,FL,Southeast,Private for-profit,Less than 2-year,Certificate,,,174,0.3586,0.4306,22429,,,,0.6087,13000,23724,26897,11395,47166,0.399,0.483,28.663679,-81.234215
Paul Mitchell the School-Pasadena,Pasadena,CA,Far West,Private for-profit,Less than 2-year,Certificate,,,170,0.4232,0.4649,17972,,,,0.375,6333,19106,25845,12295,48347,,0.245,34.144765,-118.133403
Paul Mitchell the School-Phoenix,Phoenix,AZ,Southwest,Private for-profit,Less than 2-year,Certificate,,,137,0.5356,0.5148,21002,,,,0.5333,16779,23932,29340,12509,49072,,0.572,33.523667,-112.133047
Paul Mitchell the School-Provo,Provo,UT,Rocky Mountains,Private for-profit,Less than 2-year,Certificate,,,147,0.338,0.5238,26511,,,,0.7143,9917,23104,27407,11560,46712,0.393,0.362,40.24048,-111.642161
Paul Mitchell the School-Rapid City,Rapid City,SD,Plains,Private for-profit,Less than 2-year,Certificate,,,66,0.5692,0.3273,23194,,,,0.875,7917,22585,29547,16281,45659,0.354,0.268,44.08202,-103.222781
Paul Mitchell the School-Rexburg,Rexburg,ID,Rocky Mountains,Private for-profit,Less than 2-year,Certificate,,,224,0.4827,0.3355,26957,,,,0.8471,9500,20965,26774,10194,39662,,0.355,43.814348,-111.803591
Paul Mitchell the School-Rhode Island,Cranston,RI,New England,Private for-profit,Less than 2-year,Certificate,,,181,0.3835,0.4306,22429,,,,0.7857,13000,23724,26897,11395,47166,0.399,0.483,41.755208,-71.459056
Paul Mitchell the School-Richland,Richland,WA,Far West,Private for-profit,Less than 2-year,Certificate,,,256,0.6455,0.5238,26511,,,,0.7374,9917,23104,27407,11560,46712,0.393,0.362,46.22626,-119.246059
Paul Mitchell the School-Roanoke,Roanoke,VA,Southeast,Private for-profit,Less than 2-year,Certificate,,,169,0.6834,0.4,18878,,,,0.5938,9833,13518,19217,,35127,0.321,0.512,37.255284,-79.95759
Paul Mitchell the School-Sacramento,Sacramento,CA,Far West,Private for-profit,Less than 2-year,Certificate,,,309,0.5406,0.4664,19434,,,,0.7851,6333,22355,30336,10799,48649,,0.209,38.594752,-121.41594
Paul Mitchell the School-Salt Lake City,Holladay,UT,Rocky Mountains,Private for-profit,Less than 2-year,Certificate,,,287,0.3606,0.4758,24830,,,,0.875,9500,23038,26893,12419,45453,,0.353,40.666643,-111.835077
Paul Mitchell the School-San Antonio,San Antonio,TX,Southwest,Private for-profit,Less than 2-year,Certificate,,,361,0.4545,0.4291,24338,,,,0.7571,8505,25987,28693,13515,47106,0.516,0.296,29.610611,-98.465779
Paul Mitchell the School-San Diego,San Diego,CA,Far West,Private for-profit,Less than 2-year,Certificate,,,225,0.2798,0.4306,22429,,,,0.9916,13000,23724,26897,11395,47166,0.399,0.483,32.719128,-117.160838
Paul Mitchell the School-Sherman Oaks,Sherman Oaks,CA,Far West,Private for-profit,Less than 2-year,Certificate,,,286,0.5961,0.5821,22823,,,,0.75,10556,20603,26262,8673,45488,,0.402,34.154315,-118.467289
Paul Mitchell the School-Spokane,Spokane Valley,WA,Far West,Private for-profit,Less than 2-year,Certificate,,,296,0.6029,0.4184,23000,,,,0.5435,10556,25589,27209,,43210,,0.388,47.658368,-117.19893
Paul Mitchell the School-Springfield,Springfield,MO,Plains,Private for-profit,Less than 2-year,Certificate,,,297,0.5464,0.4337,23030,,,,0.8,7917,19178,25931,13063,41181,,0.305,37.159135,-93.31815
Paul Mitchell the School-St Louis,St. Louis,MO,Plains,Private for-profit,Less than 2-year,Certificate,,,214,0.4836,0.4113,28816,,,,0.5915,9833,30670,33132,18463,46504,,0.297,38.64474,-90.262731
Paul Mitchell the School-St. George,Saint George,UT,Rocky Mountains,Private for-profit,Less than 2-year,Certificate,,,109,0.3774,,21912,,,,0.7246,10556,,38043,10785,53299,,0.277,37.083414,-113.606488
Paul Mitchell the School-Tampa,Tampa,FL,Southeast,Private for-profit,Less than 2-year,Certificate,,,106,0.4869,0.4306,22429,,,,0.7436,13000,23724,26897,11395,47166,0.399,0.483,28.06864,-82.574571
Paul Mitchell the School-Temecula,Temecula,CA,Far West,Private for-profit,Less than 2-year,Certificate,,,320,0.5331,0.4936,25291,,,,0.6875,12858,22546,22452,9769,40841,,0.573,33.507316,-117.146674
Paul Mitchell the School-Tinley Park,Tinley Park,IL,Great Lakes,Private for-profit,Less than 2-year,Certificate,,,191,0.6148,0.5298,21662,,,,0.6,7917,19886,28378,12286,46335,0.413,0.279,41.556477,-87.801816
Paul Mitchell the School-Toledo,Sylvania,OH,Great Lakes,Private for-profit,Less than 2-year,Certificate,,,165,0.6751,0.4873,20586,,,,0.4634,12500,19643,28363,10842,43336,,0.441,41.706636,-83.668124
Paul Mitchell the School-Twin Falls,TWIN FALLS,ID,Rocky Mountains,Private for-profit,Less than 2-year,Certificate,,,19,0.663,,17409,,,,0.6364,,26209,27947,18062,37016,,,42.555761,-114.469533
Paul Mitchell the School-Wichita,Wichita,KS,Plains,Private for-profit,Less than 2-year,Certificate,,,163,0.625,0.4167,21761,,,,0.7647,9833,21016,31553,15389,45855,0.38,0.312,37.741502,-97.2432
Paul Quinn College,Dallas,TX,Southwest,Private nonprofit,4-year,Bachelor's,0.4028,,620,0.6728,0.4847,18000,23587,13498,13498,0.2687,23373,27021,29288,12935,45883,0.551,0.798,32.678837,-96.755778
Paul Smiths College of Arts and Science,Paul Smiths,NY,Mid East,Private nonprofit,4-year,Bachelor's,0.7653,,579,0.3625,0.2969,61335,51506,33009,33009,0.5055,22750,38325,46145,31978,60593,0.679,0.493,44.433965,-74.252675
Pearl River Community College,Poplarville,MS,Southeast,Public,2-year,Associate,,,4903,0.5167,0.4233,18704,14832,3700,6100,0.3747,9750,28592,33019,16868,53245,0.533,0.295,30.844322,-89.543052
Pearl River Community College-Forrest County Campus,Hattiesburg,MS,Southeast,Public,2-year,Not classified,,,,,0.4233,18704,,3700,6100,,9750,28592,33019,16868,53245,0.533,0.295,,
Peirce College,Philadelphia,PA,Mid East,Private nonprofit,4-year,Bachelor's,,,799,0.5278,0.5549,22866,18660,15060,15060,0.1,31250,41647,50660,30162,73525,0.793,0.617,39.949623,-75.168105
Pellissippi State Community College,Knoxville,TN,Southeast,Public,2-year,Associate,,,6715,0.2444,0.4301,25254,13431,4786,17770,0.3149,8725,32944,38440,20815,57443,0.561,0.227,35.948303,-84.166504
Peninsula College,Port Angeles,WA,Far West,Public,4-year,Certificate,,,1263,0.3157,0.4436,14858,18514,4718,5270,0.3688,15786,34154,37078,18615,56889,0.521,0.426,48.101295,-123.412865
Penn Commercial Business/Technical School,Washington,PA,Mid East,Private for-profit,2-year,Certificate,0.5584,,265,0.4126,0.5233,22194,23804,13654,13654,0.8409,11638,30177,31736,15550,48027,0.545,0.367,40.182387,-80.238844
Pennco Tech-Blackwood,Blackwood,NJ,Mid East,Private for-profit,Less than 2-year,Certificate,,,875,0.7122,0.5833,17792,,,,0.7246,8331,37843,42013,21407,62981,0.64,0.198,39.807941,-75.061659
Pennco Tech-Bristol,Bristol,PA,Mid East,Private for-profit,Less than 2-year,Certificate,,,771,0.6013,0.5735,17777,,,,0.8399,7917,40521,43493,22162,63959,0.628,0.182,40.097992,-74.870959
Pennsylvania Academy of the Fine Arts,Philadelphia,PA,Mid East,Private nonprofit,4-year,Bachelor's,,,23,0.3535,,46414,66106,44600,44600,0.5758,22309,24229,29881,11449,53406,0.359,0.747,39.955692,-75.163456
Pennsylvania College of Art and Design,Lancaster,PA,Mid East,Private nonprofit,4-year,Bachelor's,0.9924,,400,0.4737,,56988,43815,32150,32150,0.6852,27000,23638,33301,15518,49235,0.479,0.811,40.041152,-76.308769
Pennsylvania College of Technology,Williamsport,PA,Mid East,Public,4-year,Associate,,,4464,0.3308,0.3635,54391,33192,18240,25980,0.5348,23961,47995,52567,33752,76561,0.762,0.456,41.234145,-77.023665
Pennsylvania Gunsmith School,Pittsburgh,PA,Mid East,Private for-profit,2-year,Certificate,,,64,0.3371,,38768,,,,0.875,,36635,40747,30066,52580,,,40.496672,-80.068863
Pennsylvania Highlands Community College,Johnstown,PA,Mid East,Public,2-year,Associate,,,788,0.1767,0.4697,30293,12306,7110,13350,0.3825,11000,32465,38752,22580,56482,0.514,0.284,40.26408,-78.837175
Pennsylvania Institute of Technology,Media,PA,Mid East,Private nonprofit,4-year,Certificate,,,810,0.8006,0.5705,15030,23995,14850,14850,0.2105,16500,31499,35703,18878,54194,0.618,0.462,39.908335,-75.38893
Pennsylvania State University-Main Campus,University Park,PA,Mid East,Public,4-year,Bachelor's,0.6056,1337,42284,0.1388,0.2876,61924,39694,20644,41790,0.8609,25000,55620,63435,40301,93790,0.813,0.394,40.7965,-77.862848
Pennsylvania State University-Penn State Abington,Abington,PA,Mid East,Public,4-year,Bachelor's,0.9677,1181,2877,0.3877,0.2876,61924,28795,15268,25664,0.1975,25000,55620,63435,40301,93790,0.813,0.394,40.117101,-75.110724
Pennsylvania State University-Penn State Altoona,Altoona,PA,Mid East,Public,4-year,Bachelor's,0.9806,1187,2367,0.2937,0.2876,61924,32559,15972,26958,0.165,25000,55620,63435,40301,93790,0.813,0.394,40.541759,-78.409601
Pennsylvania State University-Penn State Beaver,Monaca,PA,Mid East,Public,4-year,Bachelor's,0.9565,1214,482,0.3194,0.2876,61924,26210,14408,24134,0.2174,25000,55620,63435,40301,93790,0.813,0.394,40.678271,-80.296316
Pennsylvania State University-Penn State Berks,Reading,PA,Mid East,Public,4-year,Bachelor's,0.9867,1174,1872,0.2876,0.2876,61924,32242,15972,26958,0.3152,25000,55620,63435,40301,93790,0.813,0.394,40.358839,-75.97329
Pennsylvania State University-Penn State Brandywine,Media,PA,Mid East,Public,4-year,Bachelor's,0.9811,1200,1223,0.3369,0.2876,61924,31088,15208,25392,0.2598,25000,55620,63435,40301,93790,0.813,0.394,39.927123,-75.449704
Pennsylvania State University-Penn State DuBois,DuBois,PA,Mid East,Public,4-year,Bachelor's,0.9712,1080,349,0.2946,0.2876,61924,28530,14408,24134,0.3381,25000,55620,63435,40301,93790,0.813,0.394,41.127184,-78.751554
Pennsylvania State University-Penn State Erie-Behrend College,Erie,PA,Mid East,Public,4-year,Bachelor's,0.9683,1228,3240,0.2889,0.2876,61924,34081,15972,26958,0.4363,25000,55620,63435,40301,93790,0.813,0.394,42.119417,-79.983818
Pennsylvania State University-Penn State Fayette- Eberly,Lemont Furnace,PA,Mid East,Public,4-year,Bachelor's,0.9547,1170,402,0.3866,0.2876,61924,25154,14408,24134,0.3862,25000,55620,63435,40301,93790,0.813,0.394,39.946455,-79.659317
Pennsylvania State University-Penn State Great Valley,Malvern,PA,Mid East,Public,4-year,Graduate,,,,,0.2876,61924,,,,,25000,55620,63435,40301,93790,0.813,0.394,40.052444,-75.522409
Pennsylvania State University-Penn State Greater Allegheny,McKeesport,PA,Mid East,Public,4-year,Bachelor's,0.9647,1160,349,0.4127,0.2876,61924,26214,14408,24134,0.1897,25000,55620,63435,40301,93790,0.813,0.394,40.345591,-79.827428
Pennsylvania State University-Penn State Harrisburg,Middletown,PA,Mid East,Public,4-year,Bachelor's,0.976,1227,4031,0.2613,0.2876,61924,32521,15972,26958,0.2612,25000,55620,63435,40301,93790,0.813,0.394,40.204253,-76.741216
Pennsylvania State University-Penn State Hazleton,Hazleton,PA,Mid East,Public,4-year,Bachelor's,0.9641,1200,501,0.4275,0.2876,61924,29677,15208,25392,0.2615,25000,55620,63435,40301,93790,0.813,0.394,40.98396,-76.030975
Pennsylvania State University-Penn State Lehigh Valley,Center Valley,PA,Mid East,Public,4-year,Bachelor's,0.9737,1210,859,0.3501,0.2876,61924,28109,15208,25392,0.1783,25000,55620,63435,40301,93790,0.813,0.394,40.559201,-75.40267
Pennsylvania State University-Penn State Mont Alto,Mont Alto,PA,Mid East,Public,4-year,Bachelor's,0.9821,1160,559,0.2675,0.2876,61924,28841,14408,24134,0.3365,25000,55620,63435,40301,93790,0.813,0.394,39.842212,-77.541797
Pennsylvania State University-Penn State New Kensington,New Kensington,PA,Mid East,Public,4-year,Bachelor's,0.9529,1190,416,0.318,0.2876,61924,26863,14408,24134,0.2761,25000,55620,63435,40301,93790,0.813,0.394,40.551056,-79.697461
Pennsylvania State University-Penn State Schuylkill,Schuylkill Haven,PA,Mid East,Public,4-year,Bachelor's,0.9664,1130,620,0.4046,0.2876,61924,30065,15208,25392,0.3188,25000,55620,63435,40301,93790,0.813,0.394,40.640512,-76.166374
Pennsylvania State University-Penn State Scranton,Dunmore,PA,Mid East,Public,4-year,Bachelor's,0.9852,1190,793,0.4182,0.2876,61924,27862,15208,25392,0.3929,25000,55620,63435,40301,93790,0.813,0.394,41.439843,-75.621401
Pennsylvania State University-Penn State Shenango,Sharon,PA,Mid East,Public,4-year,Bachelor's,0.922,,256,0.3916,0.2876,61924,26821,14024,23560,0.4194,25000,55620,63435,40301,93790,0.813,0.394,41.235131,-80.50924
Pennsylvania State University-Penn State Wilkes-Barre,Dallas,PA,Mid East,Public,4-year,Bachelor's,0.9699,1200,313,0.3937,0.2876,61924,25994,14280,24006,0.2273,25000,55620,63435,40301,93790,0.813,0.394,41.305602,-76.016151
Pennsylvania State University-Penn State York,York,PA,Mid East,Public,4-year,Bachelor's,0.9741,1140,668,0.302,0.2876,61924,27826,15208,25392,0.1627,25000,55620,63435,40301,93790,0.813,0.394,39.95283,-76.703486
Pennsylvania State University-World Campus,University Park,PA,Mid East,Public,4-year,Bachelor's,0.9115,1248,7877,0.3143,0.2876,61924,27678,15356,15356,0.3415,25000,55620,63435,40301,93790,0.813,0.394,40.7965,-77.862848
Pennsylvania Western University,California,PA,Mid East,Public,4-year,Bachelor's,0.9433,1063,7451,0.383,0.3733,46425,26916,11436,16054,0.5188,23725,38474,47295,30587,64952,0.752,0.502,40.064964,-79.88679
Penrose Academy,Scottsdale,AZ,Southwest,Private for-profit,Less than 2-year,Certificate,,,403,0.2142,0.4167,32968,,,,0.8951,6333,32256,35839,16029,55766,,0.177,33.608309,-111.927617
Pensacola State College,Pensacola,FL,Southeast,Public,4-year,Associate,,,7538,0.3886,0.4936,20605,11894,2361,9460,0.3642,7500,32495,36739,19318,56096,0.535,0.204,30.479267,-87.200265
Pepperdine University,Malibu,CA,Far West,Private nonprofit,4-year,Bachelor's,0.6286,1384,3553,0.2025,0.1762,69305,93512,69918,69918,0.8335,23510,64934,82939,55698,126331,0.839,0.283,34.037786,-118.707077
Perry Technical Institute,Yakima,WA,Far West,Private nonprofit,2-year,Certificate,,,1072,0.5612,0.5606,27537,,,,0.7899,14139,57387,57764,37797,91347,0.851,0.245,46.571492,-120.537976
Peru State College,Peru,NE,Plains,Public,4-year,Bachelor's,,,1092,0.3685,0.4156,40242,22240,8640,8640,0.3761,21875,39150,47071,32708,61491,0.723,0.465,40.474689,-95.732731
Pfeiffer University,Misenheimer,NC,Southeast,Private nonprofit,4-year,Bachelor's,0.9603,,655,0.5076,0.3333,39008,45542,35070,35070,0.3497,26163,44621,51562,32647,76229,0.732,0.507,35.484696,-80.283168
Phagans Beauty College,Corvallis,OR,Far West,Private for-profit,2-year,Certificate,,,59,0.5243,0.4865,13449,,,,0.8621,8974,18268,33102,18012,42990,0.299,0.271,44.549973,-123.310594
Phagans Central Oregon Beauty College,Bend,OR,Far West,Private for-profit,2-year,Certificate,,,101,0.5947,0.4123,20984,,,,0.7739,7435,19743,20551,11101,37824,0.308,0.362,44.063609,-121.264194
Phagans Grants Pass College of Beauty,Grants Pass,OR,Far West,Private for-profit,2-year,Certificate,,,43,0.6795,0.5238,16056,,,,0.9565,,21536,23595,8838,45766,0.257,,42.435266,-123.298826
Phagans School of Beauty,Salem,OR,Far West,Private for-profit,2-year,Certificate,,,38,0.7612,0.5641,14953,,,,0.7818,8656,28440,23393,8538,39550,0.338,0.37,44.937695,-122.981962
Phagans School of Hair Design,Happy Valley,OR,Far West,Private for-profit,2-year,Certificate,,,212,0.55,0.538,19013,,,,0.8015,8297,17685,22912,10887,39033,0.247,0.362,45.435373,-122.574975
Philadelphia College of Osteopathic Medicine,Philadelphia,PA,Mid East,Private nonprofit,4-year,Graduate,,,,,,100,,,,,,,138767,78799,170962,0.977,,40.004885,-75.216092
Philander Smith University,Little Rock,AR,Southeast,Private nonprofit,4-year,Bachelor's,,,751,0.6781,0.4303,18743,28136,13014,13014,0.3038,24736,25254,38427,19226,51858,0.468,0.644,34.737131,-92.283015
Phillips Community College of the University of Arkansas,Helena,AR,Southeast,Public,2-year,Certificate,,,614,0.3437,0.4459,15160,11567,3380,4550,0.547,,27083,29552,16211,44484,0.399,,34.546155,-90.616884
Phoenix College,Phoenix,AZ,Southwest,Public,4-year,Certificate,,,8555,0.2724,0.6158,20661,18594,2358,8958,0.1358,6750,36674,40870,22612,60125,0.615,0.165,33.481361,-112.088293
Pickaway Ross Joint Vocational School District,Chillicothe,OH,Great Lakes,Public,Less than 2-year,Certificate,,,145,0.368,0.634,21976,,,,1.0,5500,42023,46485,30772,67587,0.545,0.118,39.362601,-83.0027
Pickens Technical College,Aurora,CO,Rocky Mountains,Public,2-year,Certificate,,,686,0.3102,0.5802,21720,12439,5140,9250,0.7556,,36111,39210,19249,60188,0.579,,39.723705,-104.789683
Piedmont Community College,Roxboro,NC,Southeast,Public,2-year,Certificate,,,457,0.3072,0.54,18000,12039,2556,8700,0.2,,30680,33274,16011,46283,0.477,,36.431674,-78.980607
Piedmont Technical College,Greenwood,SC,Southeast,Public,2-year,Certificate,,,3977,0.5205,0.4747,20742,21746,4775,6923,0.3307,15000,31430,35768,19937,52341,0.502,0.419,34.207415,-82.120635
Piedmont University,Demorest,GA,Southeast,Private nonprofit,4-year,Bachelor's,0.9328,1129,1117,0.4235,0.3149,42868,46801,31700,31700,0.4741,25000,43761,49130,33695,70024,0.741,0.509,34.566042,-83.542126
Piedmont Virginia Community College,Charlottesville,VA,Southeast,Public,2-year,Associate,,,3045,0.2509,0.4462,25941,13297,5072,11510,0.3859,8750,34000,40752,22904,60923,0.577,0.215,38.006895,-78.483707
Pierce College District,Lakewood,WA,Far West,Public,4-year,Associate,,,5313,0.2259,0.4532,26392,18085,5418,5976,0.3077,12000,39406,47532,24229,69916,0.664,0.252,47.172082,-122.570935
Pierpont Community and Technical College,Fairmont,WV,Southeast,Public,2-year,Associate,,,959,0.2192,0.4823,27031,14707,5762,13660,0.4215,12110,31618,35132,17707,54406,,0.345,39.432199,-80.192304
Pike County Joint Vocational School District,Piketon,OH,Great Lakes,Public,Less than 2-year,Certificate,,,39,0.0,,,,,,,,46513,44689,36628,61604,,,39.054045,-83.007113
Pike-Lincoln Technical Center,Eolia,MO,Plains,Public,Less than 2-year,Certificate,,,32,0.5946,,15612,,,,0.7333,9500,52252,48581,32081,65254,,0.196,39.245484,-91.019918
Pikes Peak State College,Colorado Springs,CO,Rocky Mountains,Public,4-year,Associate,,,9595,0.298,0.4259,24757,18473,4510,17110,0.2058,9000,35799,40796,20985,61398,0.608,0.221,38.764287,-104.787261
Pillar College,Newark,NJ,Mid East,Private nonprofit,4-year,Bachelor's,,,498,0.6994,0.5873,18259,38047,25900,25900,0.3846,21483,37885,45577,22219,72001,,0.471,40.738539,-74.169153
Pima Community College,Tucson,AZ,Southwest,Public,2-year,Certificate,,,14242,0.3451,0.4776,20576,9851,2442,7758,0.276,7000,34622,39810,22093,60052,0.604,0.176,32.222125,-110.886659
Pima Medical Institute-Albuquerque,Albuquerque,NM,Southwest,Private for-profit,2-year,Certificate,,,562,0.5881,0.4831,19904,,,,0.677,5500,28599,30917,14319,45113,,0.178,35.104855,-106.59488
Pima Medical Institute-Chula Vista,Chula Vista,CA,Far West,Private for-profit,2-year,Certificate,,,537,0.6039,0.5054,21596,,,,0.6245,9500,37302,38673,21337,55482,0.559,0.246,32.619858,-117.093388
Pima Medical Institute-Colorado Springs,Colorado Springs,CO,Rocky Mountains,Private for-profit,2-year,Certificate,,,305,0.5034,0.5054,21596,,,,0.6828,9500,37302,38673,21337,55482,0.559,0.246,38.914019,-104.820989
Pima Medical Institute-Denver,Denver,CO,Rocky Mountains,Private for-profit,2-year,Certificate,,,664,0.4266,0.5054,21596,,,,0.7265,9500,37302,38673,21337,55482,0.559,0.246,39.831679,-105.00252
Pima Medical Institute-East Valley,Mesa,AZ,Southwest,Private for-profit,2-year,Certificate,,,306,0.3068,0.5054,21596,,,,0.7607,9500,37302,38673,21337,55482,0.559,0.246,33.376378,-111.689497
Pima Medical Institute-El Paso,El Paso,TX,Southwest,Private for-profit,2-year,Certificate,,,617,0.7029,0.5054,21596,,,,0.5688,9500,37302,38673,21337,55482,0.559,0.246,31.773629,-106.383883
Pima Medical Institute-Houston,Houston,TX,Southwest,Private for-profit,2-year,Certificate,,,1068,0.5568,0.5054,21596,,,,0.708,9500,37302,38673,21337,55482,0.559,0.246,29.838306,-95.562287
Pima Medical Institute-Las Vegas,Las Vegas,NV,Far West,Private for-profit,2-year,Certificate,,,678,0.4602,0.5054,21596,,,,0.574,9500,37302,38673,21337,55482,0.559,0.246,36.114105,-115.102238
Pima Medical Institute-Mesa,Mesa,AZ,Southwest,Private for-profit,2-year,Associate,,,705,0.4964,0.5054,21596,,,,0.6728,9500,37302,38673,21337,55482,0.559,0.246,33.396878,-111.87417
Pima Medical Institute-Renton,Renton,WA,Far West,Private for-profit,2-year,Certificate,,,456,0.3676,0.5054,21596,,,,0.6917,9500,37302,38673,21337,55482,0.559,0.246,47.469017,-122.211383
Pima Medical Institute-San Antonio,San Antonio,TX,Southwest,Private for-profit,2-year,Certificate,,,424,0.5065,0.5054,21596,,,,0.5746,9500,37302,38673,21337,55482,0.559,0.246,29.488708,-98.540716
Pima Medical Institute-San Marcos,San Marcos,CA,Far West,Private for-profit,2-year,Certificate,,,573,0.4708,0.5054,21596,,,,0.7085,9500,37302,38673,21337,55482,0.559,0.246,33.136906,-117.160199
Pima Medical Institute-Seattle,Seattle,WA,Far West,Private for-profit,2-year,Certificate,,,471,0.2893,0.5054,21596,,,,0.6754,9500,37302,38673,21337,55482,0.559,0.246,47.699144,-122.326844
Pima Medical Institute-Tucson,Tucson,AZ,Southwest,Private for-profit,4-year,Associate,,,2567,0.4981,0.5054,21596,,,,0.7229,9500,37302,38673,21337,55482,0.559,0.246,32.248067,-110.878783
Pine Technical & Community College,Pine City,MN,Plains,Public,2-year,Certificate,,,574,0.1453,0.3608,21078,18479,4738,4738,0.3583,14392,37079,41232,25193,62906,0.584,0.349,45.818667,-92.968283
Pinellas Technical College-Clearwater,Clearwater,FL,Southeast,Public,Less than 2-year,Certificate,,,732,0.183,0.4798,14935,,,,0.5211,,30856,34627,15159,51446,0.556,,27.911922,-82.719064
Pinellas Technical College-St. Petersburg,Saint Petersburg,FL,Southeast,Public,Less than 2-year,Certificate,,,810,0.2402,0.501,12455,,,,0.6006,,31799,36188,17393,52280,0.561,,27.761183,-82.681534
Pineville Beauty School,Pineville,LA,Southeast,Private for-profit,Less than 2-year,Certificate,,,45,0.5455,,9628,,,,0.7143,,17263,19411,10039,34873,,,31.325717,-92.430903
Pinnacle Career Institute,Kansas City,MO,Plains,Private for-profit,2-year,Certificate,,,619,0.7686,0.5353,14458,,,,0.5156,11605,30682,34213,17268,51965,0.575,0.339,39.301096,-94.684653
Pinnacle Institute of Cosmetology,Mooresville,NC,Southeast,Private for-profit,Less than 2-year,Certificate,,,18,0.396,0.4429,22456,,,,0.5238,9833,23294,22786,7268,42821,,0.432,35.596894,-80.816426
Pioneer Career and Technology Center,Shelby,OH,Great Lakes,Public,Less than 2-year,Certificate,,,63,0.0254,,,,,,,,,32219,,42284,,,40.903305,-82.670445
Pioneer Technology Center,Ponca City,OK,Southwest,Public,Less than 2-year,Certificate,,,89,0.1525,0.4819,13473,,,,0.7317,,27585,29841,15851,46632,0.398,,36.72772,-97.093516
Pitt Community College,Winterville,NC,Southeast,Public,2-year,Certificate,,,5317,0.3918,0.4325,18344,15979,2580,8724,0.3529,11977,29104,37259,20857,56515,0.527,0.321,35.550591,-77.407203
Pittsburg State University,Pittsburg,KS,Plains,Public,4-year,Bachelor's,0.8942,1050,4210,0.3046,0.3232,49467,22099,8400,19744,0.5659,18969,43793,50579,34185,71917,0.765,0.375,37.392071,-94.702473
Pittsburgh Institute of Aeronautics,West Mifflin,PA,Mid East,Private nonprofit,2-year,Certificate,,,663,0.3841,0.3705,34507,37350,18730,18730,0.7626,12230,59400,66642,46942,88859,0.849,0.184,40.350804,-79.926575
Pittsburgh Institute of Mortuary Science Inc,Pittsburgh,PA,Mid East,Private nonprofit,2-year,Associate,,,351,0.2289,,33894,,,,0.8929,19295,46066,53524,26087,75950,0.683,0.36,40.459175,-79.930487
Pitzer College,Claremont,CA,Far West,Private nonprofit,4-year,Bachelor's,0.2516,,1227,0.1055,0.23,71480,86466,65192,65192,0.8339,16750,51784,69512,32990,95186,0.751,0.241,34.104107,-117.706675
Pivot Point Academy,Bloomingdale,IL,Great Lakes,Private for-profit,Less than 2-year,Certificate,,,103,0.3585,,36256,,,,0.9138,9833,22323,30453,13392,46685,0.483,0.323,41.955935,-88.076665
Pivot Point Academy -  Wahl Barber Academy,Chicago,IL,Great Lakes,Private for-profit,Less than 2-year,Not classified,,,,,,36256,,,,,9833,22323,30453,13392,46685,0.483,0.323,,
Platt College-Anaheim,Anaheim,CA,Far West,Private for-profit,4-year,Associate,,,498,0.5407,0.5471,21293,28170,14922,14922,0.6436,18685,38619,40669,22121,61116,0.595,0.459,33.809417,-117.878211
Platt College-Los Angeles,Alhambra,CA,Far West,Private for-profit,4-year,Certificate,,,570,0.4821,0.5471,21293,32164,14922,14922,0.6345,18685,38619,40669,22121,61116,0.595,0.459,34.081723,-118.150013
Platt College-Ontario,Ontario,CA,Far West,Private for-profit,4-year,Associate,,,500,0.6215,0.5471,21293,27895,14922,14922,0.582,18685,38619,40669,22121,61116,0.595,0.459,34.068595,-117.571744
Platt College-Riverside,Riverside,CA,Far West,Private for-profit,4-year,Associate,,,413,0.694,0.5471,21293,28676,14922,14922,0.575,18685,38619,40669,22121,61116,0.595,0.459,33.932923,-117.298365
Plaza College,Forest Hills,NY,Mid East,Private for-profit,4-year,Associate,0.3,,984,0.8499,0.4835,14305,26525,15450,15450,0.6762,20751,32282,31519,15314,50183,0.459,0.658,40.714894,-73.831156
Plymouth State University,Plymouth,NH,New England,Public,4-year,Bachelor's,0.8754,,3153,0.2809,0.2702,73032,29644,14626,25566,0.5203,26000,46466,57304,38335,82952,0.753,0.454,43.759573,-71.690164
Point Loma Nazarene University,San Diego,CA,Far West,Private nonprofit,4-year,Bachelor's,0.8368,1287,3188,0.2144,0.2931,59409,60488,46250,46250,0.7717,22990,54811,63998,37877,93468,0.797,0.359,32.718391,-117.250265
Point Park University,Pittsburgh,PA,Mid East,Private nonprofit,4-year,Bachelor's,0.9691,,2331,0.387,0.2928,50701,52643,39570,39570,0.5854,27000,36906,45856,25514,66756,0.685,0.589,40.438768,-80.002061
Point University,West Point,GA,Southeast,Private nonprofit,4-year,Bachelor's,0.4426,,1996,0.2468,0.3634,34603,33564,24000,24000,0.3407,25250,36410,38740,19421,59089,0.629,0.652,32.87912,-85.184931
Polaris Career Center,Middleburg Heights,OH,Great Lakes,Public,Less than 2-year,Certificate,,,300,0.4437,0.5826,20832,,,,0.7742,6365,38034,38718,22356,55205,,0.164,41.3644,-81.832474
Polk State College,Winter Haven,FL,Southeast,Public,4-year,Associate,,,7180,0.3173,0.5143,23968,13451,2694,9817,0.3534,10076,35602,40624,23502,60243,0.622,0.248,28.032411,-81.711873
Polytechnic University of Puerto Rico-Miami,Miami,FL,Southeast,Private nonprofit,4-year,Bachelor's,,,19,0.7241,0.2196,18451,,14367,14367,1.0,22564,37753,47540,25266,69091,0.548,0.475,25.80915,-80.328482
Polytechnic University of Puerto Rico-Orlando,Orlando,FL,Southeast,Private nonprofit,4-year,Bachelor's,,,96,0.5882,0.2196,18451,23011,14547,14547,0.3333,22564,37753,47540,25266,69091,0.548,0.475,28.55158,-81.253943
Pomeroy College of Nursing at Crouse Hospital,East Syracuse,NY,Mid East,Private nonprofit,2-year,Associate,0.7778,,173,0.3352,0.3364,37843,,21213,21213,1.0,15250,62548,83972,54961,103063,0.831,0.182,43.101054,-76.056002
Pomona College,Claremont,CA,Far West,Private nonprofit,4-year,Bachelor's,0.0709,1534,1666,0.1953,0.2992,42689,85300,65420,65420,0.932,11782,60850,77779,44975,118516,0.852,0.151,34.099027,-117.714556
Pomona Unified School District Adult and Career Education,Pomona,CA,Far West,Public,Less than 2-year,Certificate,,,57,0.375,0.65,10212,,,,0.8485,,25131,34849,14678,52169,0.371,,34.061736,-117.720478
Ponca City Beauty College,Ponca City,OK,Southwest,Private for-profit,Less than 2-year,Certificate,,,38,0.2787,,5740,,,,0.8235,,15401,15872,,26911,,,36.73957,-97.06801
Pontifical Catholic University of Puerto Rico-Arecibo,Arecibo,PR,Outlying Areas,Private nonprofit,4-year,Bachelor's,0.9378,,273,0.6885,0.3084,10990,18678,6550,6550,0.5395,15500,20637,24908,13683,40900,0.287,0.622,18.446006,-66.679114
Pontifical Catholic University of Puerto Rico-Mayaguez,Mayaguez,PR,Outlying Areas,Private nonprofit,4-year,Bachelor's,0.9917,,555,0.8042,0.3084,10990,18605,6550,6550,0.3989,15500,20637,24908,13683,40900,0.287,0.622,18.182375,-67.145695
Pontifical Catholic University of Puerto Rico-Ponce,Ponce,PR,Outlying Areas,Private nonprofit,4-year,Bachelor's,0.9808,1300,3874,0.8065,0.3084,10990,20508,6650,6650,0.4859,15500,20637,24908,13683,40900,0.287,0.622,18.00165,-66.617138
Pontotoc Technology Center,Ada,OK,Southwest,Public,Less than 2-year,Certificate,,,72,0.1292,0.4891,15648,,,,0.8278,,38991,40955,23848,58580,0.571,,34.7484,-96.683815
Port Huron Cosmetology College,Waterford,MI,Great Lakes,Private for-profit,Less than 2-year,Certificate,,,37,0.2899,0.5349,15470,,,,0.7027,,18314,22980,,35709,,,42.700677,-83.398624
Portage Lakes Career Center,Uniontown,OH,Great Lakes,Public,Less than 2-year,Certificate,,,168,0.4118,0.6944,25022,,,,0.6875,8444,42500,38316,23346,53364,0.617,0.22,40.943122,-81.472008
Porter & Chester Institute,Bridgeport,CT,New England,Private for-profit,2-year,Certificate,,,1373,0.5663,0.5362,18938,25892,14349,14349,0.4518,12000,37807,41588,21062,61919,0.72,0.289,41.200813,-73.187731
Porter & Chester Institute of Hamden,Hamden,CT,New England,Private for-profit,2-year,Certificate,,,402,0.7027,0.546,18161,26042,14337,14337,0.3239,12350,41103,42914,25429,62215,0.668,0.288,41.346568,-72.931908
Porter and Chester Institute - Brockton,Brockton,MA,New England,Private for-profit,Less than 2-year,Not classified,,,,,0.5362,18938,,15856,15856,,12000,37807,41588,21062,61919,0.72,0.289,,
Porter and Chester Institute - Chicopee,Chicopee,MA,New England,Private for-profit,Less than 2-year,Not classified,,,,,0.5362,18938,,15856,15856,,12000,37807,41588,21062,61919,0.72,0.289,,
Porter and Chester Institute - New London,New London,CT,New England,Private for-profit,Less than 2-year,Not classified,,,,,0.5362,18938,,15856,15856,,12000,37807,41588,21062,61919,0.72,0.289,,
Porter and Chester Institute of Waterbury,Waterbury,CT,New England,Private for-profit,Less than 2-year,Not classified,,,,,0.5362,18938,,15856,15856,,12000,37807,41588,21062,61919,0.72,0.289,,
Porter and Chester Institute of Worcester,Worcester,MA,New England,Private for-profit,Less than 2-year,Not classified,,,,,0.5362,18938,,15856,15856,,12000,37807,41588,21062,61919,0.72,0.289,,
Porterville College,Porterville,CA,Far West,Public,2-year,Associate,,,2834,0.3517,0.6301,18303,20730,1438,11308,0.3384,,30202,36328,17455,56152,0.515,,36.049256,-119.014368
Portland Community College,Portland,OR,Far West,Public,2-year,Associate,,,19531,0.32,0.44,21961,17934,5220,10440,0.1843,12999,37160,44592,22359,68576,0.664,0.292,45.438154,-122.730876
Portland State University,Portland,OR,Far West,Public,4-year,Bachelor's,0.9087,,13182,0.4165,0.3911,25986,21590,11679,31074,0.5266,20500,46937,57906,33117,85203,0.74,0.354,45.511601,-122.686289
Post University,Waterbury,CT,New England,Private for-profit,4-year,Bachelor's,,,13603,0.7837,0.5677,16163,28897,16327,16327,0.2493,30157,31401,38696,18524,65105,0.731,0.779,41.535549,-73.081497
Potomac State College of West Virginia University,Keyser,WV,Southeast,Public,4-year,Associate,,,853,0.3781,0.3039,60096,17619,5280,13200,0.3096,22500,45181,55939,35542,84067,0.772,0.402,39.438323,-78.981441
Prairie State College,Chicago Heights,IL,Great Lakes,Public,2-year,Certificate,,,2443,0.33,0.3925,19756,13908,4176,11064,0.2103,11000,30388,36696,17424,56976,0.56,0.3,41.525316,-87.638943
Prairie View A & M University,Prairie View,TX,Southwest,Public,4-year,Bachelor's,0.7931,980,8877,0.656,0.3349,28812,26362,11299,26874,0.432,27000,36350,45411,23973,65217,0.678,0.595,30.092425,-95.989475
Pratt Community College,Pratt,KS,Plains,Public,2-year,Certificate,,,579,0.2342,0.4221,37951,19780,4256,4936,0.4538,6500,44798,51892,31424,79952,0.635,0.125,37.654451,-98.714538
Pratt Institute-Main,Brooklyn,NY,Mid East,Private nonprofit,4-year,Bachelor's,0.7325,1290,3910,0.1886,0.1926,67964,80049,61845,61845,0.7354,26000,45060,54295,26250,90075,0.708,0.479,40.691297,-73.96431
Pratt Manhattan-A Division of Pratt Institute,New York,NY,Mid East,Private nonprofit,4-year,Not classified,,,,,0.1926,67964,,61845,61845,,26000,45060,54295,26250,90075,0.708,0.479,,
Praxis Institute,Miami,FL,Southeast,Private for-profit,Less than 2-year,Certificate,,,422,0.728,0.6956,4824,,,,0.7794,8905,22485,22300,11353,41274,0.276,0.399,25.756567,-80.36778
Premiere Career College,Irwindale,CA,Far West,Private for-profit,2-year,Certificate,,,105,0.8111,0.4776,17544,,,,0.52,15188,39948,41270,19795,61691,0.645,0.368,34.079755,-117.990894
Presbyterian College,Clinton,SC,Southeast,Private nonprofit,4-year,Bachelor's,0.6837,1118,852,0.3333,0.1976,60702,60242,44910,44910,0.5146,26000,44387,60194,42452,85285,0.81,0.432,34.465834,-81.87448
Prescott College,Prescott,AZ,Southwest,Private nonprofit,4-year,Bachelor's,0.9451,,219,0.4163,0.232,26676,48532,35685,35685,0.5556,16300,33539,42359,19444,61057,0.625,0.385,34.5452,-112.477185
Prince George's Community College,Largo,MD,Mid East,Public,2-year,Associate,,,8815,0.3249,0.4608,25468,15544,4034,8762,0.1842,10500,37482,47548,25064,74457,0.697,0.221,38.888689,-76.824623
Princeton University,Princeton,NJ,Mid East,Private nonprofit,4-year,Bachelor's,0.0462,1553,5709,0.1924,0.2774,37036,84040,62688,62688,0.9761,10320,87815,110066,68313,197494,0.921,0.094,40.348732,-74.659365
Prism Career Institute-Cherry Hill,Cherry Hill,NJ,Mid East,Private for-profit,Less than 2-year,Certificate,,,269,0.7616,0.6098,18344,,,,0.608,17200,38311,32473,14195,49389,0.488,0.53,39.931301,-75.051138
Prism Career Institute-Philadelphia,Philadelphia,PA,Mid East,Private for-profit,Less than 2-year,Certificate,,,468,0.7976,0.6098,18344,,,,0.5476,17200,38311,32473,14195,49389,0.488,0.53,40.057804,-75.046375
Prism Career Institute-West Atlantic City,West  Atlantic City,NJ,Mid East,Private for-profit,Less than 2-year,Certificate,,,235,0.7332,0.6098,18344,,,,0.6065,17200,38311,32473,14195,49389,0.488,0.53,39.377288,-74.493112
Pro Way Hair School,Stone Mountain,GA,Southeast,Private for-profit,Less than 2-year,Certificate,,,67,0.9859,0.5744,10884,,,,0.6,12500,17765,21586,11054,39836,0.202,0.579,33.801802,-84.205183
Professional Golfers Career College,Temecula,CA,Far West,Private for-profit,2-year,Associate,,,70,0.2545,,40260,38739,18840,18840,0.625,12000,37876,46079,26754,70857,0.678,0.26,33.528952,-117.163739
Professional Institute of Beauty,El Monte,CA,Far West,Private for-profit,Less than 2-year,Certificate,,,93,0.5507,,17769,,,,0.7647,3001,20634,16886,6504,36123,0.246,0.178,34.075561,-118.039028
Professional Skills Institute,Maumee,OH,Great Lakes,Private for-profit,4-year,Associate,0.8312,,395,0.7264,0.4922,19101,27427,15884,15884,0.4348,17813,44172,47765,25262,65855,0.522,0.373,41.584008,-83.672408
Professional Technical Institution,Bayamon,PR,Outlying Areas,Private for-profit,Less than 2-year,Certificate,,,181,1.0,0.4186,0,,,,0.8261,,21961,24336,16050,41330,0.314,,18.377668,-66.174733
Professional's Choice Hair Design Academy,Joliet,IL,Great Lakes,Private for-profit,Less than 2-year,Certificate,,,53,0.3151,,19691,,,,0.8182,,20060,30341,20777,,,,41.523122,-88.148846
Profile Institute of Barber-Styling,Atlanta,GA,Southeast,Private for-profit,Less than 2-year,Certificate,,,34,0.7778,0.4857,17104,,,,0.75,,14915,25629,7019,41719,,,33.680654,-84.392992
Protege Academy,Mt. Pleasant,MI,Great Lakes,Private for-profit,Less than 2-year,Certificate,,,44,0.5714,0.4561,19357,,,,0.6,9833,21793,19499,6272,,,0.504,43.61137,-84.751095
Protege Academy,East Lansing,MI,Great Lakes,Private for-profit,Less than 2-year,Certificate,,,72,0.6207,0.4561,19357,,,,0.7778,9833,21793,19499,6272,,,0.504,42.724862,-84.452903
Providence Christian College,Pasadena,CA,Far West,Private nonprofit,4-year,Bachelor's,1.0,,168,0.3129,0.3025,63909,53447,36963,36963,0.2,25000,32827,46264,18596,63813,,0.54,34.149327,-118.141062
Providence College,Providence,RI,New England,Private nonprofit,4-year,Bachelor's,0.5089,1346,4229,0.1343,0.1464,121852,80466,63550,63550,0.8582,27000,69326,87054,63919,122404,0.895,0.31,41.842742,-71.437446
Provo College,Provo,UT,Rocky Mountains,Private for-profit,4-year,Bachelor's,,,669,0.3106,0.3753,24784,30099,16548,16548,0.5135,41733,32673,39645,20033,60287,0.423,1.053,40.245294,-111.68431
Provo College-Idaho Falls Campus,Idaho Falls,ID,Rocky Mountains,Private for-profit,4-year,Bachelor's,,,257,0.3855,0.3753,24784,39585,19068,19068,,41733,32673,39645,20033,60287,0.423,1.053,43.481,-112.00228
Pueblo Community College,Pueblo,CO,Rocky Mountains,Public,4-year,Certificate,,,3619,0.2823,0.4738,20042,22002,5049,17649,0.3068,10000,33368,37434,19266,57062,0.542,0.267,38.262124,-104.636258
Puerto Rico Conservatory of Music,San Juan,PR,Outlying Areas,Public,4-year,Bachelor's,0.7835,,307,0.6169,0.0952,20319,12920,3370,3850,0.6667,8875,9910,19474,8306,33221,0.338,0.456,18.454016,-66.078811
Purdue University -  Indianapolis,Indianapolis,IN,Great Lakes,Public,4-year,Not classified,,,,,0.1854,81834,,9992,28794,,19500,60838,72424,47140,103038,0.858,0.269,,
Purdue University - Purdue Polytechnic Anderson,Anderson,IN,Great Lakes,Public,4-year,Not classified,,,,,0.1854,81834,,6518,15579,,19500,60838,72424,47140,103038,0.858,0.269,,
Purdue University - Purdue Polytechnic Columbus,Columbus,IN,Great Lakes,Public,4-year,Not classified,,,,,0.1854,81834,,6518,15579,,19500,60838,72424,47140,103038,0.858,0.269,,
Purdue University - Purdue Polytechnic Indianapolis,Indianapolis,IN,Great Lakes,Public,4-year,Not classified,,,,,0.1854,81834,,7658,7658,,19500,60838,72424,47140,103038,0.858,0.269,,
Purdue University - Purdue Polytechnic Kokomo,Kokomo,IN,Great Lakes,Public,4-year,Not classified,,,,,0.1854,81834,,6518,15579,,19500,60838,72424,47140,103038,0.858,0.269,,
Purdue University - Purdue Polytechnic Lafayette,Lafayette,IN,Great Lakes,Public,4-year,Not classified,,,,,0.1854,81834,,6518,15579,,19500,60838,72424,47140,103038,0.858,0.269,,
Purdue University - Purdue Polytechnic New Albany,New Albany,IN,Great Lakes,Public,4-year,Not classified,,,,,0.1854,81834,,6518,15579,,19500,60838,72424,47140,103038,0.858,0.269,,
Purdue University - Purdue Polytechnic Richmond,Richmond,IN,Great Lakes,Public,4-year,Not classified,,,,,0.1854,81834,,6518,15579,,19500,60838,72424,47140,103038,0.858,0.269,,
Purdue University - Purdue Polytechnic South Bend,South Bend,IN,Great Lakes,Public,4-year,Not classified,,,,,0.1854,81834,,6518,15579,,19500,60838,72424,47140,103038,0.858,0.269,,
Purdue University - Purdue Polytechnic Vincennes,Vincennes,IN,Great Lakes,Public,4-year,Not classified,,,,,0.1854,81834,,7658,7658,,19500,60838,72424,47140,103038,0.858,0.269,,
Purdue University - Westgate Academy,Odon,IN,Great Lakes,Public,4-year,Not classified,,,,,0.1854,81834,,11000,11000,,19500,60838,72424,47140,103038,0.858,0.269,,
Purdue University Fort Wayne,Fort Wayne,IN,Great Lakes,Public,4-year,Bachelor's,0.8389,1100,5484,0.2477,0.352,46408,22183,9532,22887,0.3627,21500,42873,45872,28749,65825,0.691,0.469,41.117278,-85.108962
Purdue University Global,West Lafayette,IN,Great Lakes,Public,4-year,Certificate,,,30828,0.4732,0.5331,18320,15660,10101,14412,0.5,26078,32973,36596,18664,56379,0.639,0.713,40.45655,-86.928449
Purdue University Northwest,Hammond,IN,Great Lakes,Public,4-year,Bachelor's,0.7236,1024,5671,0.2806,0.4303,39335,15571,8675,16094,0.4291,21229,48439,48318,27192,75170,0.69,0.439,41.584324,-87.474236
Purdue University-Main Campus,West Lafayette,IN,Great Lakes,Public,4-year,Bachelor's,0.4987,1364,44503,0.1298,0.1854,81834,24591,9992,28794,0.831,19500,60838,72424,47140,103038,0.858,0.269,40.428206,-86.914435
Putnam Career and Technical Center,Eleanor,WV,Southeast,Public,Less than 2-year,Certificate,,,27,0.5079,,18520,,,,0.8421,,31190,36203,15740,45799,,,38.535038,-81.923563
Queens University of Charlotte,Charlotte,NC,Southeast,Private nonprofit,4-year,Bachelor's,0.6208,1206,1211,0.2403,0.219,53592,65742,45846,45846,0.6131,25000,48170,57673,35952,85122,0.716,0.433,35.189051,-80.833509
Quincy College,Quincy,MA,New England,Public,4-year,Associate,,,2300,0.331,0.4801,24936,22528,8938,8938,0.1509,13874,43642,52506,30304,76927,0.681,0.264,42.252416,-71.003476
Quincy University,Quincy,IL,Great Lakes,Private nonprofit,4-year,Bachelor's,0.5093,1098,1010,0.2973,0.33,50859,50091,37140,37140,0.4504,24000,43331,50369,34763,67726,0.746,0.476,39.938898,-91.385975
Quinnipiac University,Hamden,CT,New England,Private nonprofit,4-year,Bachelor's,0.7215,1242,6531,0.1617,0.1994,106326,72215,55480,55480,0.757,26000,65744,83759,57610,112458,0.892,0.31,41.418915,-72.894117
Quinsigamond Community College,Worcester,MA,New England,Public,2-year,Associate,,,6447,0.3819,0.477,25169,15921,6262,11206,0.2162,16575,38351,45949,24330,69322,0.661,0.361,42.31379,-71.79503
Rabbinical College Bobover Yeshiva Bnei Zion,Brooklyn,NY,Mid East,Private nonprofit,4-year,Bachelor's,,,473,0.8952,,24150,20075,10000,10000,0.8286,,,20707,15785,51152,0.259,,40.631954,-73.985026
Rabbinical College of America,Morristown,NJ,Mid East,Private nonprofit,4-year,Bachelor's,0.9515,,181,0.4365,0.1163,35086,27300,10650,10650,0.2222,,27418,34990,16679,67530,0.593,,40.805705,-74.49878
Radford M Locklin Technical College,Milton,FL,Southeast,Public,2-year,Certificate,,,233,0.184,0.6768,14561,,,,0.6316,,33574,35997,19229,53554,0.456,,30.648077,-87.09971
Radford University,Radford,VA,Southeast,Public,4-year,Bachelor's,0.8953,1060,6038,0.3713,0.3144,54745,28405,12548,25633,0.4866,24000,44830,53739,38051,77202,0.821,0.447,37.136907,-80.549728
Ralph R Willis Career and Technical Center,Stollings,WV,Southeast,Public,Less than 2-year,Certificate,,,18,0.8276,,13562,,,,0.8571,,,51465,26864,67815,,,37.82694,-81.94289
Ramapo College of New Jersey,Mahwah,NJ,Mid East,Public,4-year,Bachelor's,0.7064,1211,4898,0.2823,0.3129,68011,29483,16777,27708,0.6981,21000,53872,67541,45520,94225,0.803,0.311,41.080942,-74.174086
Randall University,Moore,OK,Southwest,Private nonprofit,4-year,Bachelor's,0.5786,980,267,0.3737,0.402,34143,26126,17714,17714,0.2639,22626,41012,42051,23449,58227,0.672,0.538,35.300757,-97.491107
Randolph College,Lynchburg,VA,Southeast,Private nonprofit,4-year,Bachelor's,0.9371,1134,658,0.4584,0.2627,61543,45040,30310,30310,0.4639,26950,39122,53409,32764,78006,0.764,0.505,37.437315,-79.171887
Randolph Community College,Asheboro,NC,Southeast,Public,2-year,Certificate,,,1417,0.3048,0.5864,20382,16435,2416,8176,0.5818,,31370,33336,18813,47556,0.522,,35.672814,-79.828538
Randolph-Macon College,Ashland,VA,Southeast,Private nonprofit,4-year,Bachelor's,0.8661,1095,1639,0.1987,0.2254,88919,63985,49466,49466,0.7048,27000,48067,58448,40135,82908,0.811,0.462,37.76043,-77.478416
Ranger College,Ranger,TX,Southwest,Public,2-year,Associate,,,971,0.1677,0.4595,26073,15017,2766,9066,0.187,9500,30914,35552,19454,54947,0.554,0.267,32.456773,-98.685215
Ranken Technical College,Saint Louis,MO,Plains,Private nonprofit,4-year,Certificate,,,1780,0.4682,0.3892,31000,29450,18008,18008,0.5313,12000,51342,55955,32881,79958,0.792,0.214,38.653303,-90.248465
Raphael's School of Beauty Culture Inc-Alliance,Alliance,OH,Great Lakes,Private for-profit,2-year,Certificate,,,339,0.6338,0.5538,12589,,,,0.6637,7114,15544,17650,9798,34803,,0.403,40.902642,-81.152086
Raphael's School of Beauty Culture Inc-Boardman,Boardman,OH,Great Lakes,Private for-profit,2-year,Certificate,,,129,0.5502,0.4851,13518,,,,0.5769,6251,17659,22437,10161,41043,,0.279,41.02371,-80.679801
Raphael's School of Beauty Culture Inc-Brunswick,Brunswick,OH,Great Lakes,Private for-profit,2-year,Certificate,,,73,0.4571,0.5435,11700,,,,0.6579,7538,17995,21307,11379,34855,0.232,0.354,41.240245,-81.806142
Raphael's School of Beauty Culture Inc-Niles,Niles,OH,Great Lakes,Private for-profit,2-year,Certificate,,,172,0.6872,0.5435,11700,,,,0.5806,7538,17995,21307,11379,34855,0.232,0.354,41.197513,-80.72803
Rappahannock Community College,Glenns,VA,Southeast,Public,2-year,Certificate,,,1367,0.2486,0.5079,19401,12333,5102,11540,0.4527,,33145,36121,20031,53166,0.534,,37.564425,-76.623913
Raritan Valley Community College,Branchburg,NJ,Mid East,Public,2-year,Associate,,,5416,0.2625,0.4725,27419,13832,5664,7584,0.3087,10500,39229,48145,28451,73834,0.679,0.218,40.609681,-74.688127
Rasmussen University - Overland Park,Overland Park,KS,Plains,Private for-profit,4-year,Not classified,,,,,0.4757,25124,,17160,17160,,20899,41436,39080,21835,57587,0.627,0.535,,
Rasmussen University-Aurora,Aurora,IL,Great Lakes,Private for-profit,2-year,Not classified,,,,,0.4757,25124,,14078,14078,,20899,41436,39080,21835,57587,0.627,0.535,,
Rasmussen University-Bloomington,Bloomington,MN,Plains,Private for-profit,4-year,Not classified,,,,,0.4757,25124,,11490,11490,,20899,41436,39080,21835,57587,0.627,0.535,,
Rasmussen University-Central Pasco,Odessa,FL,Southeast,Private for-profit,4-year,Not classified,,,,,0.4757,25124,,15314,15314,,20899,41436,39080,21835,57587,0.627,0.535,,
Rasmussen University-Eagan,Eagan,MN,Plains,Private for-profit,4-year,Not classified,,,,,0.4757,25124,,11490,11490,,20899,41436,39080,21835,57587,0.627,0.535,,
Rasmussen University-Florida,Ocala,FL,Southeast,Private for-profit,4-year,Associate,,,3121,0.5355,0.4757,25124,28346,15314,15314,0.4155,20899,41436,39080,21835,57587,0.627,0.535,29.175319,-82.15319
Rasmussen University-Fort Myers,Fort Myers,FL,Southeast,Private for-profit,4-year,Not classified,,,,,0.4757,25124,,15314,15314,,20899,41436,39080,21835,57587,0.627,0.535,,
Rasmussen University-Hennepin/Anoka,Brooklyn Park,MN,Plains,Private for-profit,4-year,Not classified,,,,,0.4757,25124,,11490,11490,,20899,41436,39080,21835,57587,0.627,0.535,,
Rasmussen University-Illinois,Rockford,IL,Great Lakes,Private for-profit,2-year,Associate,,,1145,0.6194,0.4757,25124,27601,14078,14078,0.4253,20899,41436,39080,21835,57587,0.627,0.535,42.267628,-88.998854
Rasmussen University-Kansas,Topeka,KS,Plains,Private for-profit,4-year,Associate,,,359,0.5677,0.4757,25124,31095,17160,17160,0.4545,20899,41436,39080,21835,57587,0.627,0.535,38.998726,-95.704151
Rasmussen University-Mankato,Mankato,MN,Plains,Private for-profit,4-year,Not classified,,,,,0.4757,25124,,11490,11490,,20899,41436,39080,21835,57587,0.627,0.535,,
Rasmussen University-Minnesota,St. Cloud,MN,Plains,Private for-profit,4-year,Certificate,,,8617,0.5957,0.4757,25124,25221,11490,11490,0.5349,20899,41436,39080,21835,57587,0.627,0.535,45.548117,-94.206254
Rasmussen University-Mokena/Tinley Park,Mokena,IL,Great Lakes,Private for-profit,2-year,Not classified,,,,,0.4757,25124,,14078,14078,,20899,41436,39080,21835,57587,0.627,0.535,,
Rasmussen University-North Dakota,Fargo,ND,Plains,Private for-profit,4-year,Associate,,,52,0.383,0.4757,25124,,13957,13957,0.2857,20899,41436,39080,21835,57587,0.627,0.535,46.848362,-96.848937
Rasmussen University-North Orlando,Altamonte Springs,FL,Southeast,Private for-profit,4-year,Not classified,,,,,0.4757,25124,,15314,15314,,20899,41436,39080,21835,57587,0.627,0.535,,
Rasmussen University-Romeoville/Joliet,Romeoville,IL,Great Lakes,Private for-profit,2-year,Not classified,,,,,0.4757,25124,,14078,14078,,20899,41436,39080,21835,57587,0.627,0.535,,
Rasmussen University-Tampa/Brandon,Brandon,FL,Southeast,Private for-profit,4-year,Not classified,,,,,0.4757,25124,,15314,15314,,20899,41436,39080,21835,57587,0.627,0.535,,
Rasmussen University-Wausau,Wausau,WI,Great Lakes,Private for-profit,4-year,Not classified,,,,,0.4757,25124,,,,,20899,41436,39080,21835,57587,0.627,0.535,,
Rasmussen University-Wisconsin,Green Bay,WI,Great Lakes,Private for-profit,4-year,Associate,,,55,0.5342,0.4757,25124,,,,0.5667,20899,41436,39080,21835,57587,0.627,0.535,44.526244,-88.080783
Ravenscroft Beauty College,Fort Wayne,IN,Great Lakes,Private for-profit,Less than 2-year,Certificate,,,104,0.6223,0.5708,14613,,,,0.6333,7389,18345,23187,10893,37575,0.313,0.319,41.121802,-85.046078
Reading Area Community College,Reading,PA,Mid East,Public,2-year,Associate,,,3703,0.3469,0.5392,19778,14563,6480,12510,0.3363,8750,32565,39082,21317,58433,0.591,0.224,40.334861,-75.935086
Reading Hospital School of Health Sciences,Reading,PA,Mid East,Private nonprofit,2-year,Certificate,0.2925,,294,0.3889,0.5289,36957,29377,12225,12225,0.3333,20885,71955,74572,50577,95432,0.882,0.28,40.32606,-75.950474
Red River Technology Center,Duncan,OK,Southwest,Public,Less than 2-year,Certificate,,,516,0.083,0.7193,13295,,,,0.5278,,21528,31415,13425,48615,0.514,,34.491393,-97.99029
Red Rocks Community College,Lakewood,CO,Rocky Mountains,Public,4-year,Certificate,,,4889,0.1726,0.4532,26224,18143,4859,17459,0.3201,9500,41495,46288,23711,70750,0.648,0.205,39.720277,-105.150094
Redlands Community College,El Reno,OK,Southwest,Public,2-year,Associate,,,946,0.2232,0.4394,25609,15510,5385,7951,0.3453,6750,34168,37224,18344,56281,0.6,0.181,35.518475,-97.974592
Reed College,Portland,OR,Far West,Private nonprofit,4-year,Bachelor's,0.2461,1437,1320,0.1459,,93231,86376,69350,69350,0.7147,21500,38607,62927,38126,97815,0.663,0.342,45.480959,-122.630348
Reedley College,Reedley,CA,Far West,Public,2-year,Certificate,,,5504,0.268,0.5396,21000,16881,1334,10154,0.4204,2819,30023,38493,20078,59641,0.485,0.073,36.605428,-119.458555
Refrigeration School Inc,Phoenix,AZ,Southwest,Private for-profit,2-year,Certificate,,,1346,0.6186,0.5226,21165,,,,0.758,8233,47246,52953,33558,76444,0.752,0.155,33.448692,-111.989357
Regent University,Virginia Beach,VA,Southeast,Private nonprofit,4-year,Bachelor's,0.3812,1153,4729,0.5115,0.4199,28090,32838,21650,21650,0.5692,24534,42066,44498,23248,69937,0.77,0.551,36.801173,-76.194627
Regis College,Weston,MA,New England,Private nonprofit,4-year,Bachelor's,0.6978,,956,0.3101,0.3488,53979,65546,49680,49680,0.7217,25500,56223,52873,27339,82569,0.811,0.482,42.351291,-71.310561
Regis University,Denver,CO,Rocky Mountains,Private nonprofit,4-year,Bachelor's,0.8646,1220,2627,0.3183,0.36,42833,54800,46340,46340,0.6102,25000,64557,72105,44693,108313,0.807,0.347,39.788175,-105.030756
Reid State Technical College,Evergreen,AL,Southeast,Public,2-year,Certificate,,,416,0.5,0.5903,14034,10739,5454,9324,0.589,,28287,28982,15362,48258,0.374,,31.460265,-86.964797
Reinhardt University,Waleska,GA,Southeast,Private nonprofit,4-year,Bachelor's,0.6154,,1066,0.3983,0.3655,41738,46386,30074,30074,0.4357,23900,40411,46541,29886,67335,0.68,0.514,34.319756,-84.554264
Remington College-Baton Rouge Campus,Baton Rouge,LA,Southeast,Private nonprofit,2-year,Certificate,,,210,0.7899,0.5947,13648,29692,15837,15837,0.4054,13271,26884,31349,16051,44946,0.533,0.423,30.411857,-91.052999
Remington College-Cleveland Campus,Cleveland,OH,Great Lakes,Private nonprofit,2-year,Certificate,,,197,0.6767,0.5947,13648,29267,15876,15876,0.5507,13271,26884,31349,16051,44946,0.533,0.423,41.422951,-81.579347
Remington College-Dallas Campus,Dallas,TX,Southwest,Private nonprofit,4-year,Certificate,,,250,0.6635,0.5947,13648,35534,15025,15025,,13271,26884,31349,16051,44946,0.533,0.423,32.912073,-96.73302
Remington College-Fort Worth Campus,North Richland Hills,TX,Southwest,Private nonprofit,2-year,Certificate,,,154,0.6829,0.5947,13648,31669,16071,16071,0.4516,13271,26884,31349,16051,44946,0.533,0.423,32.847676,-97.24061
Remington College-Houston Southeast Campus,League City,TX,Southwest,Private nonprofit,2-year,Certificate,,,111,0.7846,0.5947,13648,26339,16926,16926,0.5965,13271,26884,31349,16051,44946,0.533,0.423,29.501276,-95.118946
Remington College-Lafayette Campus,Lafayette,LA,Southeast,Private nonprofit,2-year,Certificate,,,230,0.6842,0.5947,13648,35661,16312,16312,0.4211,13271,26884,31349,16051,44946,0.533,0.423,30.166882,-92.059734
Remington College-Memphis Campus,Memphis,TN,Southeast,Private nonprofit,2-year,Certificate,,,331,0.7311,0.5947,13648,32443,17083,17083,0.3843,13271,26884,31349,16051,44946,0.533,0.423,35.071403,-89.989881
Remington College-Mobile Campus,Mobile,AL,Southeast,Private nonprofit,2-year,Certificate,,,257,0.6926,0.5947,13648,32998,16411,16411,0.4192,13271,26884,31349,16051,44946,0.533,0.423,30.67173,-88.143941
Remington College-Nashville Campus,Nashville,TN,Southeast,Private nonprofit,2-year,Certificate,,,280,0.5806,0.5947,13648,34630,16258,16258,0.4713,13271,26884,31349,16051,44946,0.533,0.423,36.152337,-86.665629
Remington College-Shreveport Campus,Shreveport,LA,Southeast,Private nonprofit,4-year,Certificate,,,315,0.9357,0.5947,13648,37279,16245,16245,0.3302,13271,26884,31349,16051,44946,0.533,0.423,32.403166,-93.793578
Renaissance Academie,Provo,UT,Rocky Mountains,Private for-profit,Less than 2-year,Certificate,,,188,0.2019,,28456,,,,0.8519,6167,,21547,7468,38203,,0.286,40.25395,-111.665961
Rend Lake College,Ina,IL,Great Lakes,Public,2-year,Certificate,,,1175,0.3025,0.4307,19510,16731,4500,7800,0.6337,5809,29814,35775,18022,54603,0.51,0.162,38.131481,-88.918283
Rensselaer Polytechnic Institute,Troy,NY,Mid East,Private nonprofit,4-year,Bachelor's,0.6347,1456,5714,0.1992,0.1375,96976,82404,64081,64081,0.8362,23750,83054,102051,71488,137023,0.915,0.233,42.729978,-73.676646
Renton Technical College,Renton,WA,Far West,Public,4-year,Certificate,,,1783,0.2095,0.52,17837,17585,6308,7369,0.4586,7920,45679,49782,27780,75295,0.675,0.159,47.489206,-122.176303
Research College of Nursing,Kansas City,MO,Plains,Private for-profit,4-year,Bachelor's,,,177,0.1767,,61006,,,,,13930,72771,85910,65343,109600,0.922,0.162,39.006611,-94.556762
Rhode Island College,Providence,RI,New England,Public,4-year,Bachelor's,0.9182,990,5049,0.4205,0.4471,35669,17454,11300,27299,0.4813,20500,46882,56318,35091,75388,0.747,0.364,41.842415,-71.46556
Rhode Island School of Design,Providence,RI,New England,Private nonprofit,4-year,Bachelor's,0.1866,1473,2084,0.1482,0.1055,81184,81727,62688,62688,0.8877,27000,45932,68140,29793,108226,0.767,0.396,41.827114,-71.409309
Rhodes College,Memphis,TN,Southeast,Private nonprofit,4-year,Bachelor's,0.5035,1362,1836,0.1593,0.1278,108000,71136,57110,57110,0.8453,21761,48898,66651,43822,103868,0.818,0.326,35.154405,-89.990803
Rice University,Houston,TX,Southwest,Private nonprofit,4-year,Bachelor's,0.08,1553,4776,0.1703,0.1448,65041,79788,64144,64144,0.9464,11000,79751,89718,62982,143920,0.874,0.123,29.717897,-95.402035
Richard Bland College,South Prince George,VA,Southeast,Public,2-year,Associate,0.8926,,894,0.1624,0.4516,31074,24206,9090,14970,0.0908,11000,34377,41452,25607,59656,0.696,0.265,37.156972,-77.399932
Richland Community College,Decatur,IL,Great Lakes,Public,2-year,Certificate,,,1346,0.327,0.4907,20145,11483,4680,17070,0.6032,8256,32459,38793,19393,57739,0.531,0.213,39.883887,-88.894125
Richmond Community College,Hamlet,NC,Southeast,Public,2-year,Certificate,,,1352,0.3102,0.499,15198,15667,1956,6564,0.4605,,27720,29951,15569,46814,0.443,,34.905252,-79.70964
Rider University,Lawrenceville,NJ,Mid East,Private nonprofit,4-year,Bachelor's,0.7864,1227,3106,0.3473,0.294,65208,55967,41120,41120,0.6133,26130,51289,62208,42182,84492,0.83,0.42,40.278796,-74.737833
Ridge Technical College,Winter Haven,FL,Southeast,Public,Less than 2-year,Certificate,,,407,0.5653,0.5765,16062,27493,3930,10530,0.9894,,31904,33484,15537,51891,0.333,,28.076632,-81.654463
Ridgewater College,Willmar,MN,Plains,Public,2-year,Associate,,,2162,0.3243,0.3144,37534,15694,6121,6121,0.502,12000,40862,43827,26512,63192,0.667,0.274,45.138313,-95.07305
Ringling College of Art and Design,Sarasota,FL,Southeast,Private nonprofit,4-year,Bachelor's,0.6965,,1662,0.2108,0.1683,51310,80276,57900,57900,0.7207,27000,39650,43325,21453,79118,0.62,0.623,27.360931,-82.547803
Rio Hondo College,Whittier,CA,Far West,Public,4-year,Certificate,,,15684,0.2617,0.6827,19376,21391,1388,9884,0.2453,5500,35115,44950,25321,67890,0.652,0.122,34.019821,-118.033506
Rio Salado College,Tempe,AZ,Southwest,Public,4-year,Certificate,,,11668,0.0682,0.4732,21808,13425,2358,8958,0.0851,9500,42314,41015,19411,63730,0.689,0.232,33.413309,-111.97417
Ripon College,Ripon,WI,Great Lakes,Private nonprofit,4-year,Bachelor's,0.7984,1176,688,0.3379,0.2808,75858,63540,51900,51900,0.633,27000,42334,54902,40128,75166,0.829,0.492,43.844135,-88.842333
River Parishes Community College,Gonzales,LA,Southeast,Public,2-year,Certificate,,,1880,0.4081,0.4618,24485,16783,4079,4079,0.2957,12000,34205,37848,21138,60780,0.492,0.317,30.191006,-90.930804
River Valley Community College,Claremont,NH,New England,Public,2-year,Associate,,,608,0.3976,0.4411,28980,23244,6940,15190,0.2188,16226,41242,44700,24761,75167,,0.363,43.399046,-72.333114
Riverland Community College,Austin,MN,Plains,Public,2-year,Certificate,,,2003,0.2384,0.3567,31963,14442,6298,6298,0.5213,12000,41043,45247,26245,62141,0.647,0.265,43.676271,-92.995626
Riveroak Technical College,Live Oak,FL,Southeast,Public,2-year,Certificate,,,250,0.3362,0.6667,12254,,,,0.7539,,26938,31778,16577,46558,0.495,,30.281999,-82.992512
Riverside City College,Riverside,CA,Far West,Public,2-year,Associate,,,18346,0.3426,0.5572,19200,16911,1428,12498,0.3659,8000,32779,41091,20998,63424,0.591,0.195,33.970918,-117.384323
Riverside College of Health Sciences,Newport News,VA,Southeast,Private nonprofit,4-year,Associate,0.129,,350,0.4615,0.344,30797,27018,17250,17250,1.0,14787,54261,66072,38476,90444,0.819,0.224,37.034972,-76.456164
Rivertown School of Beauty Barber Skin Care and Nails,Columbus,GA,Southeast,Private for-profit,Less than 2-year,Certificate,,,150,0.9836,0.5588,12965,,,,0.401,9500,17420,22139,11668,34820,0.305,0.429,32.511932,-84.935823
Rivier University,Nashua,NH,New England,Private nonprofit,4-year,Bachelor's,0.8259,1070,1231,0.2831,0.3736,62990,53499,39488,39488,0.5167,26956,54599,52248,35475,70095,0.8,0.516,42.738676,-71.45626
Rizzieri Aveda School for Beauty and Wellness,Voorhees,NJ,Mid East,Private for-profit,Less than 2-year,Certificate,,,346,0.3128,0.4882,31410,,,,0.9438,5500,29767,29601,12725,47199,0.384,0.186,39.851767,-74.999788
Roane State Community College,Harriman,TN,Southeast,Public,2-year,Associate,,,3250,0.275,0.5032,23549,13397,4998,18630,0.3591,8454,33926,39407,22781,56911,0.59,0.215,35.880911,-84.620051
Roane-Jackson Technical Center,Leroy,WV,Southeast,Public,2-year,Certificate,,,28,0.6429,,17768,,,,0.9091,,31335,33982,,47277,0.54,,38.82254,-81.561142
Roanoke College,Salem,VA,Southeast,Private nonprofit,4-year,Bachelor's,0.8306,1211,1767,0.244,0.2066,82238,54283,38068,38068,0.6736,27000,45330,58047,40380,81482,0.824,0.465,37.294861,-80.055467
Roanoke-Chowan Community College,Ahoskie,NC,Southeast,Public,2-year,Associate,,,309,0.3198,0.5556,13400,9415,2642,8786,0.3684,,26139,29324,16009,44145,0.445,,36.324827,-77.023662
Rob Roy Academy - Woonsocket,Woonsocket,RI,New England,Private for-profit,Less than 2-year,Not classified,,,,,0.4531,13274,,,,,9465,14519,30033,,51741,0.411,0.315,,
Rob Roy Academy-Fall River,Fall River,MA,New England,Private for-profit,Less than 2-year,Certificate,,,97,0.55,0.5735,9257,,,,0.8684,6333,,32113,13406,,0.284,0.197,41.698905,-71.157664
Rob Roy Academy-Worcester,Worcester,MA,New England,Private for-profit,Less than 2-year,Certificate,,,109,0.516,0.4531,13274,,,,0.9032,9465,14519,30033,,51741,0.411,0.315,42.263673,-71.807728
Robert Fiance Beauty Schools,Boynton Beach,FL,Southeast,Private for-profit,Less than 2-year,Certificate,,,310,0.4192,0.7487,13637,,,,0.7143,7062,23137,27359,11873,40938,0.33,0.258,26.513629,-80.060233
Robert Fiance Beauty Schools-North Plainfield,North Plainfield,NJ,Mid East,Private for-profit,Less than 2-year,Certificate,,,190,0.4369,0.5688,16649,,,,0.6667,6333,22029,24509,11399,40708,0.36,0.258,40.622543,-74.427019
Robert Fiance Beauty Schools-West New York,West New York,NJ,Mid East,Private for-profit,Less than 2-year,Certificate,,,271,0.4408,0.5915,13853,,,,0.6667,6701,19631,18123,9903,36452,0.213,0.37,40.786079,-74.018286
Robert Morgan Educational Center and Technical College,Miami,FL,Southeast,Public,2-year,Certificate,,,1045,0.1469,0.5156,16112,,,,0.1255,,30120,37543,17342,61088,0.523,,25.599247,-80.390054
Robert Morris University,Moon Township,PA,Mid East,Private nonprofit,4-year,Bachelor's,0.8989,,2896,0.233,0.3002,62641,51621,35970,35970,0.6569,26950,54449,62105,41953,87672,0.806,0.434,40.520415,-80.210468
Roberto-Venn School of Luthiery,Phoenix,AZ,Southwest,Private for-profit,Less than 2-year,Certificate,,,21,0.1739,,26718,,,,1.0,,36340,35209,16769,53726,0.463,,33.45489,-112.086161
Roberts Wesleyan University,Rochester,NY,Mid East,Private nonprofit,4-year,Bachelor's,0.7063,1170,1149,0.3542,0.272,53344,52919,38826,38826,0.6667,23750,56275,55031,35301,81897,0.748,0.432,43.125755,-77.798498
Robeson Community College,Lumberton,NC,Southeast,Public,2-year,Associate,,,1551,0.4967,0.5506,13694,12628,2581,8725,0.3265,,24723,29036,15020,45807,0.402,,34.675194,-79.00664
Rochester Christian University,Rochester Hills,MI,Great Lakes,Private nonprofit,4-year,Bachelor's,0.9765,,792,0.309,0.4059,32020,41787,29196,29196,0.4412,24475,40813,48707,29057,69551,0.667,0.502,42.667521,-83.144959
Rochester Community and Technical College,Rochester,MN,Plains,Public,2-year,Associate,,,3365,0.2766,0.3333,32106,19639,6389,6389,0.2886,14743,39814,45287,28645,62861,0.718,0.326,44.014488,-92.42321
Rochester Institute of Technology,Rochester,NY,Mid East,Private nonprofit,4-year,Bachelor's,0.6693,1383,13215,0.2724,0.1947,69191,74626,59274,59274,0.6989,26778,65457,76571,45486,109829,0.843,0.35,43.084188,-77.67386
Rock Valley College,Rockford,IL,Great Lakes,Public,2-year,Associate,,,4359,0.2816,0.4983,25439,11920,4334,7379,0.3732,8500,34774,39158,21986,59068,0.611,0.217,42.306174,-88.993544
Rockford University,Rockford,IL,Great Lakes,Private nonprofit,4-year,Bachelor's,0.9291,956,972,0.4835,0.4184,38167,49169,37780,37780,0.472,22274,45847,54794,37948,75592,0.809,0.407,42.270639,-89.019536
Rockhurst University,Kansas City,MO,Plains,Private nonprofit,4-year,Bachelor's,0.6959,1120,1580,0.2008,0.2061,85260,59898,44966,44966,0.7456,18250,61371,67102,43076,88628,0.801,0.272,39.032318,-94.573003
Rockingham Community College,Wentworth,NC,Southeast,Public,2-year,Associate,,,1065,0.444,0.5221,21124,10933,1966,6574,0.3507,,31431,32480,17360,46513,0.537,,36.388682,-79.758353
Rockland Community College,Suffern,NY,Mid East,Public,2-year,Associate,,,3834,0.2624,0.4209,29038,18713,6862,6862,0.2913,8497,37430,50243,26556,73704,0.657,0.169,41.133929,-74.085969
Rockland County BOCES-Practical Nursing Program,West Nyack,NY,Mid East,Public,Less than 2-year,Certificate,,,37,0.7241,0.4348,27216,,,,1.0,8756,58730,68647,34449,91344,0.77,0.128,41.121255,-73.979871
Rocky Mountain College,Billings,MT,Rocky Mountains,Private nonprofit,4-year,Bachelor's,0.6961,1083,840,0.3111,0.3153,62012,46093,35582,35582,0.4841,26000,41783,49036,32236,73711,0.731,0.53,45.796522,-108.554075
Rocky Mountain College of Art and Design,Lakewood,CO,Rocky Mountains,Private for-profit,4-year,Bachelor's,,,2050,0.4836,0.335,28600,37505,20190,20190,0.3176,31000,30280,42958,22213,64437,0.567,0.722,39.74332,-105.069911
Roger Williams University,Bristol,RI,New England,Private nonprofit,4-year,Bachelor's,0.8771,1223,3946,0.164,0.1966,103564,61950,44418,44418,0.6865,26940,53845,70266,49055,95351,0.833,0.383,41.650214,-71.260374
Roger Williams University School of Law,Bristol,RI,New England,Private nonprofit,4-year,Graduate,,,,,0.1966,103564,,,,,26940,53845,70266,49055,95351,0.833,0.383,41.650974,-71.261978
Rogers Academy of Hair Design,Evansville,IN,Great Lakes,Private for-profit,Less than 2-year,Certificate,,,72,0.5217,0.488,15525,,,,0.6765,12652,16631,22590,10145,36106,0.192,0.56,37.970675,-87.572366
Rogers State University,Claremore,OK,Southwest,Public,4-year,Bachelor's,,,2657,0.4014,0.4255,32701,21064,7750,16410,0.2896,20500,39324,43166,24620,64187,0.649,0.475,36.321437,-95.635718
Rogue Community College,Grants Pass,OR,Far West,Public,2-year,Associate,,,3559,0.4277,0.5264,16603,18962,5256,6300,0.0944,17042,33669,36845,18276,55801,0.511,0.463,42.412159,-123.39326
Rollins College,Winter Park,FL,Southeast,Private nonprofit,4-year,Bachelor's,0.4754,1271,2631,0.2285,0.2375,43978,76108,60580,60580,0.7505,25500,48239,58295,32866,89810,0.757,0.437,28.592787,-81.349239
Roosevelt University,Chicago,IL,Great Lakes,Private nonprofit,4-year,Bachelor's,0.9716,1011,2849,0.5132,0.3684,33434,35332,21315,21315,0.3514,22000,42896,48712,27597,71216,0.746,0.452,41.876055,-87.624952
Rose State College,Midwest City,OK,Southwest,Public,4-year,Associate,,,4953,0.2911,0.469,23456,18655,5030,11407,0.2,10453,33124,37555,19165,57485,0.636,0.278,35.44372,-97.414113
Rose-Hulman Institute of Technology,Terre Haute,IN,Great Lakes,Private nonprofit,4-year,Bachelor's,0.7686,1427,2309,0.1181,0.1438,105358,77890,58649,58649,0.7816,25000,85935,101253,80529,124107,0.952,0.247,39.483602,-87.326749
Rosedale Bible College,Irwin,OH,Great Lakes,Private nonprofit,2-year,Associate,,,96,0.2674,,35028,17760,10088,10088,0.7037,,36248,35558,21680,55966,,,40.077583,-83.456645
Rosedale Technical College,Pittsburgh,PA,Mid East,Private nonprofit,2-year,Associate,0.75,,475,0.6148,0.3843,25898,29468,17402,17402,0.8053,12000,45219,47880,27320,69714,0.625,0.251,40.45205,-80.103926
Rosel School of Cosmetology,Niles,IL,Great Lakes,Private for-profit,Less than 2-year,Certificate,,,55,0.1765,,9145,,,,0.8769,,16312,19819,13998,34542,0.259,,42.050202,-87.838131
Roseman University of Health Sciences,Henderson,NV,Far West,Private nonprofit,4-year,Bachelor's,,,536,0.2834,0.3375,26432,,,,,25000,96993,120163,82510,158490,,0.208,36.073182,-115.064633
Rosemont College,Rosemont,PA,Mid East,Private nonprofit,4-year,Bachelor's,0.7634,,486,0.4489,0.3747,38541,38498,23845,23845,0.5714,27000,40852,48555,28444,68061,0.766,0.556,40.033417,-75.32925
Ross College-Canton,Canton,OH,Great Lakes,Private for-profit,2-year,Certificate,,,785,0.7609,0.5627,17342,,,,0.4559,9500,28207,29898,14990,42422,0.459,0.318,40.844938,-81.429021
Ross College-Davenport,Davenport,IA,Plains,Private for-profit,2-year,Certificate,,,42,0.6667,0.5627,17342,,,,0.6522,9500,28207,29898,14990,42422,0.459,0.318,41.555054,-90.550669
Ross College-Grand Rapids North,Grand Rapids,MI,Great Lakes,Private for-profit,2-year,Certificate,,,387,0.6095,0.574,16513,,,,0.5707,9500,27583,30072,15686,40983,0.481,0.316,43.026716,-85.630252
Ross College-Hopkinsville,Hopkinsville,KY,Southeast,Private for-profit,2-year,Certificate,,,90,0.6239,0.5627,17342,,,,0.6061,9500,28207,29898,14990,42422,0.459,0.318,36.834025,-87.474774
Ross College-Morgantown,Morgantown,WV,Southeast,Private for-profit,Less than 2-year,Certificate,,,30,0.7297,0.5855,15506,,,,0.6897,9500,27138,30481,15370,42929,0.487,0.312,39.628002,-79.928764
Ross College-Sylvania,Sylvania,OH,Great Lakes,Private for-profit,2-year,Certificate,,,1714,0.752,0.5627,17342,,,,0.5324,9500,28207,29898,14990,42422,0.459,0.318,41.714006,-83.680536
Ross Medical Education Center-Ann Arbor,Ann Arbor,MI,Great Lakes,Private for-profit,Less than 2-year,Certificate,,,51,0.6964,0.5627,17342,,,,0.7241,9500,28207,29898,14990,42422,0.459,0.318,42.25294,-83.666667
Ross Medical Education Center-Battle Creek,Battle Creek,MI,Great Lakes,Private for-profit,Less than 2-year,Certificate,,,50,0.5952,0.5271,16094,,,,0.6857,9500,26485,30060,16686,39692,0.367,0.316,42.247801,-85.20031
Ross Medical Education Center-Bowling Green,Bowling Green,KY,Southeast,Private for-profit,Less than 2-year,Certificate,,,57,0.6887,0.5271,16094,,,,0.7368,9500,26485,30060,16686,39692,0.367,0.316,36.965672,-86.440649
Ross Medical Education Center-Brighton,Brighton,MI,Great Lakes,Private for-profit,Less than 2-year,Certificate,,,39,0.5156,0.5627,17342,,,,0.6538,9500,28207,29898,14990,42422,0.459,0.318,42.548468,-83.796918
Ross Medical Education Center-Canton,Canton,MI,Great Lakes,Private for-profit,Less than 2-year,Certificate,,,92,0.6242,0.5271,16094,,,,0.6034,9500,26485,30060,16686,39692,0.367,0.316,42.324442,-83.482675
Ross Medical Education Center-Charleston,Charleston,WV,Southeast,Private for-profit,Less than 2-year,Certificate,,,65,0.7857,0.574,16513,,,,0.68,9500,27583,30072,15686,40983,0.481,0.316,38.310312,-81.567573
Ross Medical Education Center-Cincinnati,Cincinnati,OH,Great Lakes,Private for-profit,Less than 2-year,Certificate,,,129,0.6512,0.6067,15232,,,,0.5946,9500,27286,33079,17431,45637,0.562,0.287,39.286023,-84.452851
Ross Medical Education Center-Davison,Davison,MI,Great Lakes,Private for-profit,Less than 2-year,Certificate,,,53,0.7857,0.5627,17342,,,,0.7778,9500,28207,29898,14990,42422,0.459,0.318,43.021829,-83.516551
Ross Medical Education Center-Dayton,Fairborn,OH,Great Lakes,Private for-profit,Less than 2-year,Certificate,,,84,0.6379,0.6067,15232,,,,0.557,9500,27286,33079,17431,45637,0.562,0.287,39.788147,-83.998213
Ross Medical Education Center-Elyria,Elyria,OH,Great Lakes,Private for-profit,Less than 2-year,Certificate,,,74,0.7129,0.5855,15506,,,,0.6863,9500,27138,30481,15370,42929,0.487,0.312,41.386445,-82.105702
Ross Medical Education Center-Erlanger,Erlanger,KY,Southeast,Private for-profit,Less than 2-year,Certificate,,,77,0.6296,0.5627,17342,,,,0.6024,9500,28207,29898,14990,42422,0.459,0.318,39.030899,-84.615734
Ross Medical Education Center-Evansville,Evansville,IN,Great Lakes,Private for-profit,Less than 2-year,Certificate,,,91,0.561,0.6067,15232,,,,0.5172,9500,27286,33079,17431,45637,0.562,0.287,37.978574,-87.490569
Ross Medical Education Center-Flint,Flint,MI,Great Lakes,Private for-profit,Less than 2-year,Certificate,,,116,0.7296,0.5271,16094,,,,0.6575,9500,26485,30060,16686,39692,0.367,0.316,42.986442,-83.751751
Ross Medical Education Center-Fort Wayne,Fort Wayne,IN,Great Lakes,Private for-profit,2-year,Certificate,,,156,0.6594,0.574,16513,,,,0.5867,9500,27583,30072,15686,40983,0.481,0.316,41.115114,-85.14454
Ross Medical Education Center-Granger,Mishawaka,IN,Great Lakes,Private for-profit,Less than 2-year,Certificate,,,172,0.7034,0.5855,15506,,,,0.5696,9500,27138,30481,15370,42929,0.487,0.312,41.717835,-86.174277
Ross Medical Education Center-Huntsville,Huntsville,AL,Southeast,Private for-profit,Less than 2-year,Certificate,,,132,0.6531,0.5271,16094,,,,0.5077,9500,26485,30060,16686,39692,0.367,0.316,34.736871,-86.661349
Ross Medical Education Center-Johnson City,Johnson City,TN,Southeast,Private for-profit,Less than 2-year,Certificate,,,87,0.6899,0.6067,15232,,,,0.6429,9500,27286,33079,17431,45637,0.562,0.287,36.35971,-82.383171
Ross Medical Education Center-Kentwood,Kentwood,MI,Great Lakes,Private for-profit,Less than 2-year,Certificate,,,134,0.6458,0.574,16513,,,,0.6735,9500,27583,30072,15686,40983,0.481,0.316,42.880955,-85.605379
Ross Medical Education Center-Knoxville,Knoxville,TN,Southeast,Private for-profit,Less than 2-year,Certificate,,,75,0.672,0.574,16513,,,,0.6833,9500,27583,30072,15686,40983,0.481,0.316,35.912854,-84.096882
Ross Medical Education Center-Kokomo,Kokomo,IN,Great Lakes,Private for-profit,Less than 2-year,Certificate,,,75,0.6887,0.6067,15232,,,,0.6,9500,27286,33079,17431,45637,0.562,0.287,40.444807,-86.129996
Ross Medical Education Center-Lafayette,Lafayette,IN,Great Lakes,Private for-profit,Less than 2-year,Certificate,,,132,0.7233,0.6067,15232,,,,0.6182,9500,27286,33079,17431,45637,0.562,0.287,40.38849,-86.845131
Ross Medical Education Center-Lansing,Lansing,MI,Great Lakes,Private for-profit,Less than 2-year,Certificate,,,135,0.7245,0.574,16513,,,,0.6078,9500,27583,30072,15686,40983,0.481,0.316,42.741855,-84.605807
Ross Medical Education Center-Midland,Midland,MI,Great Lakes,Private for-profit,Less than 2-year,Certificate,,,57,0.2737,0.5627,17342,,,,0.8182,9500,28207,29898,14990,42422,0.459,0.318,43.641877,-84.258017
Ross Medical Education Center-Muncie,Muncie,IN,Great Lakes,Private for-profit,Less than 2-year,Certificate,,,63,0.6848,0.5627,17342,,,,0.5227,9500,28207,29898,14990,42422,0.459,0.318,40.23238,-85.390811
Ross Medical Education Center-New Baltimore,New Baltimore,MI,Great Lakes,Private for-profit,Less than 2-year,Certificate,,,33,0.6271,0.5855,15506,,,,0.8,9500,27138,30481,15370,42929,0.487,0.312,42.677429,-82.751334
Ross Medical Education Center-Niles,Niles,OH,Great Lakes,Private for-profit,Less than 2-year,Certificate,,,99,0.7516,0.574,16513,,,,0.6087,9500,27583,30072,15686,40983,0.481,0.316,41.212037,-80.746465
Ross Medical Education Center-Ontario,Ontario,OH,Great Lakes,Private for-profit,Less than 2-year,Certificate,,,79,0.7326,0.5627,17342,,,,0.44,9500,28207,29898,14990,42422,0.459,0.318,40.77421,-82.591867
Ross Medical Education Center-Owensboro,Owensboro,KY,Southeast,Private for-profit,Less than 2-year,Certificate,,,38,0.7,0.5855,15506,,,,0.6071,9500,27138,30481,15370,42929,0.487,0.312,37.72084,-87.119243
Ross Medical Education Center-Port Huron,Port Huron,MI,Great Lakes,Private for-profit,Less than 2-year,Certificate,,,38,0.6182,0.5271,16094,,,,0.8065,9500,26485,30060,16686,39692,0.367,0.316,43.024632,-82.452984
Ross Medical Education Center-Portage,Portage,MI,Great Lakes,Private for-profit,Less than 2-year,Certificate,,,124,0.5413,0.5271,16094,,,,0.6184,9500,26485,30060,16686,39692,0.367,0.316,42.226549,-85.588596
Ross Medical Education Center-Roosevelt Park,Roosevelt Park,MI,Great Lakes,Private for-profit,Less than 2-year,Certificate,,,130,0.6522,0.5271,16094,,,,0.7059,9500,26485,30060,16686,39692,0.367,0.316,43.191474,-86.267098
Ross Medical Education Center-Saginaw,Saginaw,MI,Great Lakes,Private for-profit,Less than 2-year,Certificate,,,84,0.7016,0.5271,16094,,,,0.6296,9500,26485,30060,16686,39692,0.367,0.316,43.469473,-83.967884
Ross Medical Education Center-Taylor,Taylor,MI,Great Lakes,Private for-profit,Less than 2-year,Certificate,,,75,0.6731,0.5855,15506,,,,0.7027,9500,27138,30481,15370,42929,0.487,0.312,42.194933,-83.250307
Ross Medical Education Center-Warren,Warren,MI,Great Lakes,Private for-profit,Less than 2-year,Certificate,,,237,0.7022,0.5855,15506,,,,0.5402,9500,27138,30481,15370,42929,0.487,0.312,42.506481,-83.065785
Rosslyn Training Academy of Cosmetology,Aguada,PR,Outlying Areas,Private for-profit,Less than 2-year,Certificate,,,21,0.6667,0.4783,0,8467,7277,7277,1.0,,,11998,,20449,,,18.37922,-67.18791
Rowan College at Burlington County,Mount Laurel,NJ,Mid East,Public,2-year,Associate,,,6267,0.308,0.4777,28409,12243,6990,9510,0.3588,10500,35978,44745,25146,66925,0.665,0.235,39.972205,-74.894464
Rowan College of South Jersey-Cumberland Campus,Vineland,NJ,Mid East,Public,2-year,Associate,,,2074,0.4341,0.4897,35201,16069,5160,6000,0.329,12000,35433,41751,22437,63313,0.623,0.287,39.440537,-75.057829
Rowan College of South Jersey-Gloucester Campus,Sewell,NJ,Mid East,Public,2-year,Associate,,,4234,0.2994,0.4897,35201,16151,5160,6000,0.3871,12000,35433,41751,22437,63313,0.623,0.287,39.781339,-75.121269
Rowan University,Glassboro,NJ,Mid East,Public,4-year,Bachelor's,0.7766,1212,15841,0.3306,0.3508,61093,35842,16574,26932,0.6736,20500,50705,59988,40999,82759,0.816,0.342,39.709108,-75.119119
Rowan-Cabarrus Community College,Salisbury,NC,Southeast,Public,2-year,Certificate,,,4164,0.2846,0.4724,18920,17338,2064,6672,0.351,9458,30316,34936,18452,51811,0.449,0.271,35.639388,-80.48181
Roxborough Memorial Hospital School of Nursing,Philadelphia,PA,Mid East,Private for-profit,2-year,Certificate,,,161,0.4444,0.5366,27687,,,,,20000,89418,79323,45930,103993,0.939,0.252,40.028912,-75.209985
Roxbury Community College,Roxbury Crossing,MA,New England,Public,2-year,Associate,,,1977,0.5734,0.5339,13620,16621,6024,11328,0.2833,,40823,38773,16745,63228,0.631,,42.329249,-71.09549
Rudae's School of Beauty Culture-Ft Wayne,Fort Wayne,IN,Great Lakes,Private for-profit,Less than 2-year,Certificate,,,91,0.5419,0.3802,23849,,,,0.7941,9500,23000,25749,10557,40364,0.264,0.369,41.128125,-85.139946
Rudy & Kelly Academy A Paul Mitchell Partner School,Virginia Beach,VA,Southeast,Private for-profit,Less than 2-year,Certificate,,,155,0.4601,0.3958,29555,,,,0.7292,12500,24379,24176,10935,37976,0.442,0.517,36.779382,-76.189382
Rush University,Chicago,IL,Great Lakes,Private nonprofit,4-year,Bachelor's,,,138,0.3667,0.473,30382,,,,,21988,86865,75194,51402,104359,0.938,0.292,41.874742,-87.668581
Russell Sage College,Troy,NY,Mid East,Private nonprofit,4-year,Bachelor's,0.5326,,1244,0.4204,0.375,43377,50607,38164,38164,0.561,22000,51139,58316,38666,76636,0.756,0.377,42.72822,-73.693711
Rust College,Holly Springs,MS,Southeast,Private nonprofit,4-year,Bachelor's,0.4867,,467,0.7146,0.46,15801,23107,13265,13265,0.1179,26159,25641,32275,18916,47214,0.438,0.811,34.776862,-89.446999
Rutgers University-Camden,Camden,NJ,Mid East,Public,4-year,Bachelor's,0.6629,1178,3753,0.4771,0.3458,43360,35178,17764,37276,0.6667,21500,61263,74479,49127,107416,0.85,0.289,39.948064,-75.12224
Rutgers University-New Brunswick,New Brunswick,NJ,Mid East,Public,4-year,Bachelor's,0.5815,1410,37751,0.279,0.3458,43360,36993,17929,37441,0.8363,21500,61263,74479,49127,107416,0.85,0.289,40.498769,-74.446251
Rutgers University-Newark,Newark,NJ,Mid East,Public,4-year,Bachelor's,0.7136,,7709,0.5881,0.3458,43360,35654,17250,36762,0.6375,21500,61263,74479,49127,107416,0.85,0.289,40.739122,-74.175809
SABER College,Miami,FL,Southeast,Private nonprofit,2-year,Associate,0.8037,,482,0.8915,0.5358,16564,,,,0.6076,22000,39024,40816,20117,68306,,0.539,25.771518,-80.261299
SAE Institute of Technology-Atlanta,Atlanta,GA,Southeast,Private for-profit,2-year,Not classified,,,,,0.3394,19236,,18474,18474,,9500,23932,39544,16411,62112,,0.24,,
SAE Institute of Technology-Chicago,Chicago,IL,Great Lakes,Private for-profit,2-year,Not classified,,,,,0.3394,19236,,17994,17994,,9500,23932,39544,16411,62112,,0.24,,
SAE Institute of Technology-Miami,North Miami Beach,FL,Southeast,Private for-profit,2-year,Not classified,,,,,0.3394,19236,,23888,23888,,9500,23932,39544,16411,62112,,0.24,,
SAE Institute of Technology-Nashville,Nashville,TN,Southeast,Private for-profit,4-year,Certificate,,,1712,0.6056,0.3394,19236,29991,17514,17514,0.4173,9500,23932,39544,16411,62112,,0.24,36.15039,-86.790448
SAE Institute of Technology-New York,New York,NY,Mid East,Private for-profit,Less than 2-year,Not classified,,,,,0.3394,19236,,24072,24072,,9500,23932,39544,16411,62112,,0.24,,
SOHO Hair Academy,Council Bluffs,IA,Plains,Private for-profit,2-year,Certificate,,,66,0.7632,,17587,,,,0.7647,9425,26909,17349,13112,34819,0.296,0.543,41.235617,-95.858073
SOWELA Technical Community College,Lake Charles,LA,Southeast,Public,2-year,Certificate,,,2966,0.456,0.5087,17038,15578,4305,4305,0.4267,,32044,32303,15501,54766,,,30.217331,-93.16252
SUM Bible College and Theological Seminary,El Dorado Hills,CA,Far West,Private nonprofit,4-year,Bachelor's,0.4068,,198,0.4465,0.5364,29345,24956,10460,10460,0.8481,26677,30871,35418,19863,51604,,0.753,38.620833,-121.054758
SUNY Adirondack,Queensbury,NY,Mid East,Public,2-year,Associate,,,1844,0.3177,0.427,31830,17087,6844,9616,0.3697,14345,35756,41267,22529,61929,0.621,0.348,43.351839,-73.654813
SUNY Brockport,Brockport,NY,Mid East,Public,4-year,Bachelor's,0.7068,1193,5784,0.4019,0.3153,43518,26046,8752,15822,0.5513,20000,47164,54496,37719,74398,0.797,0.367,43.211926,-77.947188
SUNY Broome Community College,Binghamton,NY,Mid East,Public,2-year,Associate,,,3055,0.3126,0.3925,29609,16640,8624,14288,0.2336,12000,34210,39710,23859,57073,0.608,0.302,42.135872,-75.908065
SUNY Buffalo State University,Buffalo,NY,Mid East,Public,4-year,Bachelor's,0.7295,1070,5097,0.556,0.3402,32331,24279,8533,19653,0.3331,21028,40877,52334,32907,71022,0.749,0.402,42.933832,-78.882125
SUNY College at Geneseo,Geneseo,NY,Mid East,Public,4-year,Bachelor's,0.6645,1286,3869,0.2764,0.1864,77511,27709,8999,19569,0.7145,19500,51097,67316,48703,94584,0.841,0.29,42.796645,-77.821894
SUNY College at Potsdam,Potsdam,NY,Mid East,Public,4-year,Bachelor's,0.777,,1823,0.4034,0.3411,40619,25083,8768,18678,0.453,24250,39440,47866,30701,66681,0.71,0.507,44.662148,-74.973815
SUNY College of Agriculture and Technology at Cobleskill,Cobleskill,NY,Mid East,Public,4-year,Bachelor's,0.8402,,1904,0.4329,0.329,42165,27786,8768,18678,0.4234,16023,37901,45030,28239,65691,0.687,0.356,42.672534,-74.498258
SUNY College of Environmental Science and Forestry,Syracuse,NY,Mid East,Public,4-year,Bachelor's,0.6328,,1839,0.1965,0.2043,68412,28133,9303,22263,0.6632,11000,48327,55763,40378,78328,0.783,0.197,43.034765,-76.138724
SUNY College of Technology at Alfred,Alfred,NY,Mid East,Public,4-year,Associate,0.7568,1094,3563,0.4497,0.3328,42370,25385,8892,16837,0.5506,13750,45460,50445,31484,73550,0.732,0.273,42.255262,-77.794632
SUNY College of Technology at Canton,Canton,NY,Mid East,Public,4-year,Bachelor's,0.9215,,2741,0.5042,0.3698,35630,24906,8742,13572,0.3845,20000,42079,47860,28303,68084,0.675,0.418,44.604096,-75.182906
SUNY College of Technology at Delhi,Delhi,NY,Mid East,Public,4-year,Associate,0.8901,1004,2843,0.4901,0.3787,35710,26944,8772,12762,0.4543,15180,42826,51629,30776,76072,0.71,0.294,42.269859,-74.924612
SUNY Corning Community College,Corning,NY,Mid East,Public,2-year,Associate,,,1138,0.1798,0.4238,32298,14197,6534,10326,0.34,12000,34727,38817,19847,59726,0.6,0.309,42.116736,-77.072138
SUNY Downstate Health Sciences University,Brooklyn,NY,Mid East,Public,4-year,Bachelor's,,,293,0.0315,0.3791,25374,,,,,12500,110661,109601,75417,143654,0.953,0.114,40.653855,-73.945535
SUNY Maritime College,Throggs Neck,NY,Mid East,Public,4-year,Bachelor's,0.7241,1214,1285,0.2212,0.2148,85119,29786,8589,19159,0.6439,23250,83439,95951,63300,136040,0.912,0.242,40.807217,-73.795309
SUNY Morrisville,Morrisville,NY,Mid East,Public,4-year,Associate,0.9154,1130,1923,0.5959,0.3506,37974,26833,8825,19245,0.2808,18742,39759,43295,24842,64755,0.633,0.433,42.893962,-75.640583
SUNY Old Westbury,Old Westbury,NY,Mid East,Public,4-year,Bachelor's,0.8363,,4162,0.4927,0.3939,30996,21287,8422,18842,0.4457,14997,43671,58526,39192,85776,0.748,0.256,40.799021,-73.571907
SUNY Oneonta,Oneonta,NY,Mid East,Public,4-year,Bachelor's,0.696,1230,4643,0.3602,0.2577,72278,28821,8831,19781,0.6881,19812,49723,60386,43193,82950,0.781,0.328,42.468861,-75.063632
SUNY Polytechnic Institute,Utica,NY,Mid East,Public,4-year,Bachelor's,0.8135,1201,1849,0.3965,0.3052,46601,23741,8625,21215,0.5508,17250,58662,64355,43278,92187,0.839,0.268,43.137701,-75.229841
SUNY Westchester Community College,Valhalla,NY,Mid East,Public,2-year,Associate,,,8078,0.3455,0.4881,22111,15316,5948,12486,0.2482,10400,35539,46822,24772,72362,0.67,0.222,41.068458,-73.789669
SUNY at Fredonia,Fredonia,NY,Mid East,Public,4-year,Bachelor's,0.777,1250,2755,0.3883,0.2282,59673,25879,8831,19771,0.5021,24250,40580,54247,38017,71998,0.774,0.447,42.452236,-79.337375
SUNY at Purchase College,Purchase,NY,Mid East,Public,4-year,Bachelor's,0.7405,1312,3197,0.3551,0.2414,49814,29043,8953,19203,0.6277,21067,31229,45092,18464,68776,0.659,0.467,41.047223,-73.701955
Sacramento City College,Sacramento,CA,Far West,Public,2-year,Associate,,,17657,0.2596,0.5058,14424,15767,1288,12616,0.3346,10500,32703,42214,20695,64855,0.612,0.249,38.541096,-121.491139
Sacred Heart Major Seminary,Detroit,MI,Great Lakes,Private nonprofit,4-year,Certificate,1.0,,178,0.0695,,21622,41915,24120,24120,0.6667,,,49295,36291,67395,,,42.375248,-83.111682
Sacred Heart University,Fairfield,CT,New England,Private nonprofit,4-year,Bachelor's,0.6536,,7087,0.158,0.2291,106612,69289,50404,50404,0.7346,25000,63925,75059,52706,106588,0.863,0.333,41.220893,-73.243332
Saddleback College,Mission Viejo,CA,Far West,Public,2-year,Associate,,,17684,0.1523,0.4118,19305,13939,1156,11860,0.4799,9500,36605,50874,25549,78724,0.679,0.187,33.553346,-117.665584
Saginaw Valley State University,University Center,MI,Great Lakes,Public,4-year,Bachelor's,0.7207,1052,5989,0.3517,0.3287,52670,24936,12930,30450,0.4825,25000,43530,51955,33539,73802,0.72,0.481,43.51176,-83.964273
Saint Ambrose University,Davenport,IA,Plains,Private nonprofit,4-year,Bachelor's,0.7733,1093,1916,0.3155,0.2845,69544,51141,36658,36658,0.6103,25000,51616,59531,40633,80745,0.816,0.42,41.54065,-90.579854
Saint Anselm College,Manchester,NH,New England,Private nonprofit,4-year,Bachelor's,0.7805,1201,2087,0.1135,0.1308,123136,67213,48920,48920,0.8003,27000,63347,73371,48994,103001,0.877,0.368,42.986889,-71.503622
Saint Anthony College of Nursing,Rockford,IL,Great Lakes,Private nonprofit,4-year,Bachelor's,,,172,0.3882,0.4375,35401,,27811,27811,,20000,76111,77709,55822,98232,0.905,0.257,42.310147,-88.991968
Saint Augustine's University,Raleigh,NC,Southeast,Private nonprofit,4-year,Bachelor's,0.338,,172,0.5054,0.3454,22162,33179,16896,16896,0.25,29669,26999,35730,19109,51466,0.503,0.83,35.785468,-78.621301
Saint Charles Borromeo Seminary-Overbrook,Ambler,PA,Mid East,Private nonprofit,4-year,Bachelor's,1.0,,38,0.0732,,70453,,25774,25774,0.4167,,,55225,40854,76945,,,40.201235,-75.231732
Saint Cloud State University,Saint Cloud,MN,Plains,Public,4-year,Bachelor's,0.948,1092,5088,0.2167,0.2677,51641,21116,10245,10245,0.4032,21058,47215,55813,39268,76074,0.812,0.377,45.553227,-94.152657
Saint Edward's University,Austin,TX,Southwest,Private nonprofit,4-year,Bachelor's,0.8142,1138,2493,0.4237,0.3254,48851,66719,51384,51384,0.6259,24803,47743,58826,39489,86574,0.801,0.422,30.229618,-97.754998
Saint Elizabeth College of Nursing,Utica,NY,Mid East,Private nonprofit,2-year,Associate,1.0,,153,0.3904,0.4136,41528,,20180,30000,,14250,77108,72122,50518,90024,0.881,0.198,43.082768,-75.267857
Saint Elizabeth School of Nursing,Lafayette,IN,Great Lakes,Private nonprofit,2-year,Certificate,0.8889,,145,0.5115,,35252,32407,20208,20208,0.6364,26213,57337,65230,46541,90189,0.734,0.402,40.427401,-86.88083
Saint Elizabeth University,Morristown,NJ,Mid East,Private nonprofit,4-year,Bachelor's,0.7103,,557,0.5791,0.4708,29786,53075,36741,36741,0.511,24934,49479,53038,30946,76520,0.757,0.47,40.78182,-74.438221
Saint Francis Medical Center College of Nursing,Peoria,IL,Great Lakes,Private nonprofit,4-year,Bachelor's,,,273,0.2285,0.3684,36400,,,,,15000,69519,72850,52913,96255,0.894,0.206,40.701241,-89.590322
Saint Francis University,Loretto,PA,Mid East,Private nonprofit,4-year,Bachelor's,0.7682,1155,1557,0.177,0.2571,73361,59815,44000,44000,0.7439,27000,56920,62101,42286,89673,0.834,0.435,40.506734,-78.63904
Saint Johns River State College,Palatka,FL,Southeast,Public,4-year,Associate,,,4403,0.187,0.4293,24832,12906,2591,9335,0.4888,12000,35537,41728,23951,60854,0.588,0.288,29.647516,-81.681387
Saint Johns University,Collegeville,MN,Plains,Private nonprofit,4-year,Bachelor's,0.9062,1183,1395,0.1803,0.1753,98568,68521,55816,55816,0.7538,27000,59843,76786,51860,106406,0.896,0.352,45.580075,-94.393621
Saint Joseph Seminary College,St. Benedict,LA,Southeast,Private nonprofit,4-year,Bachelor's,,,93,0.101,,37732,49944,28025,28025,0.4783,,24003,38366,,58068,,,30.526778,-90.113621
Saint Joseph's College of Maine,Standish,ME,New England,Private nonprofit,4-year,Bachelor's,0.8351,1040,964,0.2361,0.3053,71346,59782,44420,44420,0.6574,27000,52884,59045,37291,96691,0.768,0.457,43.826314,-70.483373
Saint Joseph's University - Lancaster,Lancaster,PA,Mid East,Private nonprofit,4-year,Associate,0.4121,,1280,0.5498,0.1751,108285,47879,32933,32933,0.6875,25500,66438,86881,59140,127367,0.872,0.294,40.060419,-76.247035
Saint Joseph's University - Philadelphia,Philadelphia,PA,Mid East,Private nonprofit,4-year,Bachelor's,0.8883,1258,4948,0.198,0.1751,108285,67954,53260,53260,0.7884,25500,66438,86881,59140,127367,0.872,0.294,39.994442,-75.238343
Saint Leo University,Saint Leo,FL,Southeast,Private nonprofit,4-year,Bachelor's,0.784,,6721,0.3249,0.491,22361,45264,30000,30000,0.45,25278,41619,48364,28410,70530,0.768,0.523,28.336776,-82.257801
Saint Louis Community College,Bridgeton,MO,Plains,Public,4-year,Associate,,,11788,0.2911,0.4184,20060,14560,3660,6990,0.2132,6725,30242,35325,17678,52855,0.545,0.19,38.745678,-90.437078
Saint Louis University,Saint Louis,MO,Plains,Private nonprofit,4-year,Bachelor's,0.7504,1317,7267,0.1689,0.2236,77916,71932,55760,55760,0.7953,25000,60716,70783,46594,97115,0.86,0.353,38.636801,-90.2351
Saint Martin's University,Lacey,WA,Far West,Private nonprofit,4-year,Bachelor's,0.898,1093,1158,0.4191,0.341,41889,62449,45510,45510,0.519,22500,57998,62092,38810,85700,0.796,0.362,47.041068,-122.816354
Saint Mary's College,Notre Dame,IN,Great Lakes,Private nonprofit,4-year,Bachelor's,0.7597,1246,1458,0.2388,0.198,87888,66478,53230,53230,0.6933,27000,53470,59354,42254,82518,0.804,0.455,41.707274,-86.256947
Saint Mary's College of California,Moraga,CA,Far West,Private nonprofit,4-year,Bachelor's,0.8653,,1947,0.2671,0.2552,72847,77659,57803,57803,0.703,23691,60388,78812,50156,121277,0.83,0.301,37.840731,-122.109031
Saint Mary's University of Minnesota,Winona,MN,Plains,Private nonprofit,4-year,Bachelor's,0.9278,,1073,0.2452,0.2615,54772,57380,45080,45080,0.6601,21500,54549,58170,41091,83618,0.828,0.37,44.044736,-91.695449
Saint Mary-of-the-Woods College,Saint Mary of the Woods,IN,Great Lakes,Private nonprofit,4-year,Bachelor's,0.7239,,853,0.4989,0.3965,37057,49512,35270,35270,0.4663,19512,41863,43845,28158,57132,0.628,0.445,39.508546,-87.463791
Saint Michael's College,Colchester,VT,New England,Private nonprofit,4-year,Bachelor's,0.8451,1245,1092,0.2368,0.1172,111920,69079,51450,51450,0.7277,26922,46898,61317,46033,81070,0.847,0.439,44.494558,-73.167069
Saint Norbert College,De Pere,WI,Great Lakes,Private nonprofit,4-year,Bachelor's,0.8574,1182,1662,0.147,0.2054,85480,59422,45580,45580,0.7129,26731,49775,58363,43919,82286,0.849,0.458,44.44483,-88.067812
Saint Paul College,Saint Paul,MN,Plains,Public,2-year,Certificate,,,3813,0.3994,0.4022,19971,18261,6326,6326,0.4008,10925,36932,38399,17005,58805,0.609,0.285,44.949186,-93.109646
Saint Peter's University,Jersey City,NJ,Mid East,Private nonprofit,4-year,Bachelor's,0.903,,2135,0.5198,0.4803,28451,50272,42552,42552,0.5826,20500,42470,57815,33169,83514,0.752,0.355,40.727105,-74.071541
Saint Vincent College,Latrobe,PA,Mid East,Private nonprofit,4-year,Bachelor's,0.6173,1116,1259,0.2672,0.2679,79271,56752,42396,42396,0.6859,27000,47267,59982,41646,84764,0.831,0.45,40.29265,-79.403762
Saint Vincent Seminary,Latrobe,PA,Mid East,Private nonprofit,4-year,Graduate,,,,,0.2679,79271,,,,,27000,47267,59982,41646,84764,0.831,0.45,40.29265,-79.403762
Saint Xavier University,Chicago,IL,Great Lakes,Private nonprofit,4-year,Bachelor's,0.843,,3096,0.5887,0.4939,36398,43244,37940,37940,0.5661,22223,50784,58656,39439,84749,0.787,0.379,41.707199,-87.714749
Salem College,Winston-Salem,NC,Southeast,Private nonprofit,4-year,Bachelor's,0.7667,1082,423,0.552,0.3273,35899,48532,33848,33848,0.5743,26649,38496,44640,28027,60645,0.686,0.597,36.086271,-80.241297
Salem College of Hairstyling,Rolla,MO,Plains,Private for-profit,Less than 2-year,Certificate,,,31,0.3478,0.4878,9394,,,,0.8,,15719,18275,10161,30151,,,37.944067,-91.785219
Salem Community College,Carneys Point,NJ,Mid East,Public,2-year,Associate,,,910,0.3951,0.4953,25077,17857,6360,10260,0.4012,9500,32880,38020,20593,63867,0.521,0.25,39.698756,-75.47013
Salem State University,Salem,MA,New England,Public,4-year,Bachelor's,0.9588,,4291,0.3538,0.4026,43677,28291,12338,19531,0.4977,25000,48209,56662,29605,93086,0.748,0.441,42.503575,-70.890234
Salem University,Salem,WV,Southeast,Private for-profit,4-year,Bachelor's,,,892,0.7461,0.5396,19775,18650,11900,11900,0.1992,24694,31612,34642,17082,55885,0.559,0.713,39.288632,-80.571767
Salina Area Technical College,Salina,KS,Plains,Public,2-year,Certificate,,,330,0.1549,0.4902,27279,14642,7128,7128,0.6795,7000,39065,42175,28341,57804,0.672,0.166,38.793582,-97.636892
Saline County Career Center,Marshall,MO,Plains,Public,Less than 2-year,Certificate,0.5,,23,0.8261,,25187,,,,0.9167,14027,35401,37200,23809,52765,,0.377,39.094261,-93.213659
Salisbury University,Salisbury,MD,Mid East,Public,4-year,Bachelor's,0.8747,1252,6057,0.2586,0.2917,69454,28310,11084,22174,0.6815,21000,51926,61515,40522,86247,0.84,0.341,38.34648,-75.604815
Salish Kootenai College,Pablo,MT,Rocky Mountains,Public,4-year,Associate,,,580,0.5755,0.4459,12246,13047,4311,11583,0.2762,12923,28894,32725,13433,50875,0.52,0.395,47.598592,-114.111635
Salon & Spa Institute,Brownsville,TX,Southwest,Private for-profit,Less than 2-year,Certificate,,,71,0.2963,0.5833,15932,,,,1.0,8212,16229,21571,11602,35471,,0.381,25.938911,-97.508606
Salon Professional Academy-Elevate Salon Institute,Miami Beach,FL,Southeast,Private for-profit,Less than 2-year,Certificate,,,59,0.3288,0.4419,13607,,,,0.6786,7528,22621,16515,7246,33330,0.274,0.456,25.786328,-80.144449
Salon Success Academy-Corona,Corona,CA,Far West,Private for-profit,Less than 2-year,Certificate,,,196,0.5562,0.513,14970,,,,0.918,7177,18725,22412,9573,39063,,0.32,33.847649,-117.535638
Salon Success Academy-Fontana,Fontana,CA,Far West,Private for-profit,Less than 2-year,Certificate,,,29,0.6792,0.513,14970,,,,0.9643,7177,18725,22412,9573,39063,,0.32,34.099087,-117.437904
Salon Success Academy-Redlands,Redlands,CA,Far West,Private for-profit,Less than 2-year,Certificate,,,220,0.5684,0.513,14970,,,,0.8852,7177,18725,22412,9573,39063,,0.32,34.062342,-117.218933
Salon Success Academy-Riverside,Riverside,CA,Far West,Private for-profit,Less than 2-year,Certificate,,,164,0.6411,0.6386,15029,,,,0.814,11884,17045,21777,8163,39380,0.222,0.546,33.943149,-117.391024
Salon Success Academy-Upland,Upland,CA,Far West,Private for-profit,Less than 2-year,Certificate,,,254,0.5491,0.5856,14536,,,,0.9138,7177,20927,26956,10535,43469,,0.266,34.108247,-117.631783
Salon Success Academy-West Covina,West Covina,CA,Far West,Private for-profit,Less than 2-year,Certificate,,,75,0.4853,0.5856,14536,,,,0.8684,7177,20927,26956,10535,43469,,0.266,34.070568,-117.933801
Salt Lake Community College,Salt Lake City,UT,Rocky Mountains,Public,2-year,Associate,,,18136,0.1681,0.3963,27276,14417,4426,14244,0.2925,8003,41501,47867,26430,71663,0.679,0.167,40.671575,-111.942809
Salve Regina University,Newport,RI,New England,Private nonprofit,4-year,Bachelor's,0.6817,1232,2121,0.1507,0.1859,96000,70630,50100,50100,0.7688,27000,55027,72975,49047,101056,0.848,0.37,41.471545,-71.30124
Sam Houston State University,Huntsville,TX,Southwest,Public,4-year,Bachelor's,0.9026,1041,17743,0.4133,0.4141,37602,25505,9228,19068,0.5476,21983,45337,54211,36263,73178,0.803,0.406,30.714738,-95.546205
Samaritan Hospital School of Nursing,Troy,NY,Mid East,Private nonprofit,2-year,Associate,1.0,,129,0.3864,0.3162,31748,,15358,15358,0.5,15250,55936,64383,40927,87449,0.841,0.237,42.742861,-73.676151
Samford University,Birmingham,AL,Southeast,Private nonprofit,4-year,Bachelor's,0.8236,1201,4206,0.1109,0.1381,87745,57456,40150,40150,0.7704,19500,49466,58469,38802,91693,0.827,0.334,33.464128,-86.791799
Sampson Community College,Clinton,NC,Southeast,Public,2-year,Certificate,,,846,0.528,0.5266,16025,13142,2877,9789,0.5648,,27894,33409,17985,46374,0.462,,34.99046,-78.36006
Samuel Merritt University,Oakland,CA,Far West,Private nonprofit,4-year,Bachelor's,,,718,0.1835,0.3202,30597,,,,,20825,143353,143238,104570,182822,0.946,0.145,37.82029,-122.266331
San Antonio College,San Antonio,TX,Southwest,Public,4-year,Associate,,,16416,0.3427,0.5158,21534,12343,3412,9952,0.2551,10500,34318,39711,21270,60209,0.604,0.264,29.44634,-98.497647
San Bernardino Valley College,San Bernardino,CA,Far West,Public,2-year,Associate,,,12234,0.2486,0.5954,16948,22678,1196,14382,0.2785,,32980,39676,19215,61347,0.53,,34.086353,-117.313248
San Diego Christian College,Santee,CA,Far West,Private nonprofit,4-year,Bachelor's,0.3081,,87,0.45,0.4084,31569,31745,28012,28012,0.1967,24941,39848,49766,22595,80011,0.661,0.501,32.843454,-116.978089
San Diego City College,San Diego,CA,Far West,Public,4-year,Associate,,,10441,0.2314,0.5817,15000,21202,1146,10002,0.3039,7689,31504,38503,17991,58814,0.542,0.2,32.717403,-117.152733
San Diego Mesa College,San Diego,CA,Far West,Public,4-year,Associate,,,16098,0.1567,0.4878,18693,19371,1146,10002,0.3476,4725,35773,45120,20924,71725,0.659,0.105,32.803825,-117.169165
San Diego Miramar College,San Diego,CA,Far West,Public,4-year,Associate,,,11271,0.1197,0.4462,18435,17126,1146,10002,0.4848,6750,40327,48224,24293,74555,0.672,0.14,32.909757,-117.120261
San Diego State University,San Diego,CA,Far West,Public,4-year,Bachelor's,0.3619,,35377,0.3174,0.4119,32530,27780,8728,21328,0.7643,15000,52620,64909,39563,94570,0.803,0.231,32.77525,-117.071228
San Diego State University-Imperial Valley Campus,Calexico,CA,Far West,Public,4-year,Not classified,,,,,0.4119,32530,,7498,20098,,15000,52620,64909,39563,94570,0.803,0.231,,
San Francisco Institute of Esthetics & Cosmetology Inc,San Francisco,CA,Far West,Private for-profit,Less than 2-year,Certificate,,,167,0.406,0.4655,23345,,,,0.8667,6333,23312,32926,13881,62575,,0.192,37.777043,-122.407083
San Francisco State University,San Francisco,CA,Far West,Public,4-year,Bachelor's,0.9644,,18639,0.4222,0.4821,27896,26488,7950,20550,0.5037,15371,52650,68077,38781,100910,0.785,0.226,37.721224,-122.476799
San Jacinto College-North Campus,Houston,TX,Southwest,Public,4-year,Not classified,,,,,0.5343,22004,,2490,6690,,9500,35337,43062,22889,66232,0.681,0.221,,
San Jacinto College-South Campus,Houston,TX,Southwest,Public,4-year,Not classified,,,,,0.5343,22004,,2490,6690,,9500,35337,43062,22889,66232,0.681,0.221,,
San Jacinto Community College,Pasadena,TX,Southwest,Public,4-year,Associate,,,22969,0.3176,0.5343,22004,21293,2490,6690,0.3011,9500,35337,43062,22889,66232,0.681,0.221,29.660032,-95.114677
San Jacinto Community College District - Generation Park Campus,Houston,TX,Southwest,Public,2-year,Not classified,,,,,0.5343,22004,,2490,6690,,9500,35337,43062,22889,66232,0.681,0.221,,
San Joaquin Delta College,Stockton,CA,Far West,Public,2-year,Not classified,,,,,0.5642,16970,,1180,9772,,7500,33920,43212,21498,66072,0.59,0.174,,
San Joaquin Delta College,Stockton,CA,Far West,Public,2-year,Associate,,,15781,0.2522,0.5642,16970,9965,1180,9772,0.3452,7500,33920,43212,21498,66072,0.59,0.174,37.995562,-121.317597
San Joaquin Valley College-Bakersfield,Bakersfield,CA,Far West,Private for-profit,2-year,Certificate,,,798,0.6216,0.5905,15708,,,,0.5762,10674,36007,38317,19423,60326,0.546,0.279,35.352848,-119.062071
San Joaquin Valley College-Delano,Delano,CA,Far West,Private for-profit,Less than 2-year,Certificate,,,69,0.8438,0.5905,15708,,,,0.7963,10674,36007,38317,19423,60326,0.546,0.279,35.774826,-119.229077
San Joaquin Valley College-Fresno,Fresno,CA,Far West,Private for-profit,2-year,Certificate,,,447,0.6688,0.5905,15708,,,,0.6237,10674,36007,38317,19423,60326,0.546,0.279,36.829907,-119.784003
San Joaquin Valley College-Hesperia,Hesperia,CA,Far West,Private for-profit,2-year,Certificate,,,528,0.7486,0.5905,15708,,,,0.6337,10674,36007,38317,19423,60326,0.546,0.279,34.420693,-117.383116
San Joaquin Valley College-Lancaster,Lancaster,CA,Far West,Private for-profit,2-year,Certificate,,,257,0.7268,0.5905,15708,,,,0.5667,10674,36007,38317,19423,60326,0.546,0.279,34.648563,-118.148431
San Joaquin Valley College-Modesto,Salida,CA,Far West,Private for-profit,2-year,Certificate,,,598,0.5937,0.5905,15708,,,,0.7712,10674,36007,38317,19423,60326,0.546,0.279,37.717403,-121.092991
San Joaquin Valley College-Ontario,Ontario,CA,Far West,Private for-profit,2-year,Certificate,,,895,0.5193,0.5905,15708,,,,0.6386,10674,36007,38317,19423,60326,0.546,0.279,34.068584,-117.55038
San Joaquin Valley College-Phoenix,Phoenix,AZ,Southwest,Private for-profit,2-year,Associate,,,,,0.5905,15708,,,,,10674,36007,38317,19423,60326,0.546,0.279,,
San Joaquin Valley College-Porterville,Porterville,CA,Far West,Private for-profit,Less than 2-year,Certificate,,,78,0.8219,0.5905,15708,,,,0.4848,10674,36007,38317,19423,60326,0.546,0.279,36.071598,-119.01576
San Joaquin Valley College-Rancho Cordova,Rancho Cordova,CA,Far West,Private for-profit,2-year,Associate,,,224,0.4006,0.5905,15708,,,,0.7647,10674,36007,38317,19423,60326,0.546,0.279,38.595187,-121.28191
San Joaquin Valley College-Rancho Mirage,Rancho Mirage,CA,Far West,Private for-profit,2-year,Certificate,,,305,0.5855,0.5905,15708,,,,0.6984,10674,36007,38317,19423,60326,0.546,0.279,33.798782,-116.390793
San Joaquin Valley College-Sacramento,Sacramento,CA,Far West,Private for-profit,2-year,Associate,,,,,0.5905,15708,,,,,10674,36007,38317,19423,60326,0.546,0.279,,
San Joaquin Valley College-San Leandro,San Leandro,CA,Far West,Private for-profit,2-year,Associate,,,,,0.5905,15708,,,,,10674,36007,38317,19423,60326,0.546,0.279,,
San Joaquin Valley College-Santa Maria,Santa Maria,CA,Far West,Private for-profit,2-year,Certificate,,,114,0.6188,0.5905,15708,,,,0.6316,10674,36007,38317,19423,60326,0.546,0.279,34.937806,-120.433296
San Joaquin Valley College-Temecula,Temecula,CA,Far West,Private for-profit,2-year,Certificate,,,650,0.5352,0.5905,15708,,,,0.8191,10674,36007,38317,19423,60326,0.546,0.279,33.525983,-117.166502
San Joaquin Valley College-Trades Education Center,Fresno,CA,Far West,Private for-profit,2-year,Certificate,,,364,0.6041,0.5905,15708,,,,0.7957,10674,36007,38317,19423,60326,0.546,0.279,36.776798,-119.72824
San Joaquin Valley College-Visalia,Visalia,CA,Far West,Private for-profit,4-year,Certificate,,,2207,0.5331,0.5905,15708,,,,0.3647,10674,36007,38317,19423,60326,0.546,0.279,36.328049,-119.384981
San Jose City College,San Jose,CA,Far West,Public,2-year,Associate,,,7105,0.2061,0.5811,15562,26081,1366,11922,0.341,,39993,46215,21025,74293,0.551,,37.315827,-121.926185
San Jose State University,San Jose,CA,Far West,Public,4-year,Bachelor's,0.8461,,27601,0.3524,0.4905,29408,26593,8410,21010,0.6922,15000,62448,78988,48356,115546,0.818,0.19,37.336569,-121.880621
San Juan College,Farmington,NM,Southwest,Public,2-year,Certificate,,,4304,0.3209,0.4687,20770,15140,1928,5412,0.3696,9750,29329,36513,18462,57251,0.598,0.267,36.770446,-108.169468
Sandhills Community College,Pinehurst,NC,Southeast,Public,2-year,Associate,,,2539,0.2843,0.4576,19710,14709,2040,6648,0.5279,,28363,31656,16726,47301,0.492,,35.220086,-79.40635
Sandusky Career Center,Sandusky,OH,Great Lakes,Public,Less than 2-year,Certificate,,,88,0.6057,,20119,,,,1.0,14513,39637,40504,26841,59353,,0.358,41.440957,-82.766473
Santa Ana Beauty Academy,Santa Ana,CA,Far West,Private for-profit,Less than 2-year,Certificate,,,35,0.3733,,17292,,,,0.75,,,28107,19783,41132,,,33.766402,-117.835205
Santa Ana College,Santa Ana,CA,Far West,Public,4-year,Certificate,,,22485,0.1598,0.6961,22576,12375,1180,10756,0.3085,6871,36845,43552,25029,65265,0.631,0.158,33.759309,-117.887558
Santa Barbara City College,Santa Barbara,CA,Far West,Public,2-year,Associate,,,9889,0.1788,0.4572,22910,20394,1240,10432,0.3363,11000,35744,47647,23778,74712,0.648,0.231,34.406788,-119.698045
Santa Clara University,Santa Clara,CA,Far West,Private nonprofit,4-year,Bachelor's,0.48,1426,6552,0.1127,0.1651,97114,82026,61293,61293,0.8792,19162,91198,109183,70946,160882,0.893,0.176,37.348362,-121.93784
Santa Fe College,Gainesville,FL,Southeast,Public,4-year,Associate,,,11122,0.2799,0.4184,25000,14165,2563,9189,0.5343,11310,34919,41631,23742,62377,0.65,0.272,29.681037,-82.433143
Santa Fe Community College,Santa Fe,NM,Southwest,Public,2-year,Certificate,,,3369,0.1702,0.5087,17086,18405,1851,4131,0.2342,13236,32097,38005,17014,56713,0.63,0.348,35.605871,-105.998054
Santa Monica College,Santa Monica,CA,Far West,Public,4-year,Associate,,,21440,0.2563,0.5015,16926,11162,1156,10708,0.3627,6450,31977,42193,19286,66062,0.612,0.153,34.017022,-118.469765
Santa Rosa Junior College,Santa Rosa,CA,Far West,Public,2-year,Certificate,,,15080,0.1686,0.477,19252,15974,1318,11308,0.3685,9500,40149,47224,22513,74791,0.634,0.201,38.45709,-122.718974
Santiago Canyon College,Orange,CA,Far West,Public,2-year,Associate,,,10579,0.1109,0.5377,23351,13818,1164,9612,0.4757,5125,36758,44956,24820,71927,,0.114,33.795449,-117.766762
Sarah Lawrence College,Bronxville,NY,Mid East,Private nonprofit,4-year,Bachelor's,0.6173,1366,1530,0.1183,0.1078,87665,82467,66862,66862,0.7133,27000,34251,53603,29421,82420,0.701,0.504,40.9355,-73.843727
Sarasota School of Massage Therapy,Sarasota,FL,Southeast,Private for-profit,Less than 2-year,Certificate,,,82,0.5424,0.3862,17000,,,,0.7556,7916,25360,30237,14297,45336,0.464,0.262,27.389606,-82.485901
Sauk Valley Community College,Dixon,IL,Great Lakes,Public,2-year,Certificate,,,1158,0.3266,0.4763,25381,15273,5340,12900,0.4914,8250,35185,40458,22463,61389,0.583,0.204,41.817659,-89.596483
Savannah College of Art and Design,Savannah,GA,Southeast,Private nonprofit,4-year,Bachelor's,0.8298,1173,15243,0.1882,0.1763,59559,63627,41630,41630,0.6941,25148,34110,45954,22720,74382,0.648,0.547,32.072964,-81.09395
Savannah State University,Savannah,GA,Southeast,Public,4-year,Bachelor's,,,2833,0.6755,0.328,24120,17191,5750,19043,0.2804,28000,27494,37981,20193,56131,0.633,0.737,32.024781,-81.063377
Savannah Technical College,Savannah,GA,Southeast,Public,2-year,Certificate,,,3366,0.5194,0.442,18180,15431,3330,5898,0.4249,3258,31124,33018,17510,49609,0.485,0.099,32.023211,-81.114753
Schenectady County Community College,Schenectady,NY,Mid East,Public,2-year,Associate,,,1507,0.2286,0.4299,22750,16830,6190,8974,0.3239,11049,34147,40902,22747,59829,0.598,0.27,42.814412,-73.950008
Schiller International University,Tampa,FL,Southeast,Private for-profit,4-year,Bachelor's,,,43,0.0571,,23993,,13680,13680,0.3333,35758,37538,35529,15725,47939,,1.006,27.947866,-82.459292
Schilling-Douglas School of Hair Design,Newark,DE,Mid East,Private for-profit,Less than 2-year,Certificate,,,152,0.4441,0.5417,23780,,,,0.6047,9833,25058,27420,13630,38708,0.423,0.359,39.711442,-75.74178
School of Automotive Machinists & Technology,Houston,TX,Southwest,Private for-profit,2-year,Certificate,0.6857,,88,0.4148,0.4882,29961,,,,0.9286,9500,47526,57529,38308,77342,0.761,0.165,29.805166,-95.476017
School of Visual Arts,New York,NY,Mid East,Private for-profit,4-year,Bachelor's,0.9264,1320,3244,0.1557,0.2553,47824,78051,51400,51400,0.7568,27000,31855,46459,20288,80384,0.676,0.581,40.738809,-73.982359
School of the Art Institute of Chicago,Chicago,IL,Great Lakes,Private nonprofit,4-year,Bachelor's,0.7747,,2805,0.1873,0.2126,50784,75625,56420,56420,0.6699,27000,26742,40151,19505,65300,0.594,0.672,41.88105,-87.625758
Schoolcraft Community College District,Livonia,MI,Great Lakes,Public,4-year,Associate,,,7511,0.2807,0.4256,21237,12048,4736,8142,0.1836,10500,34749,42722,22218,64896,0.606,0.246,42.419279,-83.430958
Schreiner University,Kerrville,TX,Southwest,Private nonprofit,4-year,Bachelor's,0.882,,1053,0.4379,0.373,49706,48004,39266,39266,0.4318,23250,45527,52228,34553,74165,0.726,0.445,30.031458,-99.130586
Schuyler Steuben Chemung Tioga Allegany BOCES,Elmira,NY,Mid East,Public,Less than 2-year,Certificate,,,166,0.6216,0.5489,22804,,,,0.75,9500,34435,43956,27913,54641,0.562,0.216,42.148617,-76.837531
Schuylkill Technology Center,Frackville,PA,Mid East,Public,Less than 2-year,Certificate,,,102,0.3942,0.6892,23960,,,,0.6277,15275,46804,49148,22601,64828,0.754,0.311,40.775735,-76.22938
Scioto County Career Technical Center,Lucasville,OH,Great Lakes,Public,Less than 2-year,Certificate,,,175,0.6649,0.613,18548,,,,0.8,5500,36248,40584,22904,59634,0.532,0.136,38.854707,-82.979481
Scottsdale Community College,Scottsdale,AZ,Southwest,Public,4-year,Certificate,,,5377,0.1434,0.4023,22000,19281,2358,8958,0.1732,8000,39059,47905,25831,74039,0.668,0.167,33.51135,-111.885186
Scripps College,Claremont,CA,Far West,Private nonprofit,4-year,Bachelor's,0.3829,1492,1113,0.11,,78713,87564,65950,65950,0.8254,13500,68027,77539,50918,112196,0.831,0.174,34.104147,-117.711294
Searcy Beauty College,Searcy,AR,Southeast,Private for-profit,Less than 2-year,Certificate,,,54,0.7386,0.6705,12782,,,,0.55,12429,,19896,7998,33329,0.217,0.625,35.239148,-91.735135
Seattle Central College,Seattle,WA,Far West,Public,4-year,Associate,,,3953,0.2061,0.4376,15512,17889,5184,5745,0.3155,12000,39072,43307,19783,68743,0.609,0.277,47.616748,-122.321231
Seattle Pacific University,Seattle,WA,Far West,Private nonprofit,4-year,Bachelor's,0.834,,1762,0.3534,0.2287,62276,56826,40407,40407,0.6195,24000,51496,64506,39567,97253,0.784,0.372,47.650214,-122.361667
Seattle University,Seattle,WA,Far West,Private nonprofit,4-year,Bachelor's,0.7692,1307,4062,0.2357,0.194,74788,72124,56721,56721,0.7551,19883,64656,75272,49222,107987,0.848,0.264,47.608859,-122.318851
Seguin Beauty School-Seguin,Seguin,TX,Southwest,Private for-profit,Less than 2-year,Certificate,,,38,0.64,0.5606,18515,,,,0.68,9995,18106,21891,8975,32354,0.252,0.457,29.569142,-97.96436
Seminar L'moros Bais Yaakov,Brooklyn,NY,Mid East,Private nonprofit,2-year,Certificate,0.844,,449,0.7601,,24766,31285,12500,12500,0.544,,27095,24366,16170,40584,0.254,,40.634863,-73.985376
Seminole State College,Seminole,OK,Southwest,Public,2-year,Associate,,,1086,0.3821,0.4852,24736,23353,5460,11790,0.396,11000,32149,35390,18596,53064,0.543,0.311,35.249515,-96.704908
Seminole State College of Florida,Sanford,FL,Southeast,Public,4-year,Certificate,,,12864,0.286,0.4067,24900,14281,3122,11447,0.4129,11047,35589,41733,23051,62446,0.616,0.265,28.745482,-81.308003
Sentara College of Health Sciences,Chesapeake,VA,Southeast,Private nonprofit,4-year,Bachelor's,,,242,0.3498,0.368,47563,,,,,19450,78992,77821,50130,93470,0.89,0.25,36.777043,-76.243308
Seton Hall University,South Orange,NJ,Mid East,Private nonprofit,4-year,Bachelor's,0.7326,1322,6036,0.3249,0.279,63428,68263,53170,53170,0.6949,22750,60291,70196,46782,99356,0.847,0.324,40.742336,-74.246027
Seton Hill University,Greensburg,PA,Mid East,Private nonprofit,4-year,Bachelor's,0.7953,1117,1492,0.3127,0.2425,73391,56183,42944,42944,0.6736,27000,43700,51748,35948,75671,0.755,0.522,40.309407,-79.557433
Seward County Community College,Liberal,KS,Plains,Public,2-year,Certificate,,,1166,0.2138,0.5652,32921,12629,4032,5408,0.5018,6500,37298,41445,25070,59123,0.638,0.157,37.059807,-100.917695
Sharp's Academy of Hairstyling,Grand Blanc,MI,Great Lakes,Private for-profit,Less than 2-year,Certificate,,,16,0.5,,18760,,,,,,18144,16266,7656,29978,0.182,,42.912036,-83.624526
Shasta Bible College and Graduate School,Redding,CA,Far West,Private nonprofit,4-year,Bachelor's,1.0,,21,0.6154,,12254,34535,14535,14535,1.0,,32327,28891,15181,,,,40.566034,-122.314419
Shasta College,Redding,CA,Far West,Public,4-year,Associate,,,6128,0.3553,0.5265,13661,13915,1197,8853,0.2326,14250,32486,39269,20838,62173,0.518,0.363,40.625731,-122.317982
Shaw University,Raleigh,NC,Southeast,Private nonprofit,4-year,Bachelor's,0.8016,,875,0.6643,0.4005,21406,30861,17538,17538,0.2179,32500,26148,34409,18004,49938,0.548,0.945,35.771181,-78.637693
Shawnee Beauty College,Shawnee,OK,Southwest,Private for-profit,Less than 2-year,Certificate,,,60,0.9024,,16985,,,,0.8261,,16144,18636,10660,33528,0.328,,35.356032,-96.912574
Shawnee Community College,Ullin,IL,Great Lakes,Public,2-year,Certificate,,,698,0.3117,0.4495,19260,13497,4650,7500,0.5971,,27902,32999,17040,50199,0.48,,37.270198,-89.03352
Shawnee State University,Portsmouth,OH,Great Lakes,Public,4-year,Bachelor's,,,2247,0.3856,0.4327,34861,21974,10626,17358,0.4811,23000,35080,39596,22122,57949,0.647,0.581,38.730867,-82.993769
Shear Excellence Hair Academy,Tampa,FL,Southeast,Private for-profit,Less than 2-year,Certificate,,,118,0.5331,0.6538,11023,,,,0.5,9498,16631,23366,10977,37503,,0.406,28.027145,-82.503396
Shelton State Community College,Tuscaloosa,AL,Southeast,Public,2-year,Certificate,,,3148,0.4305,0.4763,15976,20350,5127,8997,0.2956,,31581,35014,19005,52090,0.513,,33.120531,-87.56148
Shenandoah University,Winchester,VA,Southeast,Private nonprofit,4-year,Bachelor's,0.7695,,2116,0.1892,0.2771,74547,51928,36950,36950,0.6682,25000,48167,58433,38172,90361,0.769,0.428,39.167355,-78.157433
Shepherd University,Shepherdstown,WV,Southeast,Public,4-year,Bachelor's,0.9678,1034,2344,0.2943,0.4086,46435,19601,9056,19082,0.5103,21600,43726,49358,29776,72112,0.729,0.438,39.433071,-77.804101
Sheridan Technical College,Hollywood,FL,Southeast,Public,2-year,Certificate,,,1352,0.2799,0.5441,16902,,,,0.6946,,32244,33166,15634,52798,0.573,,26.031736,-80.198024
Shippensburg University of Pennsylvania,Shippensburg,PA,Mid East,Public,4-year,Bachelor's,0.865,1120,4086,0.2977,0.3353,65945,30785,13720,15974,0.557,25000,45010,56351,39639,77825,0.826,0.444,40.057933,-77.522335
Shore Beauty School,Egg Harbor Township,NJ,Mid East,Private for-profit,Less than 2-year,Certificate,,,188,0.6585,0.5849,19052,,,,0.6458,6333,20828,21377,11191,33771,,0.296,39.433238,-74.613498
Shoreline College,Shoreline,WA,Far West,Public,4-year,Associate,,,3046,0.1274,0.401,21253,16671,5115,7905,0.2867,12021,43123,52009,27196,80203,0.717,0.231,47.747402,-122.358626
Shoreline Community College - Dental Hygiene,Seattle,WA,Far West,Public,4-year,Not classified,,,,,0.401,21253,,15201,16767,,12021,43123,52009,27196,80203,0.717,0.231,,
Shorter University,Rome,GA,Southeast,Private nonprofit,4-year,Bachelor's,0.9646,1115,1028,0.3752,0.3538,34625,35726,24630,24630,0.3769,25000,41860,44604,27477,64265,0.798,0.56,34.257543,-85.196529
Siena Heights University,Adrian,MI,Great Lakes,Private nonprofit,4-year,Bachelor's,0.689,954,1495,0.3419,0.4434,38665,44449,30778,30778,0.3862,18750,49913,57529,37017,79860,0.708,0.326,41.905624,-84.018841
Siena University,Loudonville,NY,Mid East,Private nonprofit,4-year,Bachelor's,0.6902,1254,3409,0.2449,0.2054,84065,64870,46580,46580,0.7473,26561,56526,76079,53709,104835,0.883,0.349,42.717602,-73.7526
Sierra College,Rocklin,CA,Far West,Public,2-year,Associate,,,14122,0.216,0.4472,17349,17002,1446,1446,0.4203,10500,35054,45294,20983,71159,0.558,0.232,38.790773,-121.211688
Sierra College of Beauty,Merced,CA,Far West,Private for-profit,Less than 2-year,Certificate,,,220,0.767,0.6118,10182,,,,0.8435,,21701,18519,9563,33208,0.232,,37.306975,-120.495874
Signature Healthcare Brockton Hospital School of Nursing,Brockton,MA,New England,Private nonprofit,2-year,Certificate,0.3415,,146,0.5141,0.4933,30457,,,,0.3333,20000,,88084,54246,99743,0.873,0.227,42.088032,-70.992764
Simmons University,Boston,MA,New England,Private nonprofit,4-year,Bachelor's,0.6998,1316,1670,0.3318,0.2039,62454,63460,46874,46874,0.7234,24840,61420,63494,46140,91123,0.8,0.391,42.3393,-71.099967
Simon's Rock at Bard College,Barrytown,NY,Mid East,Private nonprofit,4-year,Associate,0.9589,,225,0.1699,0.1217,62890,85262,68780,68780,0.6828,24254,31072,46543,22114,74224,0.648,0.521,42.208803,-73.379201
Simpson College,Indianola,IA,Plains,Private nonprofit,4-year,Bachelor's,0.8622,1440,1227,0.3456,0.2336,72990,61227,47656,47656,0.6333,26000,49946,59274,42841,81432,0.848,0.439,41.365503,-93.563471
Simpson University,Redding,CA,Far West,Private nonprofit,4-year,Bachelor's,0.8603,,809,0.4411,0.3757,34920,54688,39708,39708,0.4884,18750,51256,54340,34449,81376,0.668,0.345,40.61334,-122.332981
Sinclair Community College,Dayton,OH,Great Lakes,Public,4-year,Certificate,,,13308,0.3107,0.4523,24543,11003,3675,8556,0.4111,12000,33821,37558,18939,56634,0.554,0.32,39.757598,-84.200628
Sinte Gleska University,Mission,SD,Plains,Public,4-year,Associate,,,487,0.5881,0.4408,3684,20714,4714,4714,0.1538,,15889,20948,6034,41233,0.294,,43.298878,-100.622549
Sisseton Wahpeton College,Sisseton,SD,Plains,Public,4-year,Associate,,,194,0.6419,0.5208,7402,9998,4330,4330,0.2059,,23940,31546,9186,47489,0.544,,45.562731,-97.060835
Sitting Bull College,Fort Yates,ND,Plains,Public,4-year,Associate,,,257,0.6856,0.3851,4660,10012,4010,4010,0.2162,,23563,28488,8722,46745,0.37,,46.085288,-100.674735
Skagit Valley College,Mount Vernon,WA,Far West,Public,4-year,Associate,,,2477,0.2108,0.4403,22051,14866,5400,7500,0.3612,13805,36892,43505,25551,67145,0.613,0.317,48.437194,-122.30894
Skidmore College,Saratoga Springs,NY,Mid East,Private nonprofit,4-year,Bachelor's,0.2105,1405,2694,0.1275,0.1483,78844,85270,67290,67290,0.8257,19500,46923,69363,37679,104219,0.789,0.281,43.097035,-73.785335
Skin Institute,Saint Louis,MO,Plains,Private for-profit,Less than 2-year,Certificate,,,88,0.3404,,24612,,,,0.9286,,30457,23524,16736,,,,38.527717,-90.364232
Skin Science Institute,Sandy,UT,Rocky Mountains,Private for-profit,Less than 2-year,Certificate,,,127,0.0844,0.391,26804,,,,0.704,7667,22336,27153,12587,46302,,0.282,40.564549,-111.851628
Skinworks School of Advanced Skincare,Salt Lake City,UT,Rocky Mountains,Private for-profit,Less than 2-year,Certificate,,,117,0.4369,,27610,,,,0.7317,6333,,35562,,46748,,0.178,40.724925,-111.884177
Skyline College,San Bruno,CA,Far West,Public,4-year,Associate,,,7620,0.0991,0.5276,19469,11880,1272,9956,0.443,,41261,55702,26216,85089,0.683,,37.63042,-122.467335
Slippery Rock University of Pennsylvania,Slippery Rock,PA,Mid East,Public,4-year,Bachelor's,0.7147,1095,6788,0.3052,0.2946,70320,25537,10568,14676,0.6557,25000,45398,53032,37706,72223,0.763,0.471,41.062719,-80.045965
Smith Chason College,Los Angeles,CA,Far West,Private for-profit,4-year,Associate,,,2447,0.5862,0.498,24741,39461,19040,19040,0.7194,21397,48956,58004,29073,89171,0.738,0.369,34.061409,-118.302836
Smith College,Northampton,MA,New England,Private nonprofit,4-year,Bachelor's,0.21,1500,2544,0.1788,0.1851,70695,86030,65178,65178,0.8905,17550,45731,64027,37521,94865,0.764,0.274,42.318111,-72.638097
Snead State Community College,Boaz,AL,Southeast,Public,2-year,Certificate,,,1427,0.3094,0.5326,23735,11220,5278,9664,0.4898,9000,32858,35735,17797,54322,0.531,0.252,34.201495,-86.169897
Snow College,Ephraim,UT,Rocky Mountains,Public,4-year,Associate,,,3549,0.2267,0.3255,41939,12514,4338,14288,0.4582,7000,34587,41022,23314,64819,0.582,0.171,39.360177,-111.58296
Snow College -  Central Utah Correctional Facility,Gunnison,UT,Rocky Mountains,Public,2-year,Not classified,,,,,0.3255,41939,,,,,7000,34587,41022,23314,64819,0.582,0.171,,
Snow College-Richfield Campus,Richfield,UT,Rocky Mountains,Public,2-year,Not classified,,,,,0.3255,41939,,4338,14288,,7000,34587,41022,23314,64819,0.582,0.171,,
Soka University of America,Aliso Viejo,CA,Far West,Private nonprofit,4-year,Bachelor's,0.4338,1440,484,0.2043,,44001,55064,38728,38728,0.9182,15650,42696,55017,35705,94200,,0.284,33.554546,-117.735344
Solano Community College,Fairfield,CA,Far West,Public,4-year,Associate,,,8061,0.2286,0.4845,19386,13143,1172,9812,0.3619,12000,35071,44170,19907,72096,0.601,0.272,38.235881,-122.122368
Soma Institute-The National School of Clinical Massage Therapy,Chicago,IL,Great Lakes,Private for-profit,Less than 2-year,Certificate,,,233,0.5934,0.4437,17452,,,,,7916,27295,32349,12359,53253,,0.245,41.878063,-87.62572
Somerset Community College,Somerset,KY,Southeast,Public,2-year,Certificate,,,4166,0.4877,0.5561,19686,12959,4728,6432,0.4308,12215,27858,30787,15419,46950,0.484,0.397,37.059599,-84.617546
Somerset County Technology Center,Somerset,PA,Mid East,Public,Less than 2-year,Certificate,,,59,0.3,,26058,,,,0.8696,,36986,37558,25637,55116,,,40.00475,-79.029641
Sonoma State University,Rohnert Park,CA,Far West,Public,4-year,Bachelor's,0.9343,,5166,0.3592,0.4147,40508,24648,8624,21224,0.5759,16705,52179,65986,42120,91892,0.766,0.253,38.340274,-122.677066
South Arkansas College,El Dorado,AR,Southeast,Public,2-year,Certificate,,,862,0.4109,0.5396,19138,12932,3324,5532,0.3023,11153,30240,34521,19494,51862,0.539,0.323,33.209446,-92.666087
South Carolina State University,Orangeburg,SC,Southeast,Public,4-year,Bachelor's,0.8262,,2934,0.7049,0.3593,22852,30015,11060,21750,0.3663,31000,30064,38262,22900,55233,0.583,0.81,33.497968,-80.848722
South Central College,North Mankato,MN,Plains,Public,2-year,Associate,,,1946,0.3265,0.3668,31916,15401,6146,6146,0.3912,12000,40637,45068,29090,63729,0.682,0.266,44.174319,-94.047428
South Central College-Faribault,Faribault,MN,Plains,Public,2-year,Not classified,,,,,0.3668,31916,,6146,6146,,12000,40637,45068,29090,63729,0.682,0.266,,
South Coast College,Orange,CA,Far West,Private for-profit,2-year,Certificate,,,306,0.5602,0.4648,25000,18982,13494,13494,0.1667,20938,38599,44897,20446,67905,0.634,0.466,33.78818,-117.874031
South College,Knoxville,TN,Southeast,Private for-profit,4-year,Associate,,,8745,0.488,0.473,22714,30954,18535,18535,0.4211,18668,37570,36642,20815,54039,0.512,0.509,35.958283,-83.97362
South College -  Pittsburgh,Cranberry Township,PA,Mid East,Private for-profit,4-year,Not classified,,,,,0.473,22714,,,,,18668,37570,36642,20815,54039,0.512,0.509,,
South College - Indianapolis,Inidianapolis,IN,Great Lakes,Private for-profit,4-year,Not classified,,,,,0.473,22714,,18535,18535,,18668,37570,36642,20815,54039,0.512,0.509,,
South College - Orlando,Orlando,FL,Southeast,Private for-profit,4-year,Not classified,,,,,0.473,22714,,18535,18535,,18668,37570,36642,20815,54039,0.512,0.509,,
South College-Asheville,Asheville,NC,Southeast,Private for-profit,4-year,Not classified,,,,,0.473,22714,,18535,18535,,18668,37570,36642,20815,54039,0.512,0.509,,
South College-Atlanta,Atlanta,GA,Southeast,Private for-profit,4-year,Not classified,,,,,0.473,22714,,18535,18535,,18668,37570,36642,20815,54039,0.512,0.509,,
South College-Nashville,Nashville,TN,Southeast,Private for-profit,4-year,Not classified,,,,,0.473,22714,,18535,18535,,18668,37570,36642,20815,54039,0.512,0.509,,
South Dakota School of Mines and Technology,Rapid City,SD,Plains,Public,4-year,Bachelor's,0.7987,1245,2071,0.1687,0.1831,76508,25385,10500,14900,0.5295,27000,62863,72257,46211,101142,0.837,0.374,44.075439,-103.205753
South Dakota State University,Brookings,SD,Plains,Public,4-year,Bachelor's,0.9834,1120,9198,0.1682,0.2019,73000,24636,9299,12809,0.6235,23250,49564,55070,38252,78622,0.808,0.422,44.317485,-96.782139
South Florida Bible College and Theological Seminary,Deerfield Beach,FL,Southeast,Private nonprofit,4-year,Associate,,,373,0.2271,,13559,25161,7980,7980,0.3636,,35869,45354,,72325,,,26.30294,-80.134508
South Florida Institute of Technology,Miami,FL,Southeast,Private for-profit,Less than 2-year,Certificate,,,9747,0.6989,0.5585,0,,,,0.8312,9500,32335,28570,13607,46401,0.211,0.333,25.780018,-80.239586
South Florida State College,Avon Park,FL,Southeast,Public,4-year,Associate,,,2045,0.4264,0.5544,20658,10169,3165,11859,0.4764,7368,32974,39990,24070,57852,0.496,0.184,27.56974,-81.508667
South Georgia State College,Douglas,GA,Southeast,Public,4-year,Associate,,,1466,0.524,0.3226,25804,16177,3314,10274,0.162,11500,30570,35697,19321,54850,0.632,0.322,31.495903,-82.855231
South Georgia Technical College,Americus,GA,Southeast,Public,2-year,Certificate,,,1407,0.5101,0.4783,14546,14281,3992,7202,0.6117,,28744,30364,15356,46878,0.461,,32.116663,-84.188321
South Hills Beauty Academy,Pittsburgh,PA,Mid East,Private for-profit,Less than 2-year,Certificate,,,183,0.0878,0.4915,23284,,,,0.9352,3431,22858,23453,9687,40927,0.401,0.146,40.38933,-80.041544
South Hills School of Business & Technology,State College,PA,Mid East,Private for-profit,2-year,Associate,0.9727,,260,0.5083,0.4859,25530,27981,19905,19905,0.7282,16000,33823,35539,21221,50897,0.627,0.45,40.775033,-77.855466
South Hills School of Business and Technology-Altoona,Altoona,PA,Mid East,Private for-profit,2-year,Not classified,,,,,0.4859,25530,,19905,19905,,16000,33823,35539,21221,50897,0.627,0.45,,
South Louisiana Community College,Lafayette,LA,Southeast,Public,2-year,Certificate,,,5035,0.5028,0.517,19779,19044,4210,4210,0.3042,11000,29580,31432,15452,50154,,0.35,30.218616,-92.050933
South Mountain Community College,Phoenix,AZ,Southwest,Public,4-year,Certificate,,,3645,0.2964,0.5895,21078,18898,2358,8958,0.1632,8000,35633,39825,20741,57129,0.587,0.201,33.382406,-112.032635
South Piedmont Community College,Polkton,NC,Southeast,Public,2-year,Associate,,,1833,0.1736,0.4736,19638,16111,2022,6630,0.3807,,31212,37308,20068,53753,0.48,,35.000312,-80.211087
South Plains College,Levelland,TX,Southwest,Public,2-year,Associate,,,6005,0.3846,0.5399,25384,13784,2731,5155,0.2892,10500,35025,41276,23573,64334,0.656,0.254,33.575904,-102.365075
South Puget Sound Community College,Olympia,WA,Far West,Public,4-year,Associate,,,3075,0.2241,0.4269,18874,17888,5252,5813,0.437,11000,37270,45039,26123,66925,0.606,0.244,47.023698,-122.929578
South Seattle College,Seattle,WA,Far West,Public,4-year,Certificate,,,1616,0.0952,0.4848,17191,15385,5238,5796,0.3142,,43070,44486,24003,69934,0.657,,47.5475,-122.352672
South Suburban College,South Holland,IL,Great Lakes,Public,2-year,Certificate,,,2042,0.2422,0.449,16067,10834,5093,12683,0.2817,,27389,33680,16097,52877,0.52,,41.606427,-87.619123
South Texas College,McAllen,TX,Southwest,Public,4-year,Associate,,,15856,0.388,0.6089,17577,9561,4920,7620,0.2729,,28239,36788,19244,57873,0.563,,26.217591,-98.253634
South Texas Training Center,Pharr,TX,Southwest,Private for-profit,Less than 2-year,Certificate,,,120,0.9022,0.7117,14220,14970,13566,13566,0.8765,3677,19766,29384,15069,43421,,0.125,26.211808,-98.177752
South Texas Vocational Technical Institute-Brownsville,Brownsville,TX,Southwest,Private for-profit,Less than 2-year,Certificate,,,423,0.7571,0.5862,16310,,,,0.7766,15917,26349,31102,15775,47146,0.449,0.512,25.944046,-97.502052
South Texas Vocational Technical Institute-Weslaco,Weslaco,TX,Southwest,Private for-profit,Less than 2-year,Certificate,,,521,0.8359,0.5862,16310,,,,0.7991,15917,26349,31102,15775,47146,0.449,0.512,26.176606,-98.006077
South University-Austin,Round Rock,TX,Southwest,Private for-profit,4-year,Bachelor's,,,211,0.5926,0.4723,20000,33349,18145,18145,0.0,26123,34115,34421,17463,53014,0.603,0.759,30.479474,-97.689972
South University-Columbia,Columbia,SC,Southeast,Private for-profit,4-year,Bachelor's,,,450,0.5798,0.4723,20000,35322,18145,18145,0.2333,26123,34115,34421,17463,53014,0.603,0.759,34.098042,-80.961839
South University-High Point,High Point,NC,Southeast,Private for-profit,4-year,Bachelor's,,,67,0.4571,0.4723,20000,,18145,18145,,26123,34115,34421,17463,53014,0.603,0.759,36.040441,-79.963547
South University-Montgomery,Montgomery,AL,Southeast,Private for-profit,4-year,Bachelor's,,,299,0.6556,0.4723,20000,34793,18145,18145,0.0909,26123,34115,34421,17463,53014,0.603,0.759,32.342684,-86.216488
South University-Richmond,Glen Allen,VA,Southeast,Private for-profit,4-year,Bachelor's,,,232,0.3906,0.4723,20000,36577,18145,18145,0.4211,26123,34115,34421,17463,53014,0.603,0.759,37.64706,-77.599967
South University-Savannah,Savannah,GA,Southeast,Private for-profit,4-year,Bachelor's,,,270,0.6194,0.4723,20000,36577,18145,18145,0.0909,26123,34115,34421,17463,53014,0.603,0.759,31.999481,-81.105531
South University-Savannah Online,Savannah,GA,Southeast,Private for-profit,4-year,Bachelor's,,,6433,0.796,0.4723,20000,34298,18145,18145,0.0689,26123,34115,34421,17463,53014,0.603,0.759,31.999481,-81.105531
South University-Tampa,Tampa,FL,Southeast,Private for-profit,4-year,Bachelor's,,,388,0.4897,0.4723,20000,30414,18145,18145,0.2333,26123,34115,34421,17463,53014,0.603,0.759,27.982269,-82.500357
South University-Virginia Beach,Virginia Beach,VA,Southeast,Private for-profit,4-year,Bachelor's,,,240,0.5278,0.4723,20000,36577,18145,18145,0.0833,26123,34115,34421,17463,53014,0.603,0.759,36.8336,-76.124288
South University-West Palm Beach,Royal Palm Beach,FL,Southeast,Private for-profit,4-year,Bachelor's,,,251,0.5951,0.4723,20000,29798,18145,18145,0.1818,26123,34115,34421,17463,53014,0.603,0.759,26.69215,-80.200219
Southcentral Kentucky Community and Technical College,Bowling Green,KY,Southeast,Public,2-year,Certificate,,,3308,0.3342,0.5152,24210,13993,4728,6432,0.5769,10175,32195,34242,16113,53331,0.596,0.297,36.984827,-86.476717
Southeast Arkansas College,Pine Bluff,AR,Southeast,Public,2-year,Certificate,,,851,0.7864,0.5277,17448,22405,5200,8650,0.2821,8600,29235,33603,17558,48845,0.5,0.256,34.210309,-92.025936
Southeast Community College Area,Lincoln,NE,Plains,Public,2-year,Certificate,,,6773,0.2205,0.3941,29919,13186,3690,4320,0.378,11000,39103,43405,26118,61110,0.714,0.253,40.816133,-96.60203
Southeast Kentucky Community & Technical College,Cumberland,KY,Southeast,Public,2-year,Certificate,,,1721,0.4014,0.56,13940,12699,4728,6432,0.4732,6919,26999,29482,13774,46993,0.443,0.235,36.966051,-82.997661
Southeast Missouri Hospital College of Nursing and Health Sciences,Cape Girardeau,MO,Plains,Private nonprofit,4-year,Associate,1.0,1020,200,0.4247,0.4786,34079,24592,11064,11064,0.75,11500,60055,60918,42732,79656,0.867,0.189,37.302453,-89.54587
Southeast Missouri State University,Cape Girardeau,MO,Plains,Public,4-year,Bachelor's,0.7352,950,6373,0.304,0.3689,42518,25177,9903,9903,0.5793,21500,38150,44030,29197,63909,0.741,0.488,37.311107,-89.531187
Southeast Technical College,Sioux Falls,SD,Plains,Public,2-year,Associate,,,2310,0.3446,0.3343,40848,20272,7650,7650,0.5884,12000,43427,46709,31371,64382,0.75,0.257,43.570446,-96.780241
Southeast Texas Career Institute,Silsbee,TX,Southwest,Private for-profit,Less than 2-year,Certificate,,,75,0.3776,0.6587,15296,,,,0.625,5500,20436,24835,11268,36975,,0.221,30.341896,-94.169885
Southeastern Baptist College,Laurel,MS,Southeast,Private nonprofit,4-year,Associate,1.0,,93,0.5476,,21980,13325,7425,7425,0.8,,,26946,11920,43098,0.451,,31.748512,-89.149373
Southeastern College-Boynton Beach,Boynton Beach,FL,Southeast,Private for-profit,4-year,Associate,0.8704,,563,0.7662,0.5181,16491,37884,24480,24480,0.875,19000,35935,41200,22609,62590,0.526,0.461,26.702216,-80.085966
Southeastern College-Charleston,North Charleston,SC,Southeast,Private for-profit,2-year,Certificate,0.9808,,225,0.6767,0.5116,16391,39014,25080,25080,0.6721,9500,28950,30737,14849,43335,,0.309,32.900527,-80.027313
Southeastern College-Charlotte,Charlotte,NC,Southeast,Private for-profit,2-year,Certificate,0.9367,,252,0.7143,0.5176,14953,38136,25080,25080,0.7724,9500,27896,31548,15584,45636,,0.301,35.152455,-80.894622
Southeastern College-Columbia,Columbia,SC,Southeast,Private for-profit,2-year,Certificate,0.9732,,267,0.7711,0.5672,14897,39250,25080,25080,0.6667,9500,26719,31156,18390,43345,,0.305,34.062946,-80.962083
Southeastern College-Miami Lakes,Miami Lakes,FL,Southeast,Private for-profit,4-year,Not classified,,,,,0.5181,16491,,24480,24480,,19000,35935,41200,22609,62590,0.526,0.461,,
Southeastern Community College,West Burlington,IA,Plains,Public,2-year,Certificate,,,1699,0.2814,0.4367,27207,17371,6420,6570,0.4349,12000,34355,36882,19031,55291,0.552,0.325,40.814496,-91.171881
Southeastern Community College,Whiteville,NC,Southeast,Public,2-year,Associate,,,820,0.3958,0.4717,14980,15193,2600,8744,0.4348,,28864,30284,15100,47045,0.478,,34.331749,-78.783365
Southeastern Illinois College,Harrisburg,IL,Great Lakes,Public,2-year,Certificate,,,680,0.2399,0.4286,14652,16113,4560,6780,0.5473,,29254,33763,16546,50143,0.529,,37.75174,-88.436631
Southeastern Louisiana University,Hammond,LA,Southeast,Public,4-year,Bachelor's,0.9931,1090,9514,0.3326,0.3991,34942,23604,8373,20851,0.4541,22113,37124,46482,29383,68123,0.697,0.476,30.514652,-90.468676
Southeastern Louisiana University - Albert Cammon Middle School,St. Rose,LA,Southeast,Public,4-year,Not classified,,,,,0.3991,34942,,,,,22113,37124,46482,29383,68123,0.697,0.476,,
Southeastern Louisiana University - Destrahan High School,Destrehan,LA,Southeast,Public,4-year,Not classified,,,,,0.3991,34942,,,,,22113,37124,46482,29383,68123,0.697,0.476,,
Southeastern Louisiana University - EBR Parish School System Prof Dev,Baton Rouge,LA,Southeast,Public,4-year,Not classified,,,,,0.3991,34942,,,,,22113,37124,46482,29383,68123,0.697,0.476,,
Southeastern Louisiana University - St Amant High School,St Amant,LA,Southeast,Public,4-year,Not classified,,,,,0.3991,34942,,,,,22113,37124,46482,29383,68123,0.697,0.476,,
Southeastern Oklahoma State University,Durant,OK,Southwest,Public,4-year,Bachelor's,0.7643,1087,3018,0.416,0.4446,32051,18594,7530,16740,0.3154,17000,40734,45079,28093,64424,0.688,0.377,34.006808,-96.376864
Southeastern Technical College,Vidalia,GA,Southeast,Public,2-year,Certificate,,,1008,0.3943,0.4973,16835,19660,3400,5968,0.375,5750,28454,30329,16321,45499,0.425,0.19,32.20393,-82.365827
Southeastern University,Lakeland,FL,Southeast,Private nonprofit,4-year,Bachelor's,0.5298,,4813,0.2151,0.3459,39372,49329,32950,32950,0.4255,21500,36314,46744,28202,63763,0.645,0.46,28.029733,-81.918382
Southern Adventist University,Collegedale,TN,Southeast,Private nonprofit,4-year,Bachelor's,0.655,1129,2773,0.3063,0.1818,50894,38618,27300,27300,0.4939,24500,44818,53723,33870,85229,0.709,0.456,35.048254,-85.052088
Southern Arkansas University Main Campus,Magnolia,AR,Southeast,Public,4-year,Bachelor's,0.7533,1047,2708,0.482,0.4209,29946,24951,9960,15690,0.4882,18750,37008,42386,25370,61851,0.685,0.442,33.291618,-93.235922
Southern Arkansas University Tech,Camden,AR,Southeast,Public,2-year,Certificate,,,672,0.4207,0.5244,19466,17294,5040,6480,0.6219,6000,31841,36376,22702,54919,0.528,0.165,33.628367,-92.721629
Southern California Health Institute,North Hollywood,CA,Far West,Private for-profit,2-year,Certificate,,,156,0.84,0.4968,14996,,,,0.8664,9500,24772,34558,,64717,,0.275,34.173485,-118.370014
Southern California Institute of Architecture,Los Angeles,CA,Far West,Private nonprofit,4-year,Bachelor's,0.766,,236,0.2134,,27841,71612,56162,56162,0.7143,,53274,71909,45640,97763,0.774,,34.044215,-118.232799
Southern California Institute of Technology,Anaheim,CA,Far West,Private for-profit,4-year,Certificate,0.7419,,508,0.6167,0.6184,23290,37992,20515,20515,0.7404,10798,60630,53598,25081,83960,0.537,0.201,33.8381,-117.950661
Southern California Seminary,El Cajon,CA,Far West,Private nonprofit,4-year,Bachelor's,,,32,0.3438,,10834,,19080,19080,0.5,,43014,39607,21065,75585,,,32.799614,-116.905461
Southern California University of Health Sciences,Whittier,CA,Far West,Private nonprofit,4-year,Certificate,,,158,0.0694,,21545,57740,10476,10476,0.5,11400,33761,70649,,119128,,0.161,33.922966,-117.983401
Southern Careers Institute-Austin,Austin,TX,Southwest,Private for-profit,2-year,Certificate,,,746,0.6031,0.6368,14258,,,,0.5288,8708,24849,27035,13576,41191,0.379,0.322,30.226743,-97.784318
Southern Careers Institute-Brownsville,Brownsville,TX,Southwest,Private for-profit,2-year,Certificate,,,631,0.7288,0.6368,14258,,,,0.6805,8708,24849,27035,13576,41191,0.379,0.322,25.936988,-97.501124
Southern Careers Institute-Corpus Christi,Corpus Christi,TX,Southwest,Private for-profit,2-year,Certificate,,,578,0.6941,0.6368,14258,,,,0.636,8708,24849,27035,13576,41191,0.379,0.322,27.68504,-97.363145
Southern Careers Institute-Harlingen,Harlingen,TX,Southwest,Private for-profit,2-year,Certificate,,,543,0.7228,0.6368,14258,,,,0.6029,8708,24849,27035,13576,41191,0.379,0.322,26.20385,-97.675281
Southern Careers Institute-Pharr,Pharr,TX,Southwest,Private for-profit,2-year,Certificate,,,596,0.7426,0.6368,14258,,,,0.6102,8708,24849,27035,13576,41191,0.379,0.322,26.211217,-98.201038
Southern Careers Institute-San Antonio,San Antonio,TX,Southwest,Private for-profit,2-year,Certificate,,,1089,0.6479,0.6368,14258,,,,0.6093,8708,24849,27035,13576,41191,0.379,0.322,29.4585,-98.627397
Southern Careers Institute-San Antonio,San Antonio,TX,Southwest,Private for-profit,2-year,Certificate,,,584,0.7282,0.6368,14258,,,,0.5328,8708,24849,27035,13576,41191,0.379,0.322,29.355774,-98.494238
Southern Careers Institute-Waco,Waco,TX,Southwest,Private for-profit,2-year,Certificate,,,185,0.6295,0.6368,14258,,,,0.4467,8708,24849,27035,13576,41191,0.379,0.322,31.512387,-97.139246
Southern Connecticut State University,New Haven,CT,New England,Public,4-year,Bachelor's,0.9147,,6295,0.4083,0.3905,48142,29673,13438,27378,0.4993,22250,45422,55043,38356,78130,0.78,0.404,41.333225,-72.947897
Southern Crescent Technical College,Griffin,GA,Southeast,Public,2-year,Certificate,,,4098,0.4828,0.4927,17015,16430,3516,6084,0.5828,9500,30708,36104,18492,52236,0.535,0.263,33.255438,-84.291662
Southern Illinois University Edwardsville,Edwardsville,IL,Great Lakes,Public,4-year,Bachelor's,0.975,1100,8750,0.3266,0.3069,49754,28919,12922,12922,0.5697,20500,46384,56346,37805,82428,0.779,0.364,38.793949,-89.997779
Southern Illinois University-Carbondale,Carbondale,IL,Great Lakes,Public,4-year,Bachelor's,0.8688,1055,8494,0.3883,0.3525,37454,28329,13334,13334,0.6241,21543,43087,53390,34030,77347,0.765,0.404,37.714193,-89.217273
Southern Maine Community College,South Portland,ME,New England,Public,2-year,Associate,,,5675,0.296,0.3911,26271,18531,4156,7036,0.2819,10331,36780,41661,21198,59974,0.669,0.248,43.646649,-70.229182
Southern Methodist University,Dallas,TX,Southwest,Private nonprofit,4-year,Bachelor's,0.6335,1428,7277,0.1276,0.1568,67697,85606,67040,67040,0.8427,19500,65556,78354,50337,121566,0.835,0.249,32.843612,-96.783365
Southern Missouri Technical Institute,West Plains,MO,Plains,Public,Less than 2-year,Certificate,,,90,0.6,0.5089,18250,,,,0.8286,,34305,31460,17672,50136,0.557,,36.738067,-91.856803
Southern Nazarene University,Bethany,OK,Southwest,Private nonprofit,4-year,Bachelor's,,,1455,0.4696,0.3805,46277,46465,31190,31190,0.5051,21900,48255,54951,33529,83155,0.812,0.399,35.513295,-97.629504
Southern New Hampshire University,Manchester,NH,New England,Private nonprofit,4-year,Bachelor's,0.9951,,163164,0.4875,0.4826,27192,40918,17200,17200,0.4283,21082,41945,50318,29434,75732,0.783,0.419,43.038922,-71.451842
Southern Oklahoma Technology Center,Ardmore,OK,Southwest,Public,Less than 2-year,Certificate,,,326,0.1367,0.6329,21368,,,,0.8333,,36732,29012,10918,49663,0.606,,34.186239,-97.082971
Southern Oregon University,Ashland,OR,Far West,Public,4-year,Bachelor's,0.8862,,2751,0.2486,0.4038,32578,27636,12762,31887,0.4253,20332,39326,49175,29348,69631,0.688,0.413,42.185077,-122.695081
Southern Regional Technical College,Thomasville,GA,Southeast,Public,2-year,Certificate,,,3098,0.4349,0.4892,16969,11896,3007,5575,0.3063,,29304,31293,17357,46945,0.491,,30.863799,-83.9514
Southern School of Beauty Inc,Durant,OK,Southwest,Private for-profit,Less than 2-year,Certificate,,,21,0.7917,0.55,7724,,,,0.9524,,21998,9656,4592,23148,0.321,,33.991184,-96.377181
Southern State Community College,Hillsboro,OH,Great Lakes,Public,2-year,Associate,,,761,0.2165,0.5214,25687,15244,5912,10818,0.37,11457,32851,35463,18617,52108,0.563,0.323,39.236924,-83.614085
Southern Technical College,Fort Myers,FL,Southeast,Private for-profit,2-year,Certificate,,,550,0.7613,0.54,19032,26505,14894,14894,0.6765,11250,32841,36155,21541,53344,0.481,0.311,26.596097,-81.877644
Southern Technical College,Orlando,FL,Southeast,Private for-profit,2-year,Certificate,,,1875,0.6617,0.5791,13961,,,,0.6284,11250,27128,29893,15086,46438,,0.376,28.44862,-81.399661
Southern Union State Community College,Wadley,AL,Southeast,Public,2-year,Certificate,,,4173,0.3405,0.4423,23096,13637,5040,8910,0.3578,11000,32844,36597,20430,56788,0.594,0.301,33.128785,-85.572382
Southern University Law Center,Baton Rouge,LA,Southeast,Public,4-year,Bachelor's,,,607,,0.3966,23466,,,,,29251,33033,43371,24178,63976,0.664,0.674,30.523898,-91.194417
Southern University and A & M College,Baton Rouge,LA,Southeast,Public,4-year,Bachelor's,0.3512,942,5519,0.6814,0.3966,23466,26341,9922,17272,0.2709,29251,33033,43371,24178,63976,0.664,0.674,30.524558,-91.190105
Southern University at New Orleans,New Orleans,LA,Southeast,Public,4-year,Bachelor's,0.789,944,1055,0.4174,0.496,16552,23905,8054,16954,0.1311,31000,29148,34042,16298,51450,0.562,0.911,30.026162,-90.044912
Southern University at Shreveport,Shreveport,LA,Southeast,Public,2-year,Associate,,,1910,0.5149,0.4939,16393,17017,4958,4958,0.1048,18500,22990,33099,17483,51818,0.458,0.559,32.545632,-93.834559
Southern Utah University,Cedar City,UT,Rocky Mountains,Public,4-year,Bachelor's,0.8179,,9289,0.2488,0.3209,41064,19416,6962,21192,0.6067,12500,41147,50296,26717,74170,0.678,0.249,37.674617,-113.070146
Southern Virginia University,Buena Vista,VA,Southeast,Private nonprofit,4-year,Bachelor's,0.9642,,936,0.4519,0.1714,55443,34431,21280,21280,0.3347,24224,36988,50002,27572,74656,0.628,0.484,37.740368,-79.35037
Southern Wesleyan University,Central,SC,Southeast,Private nonprofit,4-year,Bachelor's,0.9953,1140,747,0.4307,0.3915,37260,39914,29800,29800,0.5236,26000,41489,47756,33318,70437,0.769,0.544,34.728068,-82.761586
Southern West Virginia Community and Technical College,Logan,WV,Southeast,Public,2-year,Associate,,,1064,0.5058,0.6131,14324,18725,5136,7872,0.2876,9190,26307,32153,16783,48892,0.488,0.286,37.851756,-82.023014
Southside College of Health Sciences,Colonial Heights,VA,Southeast,Private nonprofit,2-year,Associate,,,151,0.337,,31211,,,,,13758,68419,71380,49293,86265,0.824,0.193,37.267704,-77.400278
Southside Virginia Community College,Alberta,VA,Southeast,Public,2-year,Certificate,,,1807,0.3542,0.5235,19387,14036,5007,11445,0.4177,,30192,32371,17047,48129,0.451,,36.839066,-77.917962
Southwest Baptist University,Bolivar,MO,Plains,Private nonprofit,4-year,Bachelor's,0.6839,1088,1341,0.3627,0.3549,35564,40301,30566,30566,0.5532,20957,38855,43112,28512,67324,0.672,0.486,37.602425,-93.407056
Southwest College for the Deaf,Big Spring,TX,Southwest,Public,2-year,Certificate,,,47,0.7447,0.5142,25011,13318,2766,14746,0.4,9500,32428,38382,20950,57845,0.575,0.248,32.226498,-101.50294
Southwest Institute of Healing Arts,Tempe,AZ,Southwest,Private for-profit,2-year,Certificate,,,534,0.2013,0.4515,22452,,,,0.6661,9500,28145,29544,10699,53330,0.474,0.322,33.39428,-111.913584
Southwest Minnesota State University,Marshall,MN,Plains,Public,4-year,Bachelor's,0.6218,1050,2315,0.1207,0.2689,51572,24757,10361,10361,0.451,20500,43282,51342,35692,69380,0.765,0.399,44.45373,-95.759548
Southwest Mississippi Community College,Summit,MS,Southeast,Public,2-year,Associate,,,1474,0.561,0.4214,16430,11644,4080,6780,0.5586,,29092,33227,17386,50991,0.49,,31.295121,-90.443295
Southwest School of Business and Technical Careers-San Antonio,San Antonio,TX,Southwest,Private for-profit,Less than 2-year,Certificate,,,21,0.9886,0.7143,12440,,,,0.6119,7273,21497,24251,12878,36706,0.337,0.3,29.357965,-98.49583
Southwest Technical College,Cedar City,UT,Rocky Mountains,Public,Less than 2-year,Certificate,,,540,0.134,0.5546,18152,,,,0.9492,,38493,35507,19020,49068,,,37.664147,-113.069916
Southwest Technology Center,Altus,OK,Southwest,Public,Less than 2-year,Certificate,,,332,0.1985,0.5233,18277,,,,0.782,,44498,48966,22864,70900,0.649,,34.668194,-99.341161
Southwest Tennessee Community College,Memphis,TN,Southeast,Public,2-year,Associate,,,5047,0.4135,0.4572,17120,12999,4778,17750,0.1899,,30317,34071,17590,51079,0.49,,35.161335,-89.86634
Southwest Texas College,Uvalde,TX,Southwest,Public,2-year,Certificate,,,3306,0.3323,0.5658,19535,13554,2646,6294,0.3054,6200,30305,35563,18798,56440,0.553,0.174,29.219671,-99.741237
Southwest University at El Paso,El Paso,TX,Southwest,Private for-profit,4-year,Associate,,,2073,0.8219,0.5078,16246,23987,16000,16000,0.5942,20000,29611,29648,15669,43753,,0.675,31.786859,-106.411867
Southwest Virginia Community College,Cedar Bluff,VA,Southeast,Public,2-year,Certificate,,,1651,0.462,0.5296,14050,13775,5075,11513,0.4613,,30954,34221,17453,50270,0.468,,37.006196,-81.796682
Southwest Wisconsin Technical College,Fennimore,WI,Great Lakes,Public,2-year,Certificate,,,1313,0.2016,0.495,33516,16662,4904,7147,0.6639,7500,42360,43470,27001,60847,0.648,0.173,42.976238,-90.637714
Southwestern Adventist University,Keene,TX,Southwest,Private nonprofit,4-year,Bachelor's,0.7836,1031,570,0.4211,0.3416,36174,35592,25380,25380,0.5234,26998,43643,52946,32967,80092,0.723,0.51,32.397617,-97.32702
Southwestern Christian College,Terrell,TX,Southwest,Private nonprofit,4-year,Associate,,,110,0.6563,0.3894,20000,21854,14638,14638,0.0313,,19686,32672,12755,45678,0.423,,32.735508,-96.285649
Southwestern Christian University,Bethany,OK,Southwest,Private nonprofit,4-year,Bachelor's,,,377,0.4672,0.4039,31144,33305,21900,21900,0.1613,20715,34574,40391,25157,59984,0.511,0.513,35.513314,-97.63934
Southwestern College,Winfield,KS,Plains,Private nonprofit,4-year,Bachelor's,0.7555,,924,0.4085,0.3984,39347,58432,39822,39822,0.3568,25000,48034,55646,38550,81142,0.812,0.449,37.248608,-96.975405
Southwestern College,Chula Vista,CA,Far West,Public,2-year,Associate,,,18614,0.3582,0.5654,19400,22104,1344,10640,0.355,4500,33970,40060,20734,59678,0.596,0.112,32.640281,-116.996803
Southwestern Community College,Sylva,NC,Southeast,Public,2-year,Associate,,,1249,0.3623,0.442,21372,15856,4112,13184,0.531,10500,31660,34145,17801,51667,0.493,0.308,35.348575,-83.207129
Southwestern Community College,Creston,IA,Plains,Public,2-year,Certificate,,,729,0.2376,0.3857,34342,16951,8064,8316,0.593,10975,36878,40129,24224,56339,0.626,0.273,41.073437,-94.380906
Southwestern Illinois College,Belleville,IL,Great Lakes,Public,2-year,Certificate,,,5675,0.2471,0.4289,21868,16249,3960,6720,0.3648,6908,30872,36884,19733,55249,0.53,0.187,38.516406,-89.924466
Southwestern Indian Polytechnic Institute,Albuquerque,NM,Southwest,Public,2-year,Associate,,,215,0.4807,0.4352,12918,12125,1095,1095,0.14,,22307,27660,12282,41758,0.357,,35.176084,-106.664475
Southwestern Michigan College,Dowagiac,MI,Great Lakes,Public,2-year,Associate,,,1431,0.3845,0.4141,29286,15589,6417,8394,0.3766,10959,33204,37303,21248,54818,0.53,0.294,41.965095,-86.082715
Southwestern Oklahoma State University,Weatherford,OK,Southwest,Public,4-year,Bachelor's,,,3514,0.389,0.4063,41302,23334,8469,8499,0.3969,15954,42896,45744,26790,68999,0.729,0.349,35.535281,-98.707768
Southwestern Oregon Community College,Coos Bay,OR,Far West,Public,2-year,Associate,,,1270,0.3647,0.4745,24850,16274,7192,7192,0.3968,12000,32951,38349,20648,56798,0.577,0.313,43.395327,-124.25224
Southwestern University,Georgetown,TX,Southwest,Private nonprofit,4-year,Bachelor's,0.4305,1241,1440,0.2533,0.2034,74646,67493,53813,53813,0.7279,25000,49249,56878,37176,86002,0.841,0.44,30.634341,-97.665738
Sovah School of Health Professions,Danville,VA,Southeast,Private for-profit,2-year,Associate,,,30,0.35,,39158,,,,,,,69924,45717,92643,0.895,,36.577965,-79.405312
Spa Tech Institute-North Andover,North Andover,MA,New England,Private for-profit,Less than 2-year,Certificate,,,118,0.3824,0.4402,26200,,,,,6333,24126,27803,13940,46812,0.447,0.228,42.707614,-71.131873
Spa Tech Institute-Plymouth,Plymouth,MA,New England,Private for-profit,Less than 2-year,Certificate,,,233,0.3407,0.4402,26200,,,,0.871,6333,24126,27803,13940,46812,0.447,0.228,41.958481,-70.704453
Spa Tech Institute-Westboro,Westborough,MA,New England,Private for-profit,Less than 2-year,Certificate,,,182,0.3415,0.4402,26200,,,,0.7727,6333,24126,27803,13940,46812,0.447,0.228,42.285984,-71.635686
Spa Tech Institute-Westbrook,Westbrook,ME,New England,Private for-profit,Less than 2-year,Certificate,,,263,0.3757,0.4402,26200,,,,0.8472,6333,24126,27803,13940,46812,0.447,0.228,43.67659,-70.335331
Spalding University,Louisville,KY,Southeast,Private nonprofit,4-year,Bachelor's,0.9945,977,583,0.3583,0.3501,33886,45530,29200,29200,0.5167,25250,42870,49438,32269,75339,0.77,0.511,38.242407,-85.757725
Spartan College of Aeronautics & Technology,Inglewood,CA,Far West,Private for-profit,2-year,Certificate,,,411,0.3996,0.5128,22346,,,,0.6351,20000,50505,61575,36033,90174,0.752,0.325,33.956018,-118.377744
Spartan College of Aeronautics and Technology,Riverside,CA,Far West,Private for-profit,2-year,Certificate,,,317,0.4732,0.5128,22346,,,,0.6849,20000,50505,61575,36033,90174,0.752,0.325,33.990127,-117.408335
Spartan College of Aeronautics and Technology,Broomfield,CO,Rocky Mountains,Private for-profit,2-year,Associate,,,397,0.1215,0.4263,25866,37719,20235,20235,0.6269,19188,55728,59093,32466,82390,0.754,0.325,39.914822,-105.119096
Spartan College of Aeronautics and Technology,Tulsa,OK,Southwest,Private for-profit,4-year,Associate,,,840,0.0919,0.4953,26896,36273,20940,20940,0.5139,16750,44028,49944,30708,77190,0.746,0.335,36.176642,-95.878902
Spartanburg Community College,Spartanburg,SC,Southeast,Public,2-year,Certificate,,,5006,0.4122,0.484,22671,11505,5071,10135,0.2824,6500,33460,37097,21043,54197,0.542,0.175,34.974587,-81.989811
Spartanburg Methodist College,Spartanburg,SC,Southeast,Private nonprofit,4-year,Associate,0.7816,,1116,0.6105,0.314,36782,32183,20650,20650,0.4292,12000,33427,42895,26025,57744,0.642,0.28,34.955117,-81.970863
Spelman College,Atlanta,GA,Southeast,Private nonprofit,4-year,Bachelor's,0.2487,1220,3414,0.2783,0.2071,43781,50952,31556,31556,0.7846,25000,45676,59993,40168,86219,0.803,0.417,33.745279,-84.411527
Spokane Community College,Spokane,WA,Far West,Public,4-year,Associate,,,4533,0.3174,0.4043,20691,13839,5461,6612,0.3333,13501,37814,41984,22366,63570,0.62,0.322,47.674034,-117.360065
Spokane Falls Community College,Spokane,WA,Far West,Public,4-year,Associate,,,3199,0.2949,0.3618,23411,15685,5461,6612,0.3204,12000,34393,38955,20150,58767,0.589,0.308,47.676741,-117.463538
Spoon River College,Canton,IL,Great Lakes,Public,2-year,Certificate,,,774,0.2727,0.4177,24347,12217,6090,13500,0.416,,34424,38386,20734,57440,0.553,,40.527991,-90.07233
Spring Arbor University,Spring Arbor,MI,Great Lakes,Private nonprofit,4-year,Bachelor's,0.5152,1170,1010,0.2869,0.3517,52494,44703,34014,34014,0.6354,26375,45592,51732,32240,74957,0.722,0.51,42.206568,-84.556074
Spring Hill College,Mobile,AL,Southeast,Private nonprofit,4-year,Bachelor's,0.7657,1120,782,0.3161,0.2516,61189,39936,24054,24054,0.521,27000,41358,51500,32496,72223,0.763,0.524,30.694751,-88.138199
Springfield College,Springfield,MA,New England,Private nonprofit,4-year,Bachelor's,0.7189,1275,1751,0.2236,0.3139,46944,60729,45174,45174,0.7419,26250,43692,48036,29321,69087,0.796,0.546,42.1022,-72.556647
Springfield College-Regional Online and Continuing Education,Springfield,MA,New England,Private nonprofit,4-year,Bachelor's,,,176,0.5894,0.3139,46944,,,,,26250,43692,48036,29321,69087,0.796,0.546,42.1022,-72.556647
Springfield Technical Community College,Springfield,MA,New England,Public,2-year,Associate,,,4759,0.5012,0.4806,20001,14971,5904,11112,0.318,6570,35824,36966,16733,59183,0.6,0.178,42.108827,-72.578514
St Bonaventure University,Saint Bonaventure,NY,Mid East,Private nonprofit,4-year,Bachelor's,0.8165,1197,2012,0.2675,0.1864,79146,57271,41735,41735,0.6673,26000,48559,57214,40687,78447,0.824,0.454,42.080191,-78.481107
St Catherine University,Saint Paul,MN,Plains,Private nonprofit,4-year,Bachelor's,0.9185,1147,2473,0.4007,0.2881,41238,60476,51454,51454,0.6125,24181,52795,59282,40528,84277,0.813,0.408,44.924926,-93.183761
St Charles Community College,Cottleville,MO,Plains,Public,2-year,Associate,,,5017,0.2462,0.4205,30934,13629,3048,6096,0.2482,6187,37087,42422,26402,62357,0.638,0.146,38.759703,-90.641105
St Clair County Community College,Port Huron,MI,Great Lakes,Public,2-year,Associate,,,2138,0.2557,0.426,26000,14391,5212,12150,0.3354,11750,33990,40177,20720,62796,0.579,0.292,42.979494,-82.428717
St Cloud Technical and Community College,Saint Cloud,MN,Plains,Public,2-year,Associate,,,3113,0.3442,0.3207,33412,14325,6124,6124,0.4487,12000,42307,46874,29416,67267,0.734,0.256,45.579065,-94.175841
St Lawrence University,Canton,NY,Mid East,Private nonprofit,4-year,Bachelor's,0.5434,1371,1918,0.2136,0.1319,84830,82000,65900,65900,0.7906,27000,55037,67258,44778,102313,0.838,0.401,44.589879,-75.161343
St Louis College of Health Careers-Fenton,Fenton,MO,Plains,Private for-profit,4-year,Associate,0.8,,399,0.6565,0.4875,15045,,,,0.5938,11750,28788,32217,16717,46351,0.465,0.365,38.544635,-90.470904
St Louis College of Health Careers-St Louis,Saint Louis,MO,Plains,Private for-profit,Less than 2-year,Certificate,,,153,0.7783,0.4875,15045,,,,0.5333,11750,28788,32217,16717,46351,0.465,0.365,38.63155,-90.26194
St Luke's College,Sioux City,IA,Plains,Private nonprofit,4-year,Associate,0.8,980,167,0.5,0.3604,37926,27647,24175,24175,1.0,15000,54850,61033,40803,77622,0.804,0.246,42.520081,-96.404724
St Lukes Hospital School of Nursing,Bethlehem,PA,Mid East,Private nonprofit,Less than 2-year,Certificate,,,329,0.35,,36082,,,,,14000,77819,80244,60627,95046,0.816,0.174,40.607054,-75.394494
St Olaf College,Northfield,MN,Plains,Private nonprofit,4-year,Bachelor's,0.4832,1380,3093,0.2121,0.1287,90436,71843,59760,59760,0.84,26000,48373,65543,46256,88706,0.822,0.397,44.461529,-93.182039
St Paul's School of Nursing-Queens,Rego Park,NY,Mid East,Private for-profit,2-year,Associate,,,1056,0.5115,0.4248,23000,34498,17433,17433,0.5641,25730,81254,104403,65703,127180,0.932,0.246,40.72921,-73.858441
St Paul's School of Nursing-Staten Island,Staten Island,NY,Mid East,Private for-profit,2-year,Associate,,,656,0.5135,0.5375,21739,44677,17492,17492,0.4583,25729,49515,86693,45742,114351,0.896,0.297,40.605584,-74.179757
St Petersburg College,St. Petersburg,FL,Southeast,Public,4-year,Associate,,,18950,0.328,0.4443,22640,12885,2682,9286,0.3825,16868,36498,42557,23808,63709,0.619,0.396,27.773264,-82.636587
St Philip's College,San Antonio,TX,Southwest,Public,4-year,Certificate,,,12914,0.2195,0.5499,20836,11985,3412,9952,0.2827,9500,35018,38224,20307,57875,0.574,0.249,29.41508,-98.453285
St. Francis College,Brooklyn,NY,Mid East,Private nonprofit,4-year,Bachelor's,,,1684,0.5569,0.4114,34236,38098,28775,28775,0.5464,23250,43378,58099,31954,86047,0.747,0.4,40.690233,-73.986559
St. John Fisher University,Rochester,NY,Mid East,Private nonprofit,4-year,Bachelor's,0.664,1214,2565,0.2869,0.2522,73192,55201,41190,41190,0.7417,23250,61198,66944,49303,96035,0.839,0.347,43.116259,-77.513056
St. John's College,Springfield,IL,Great Lakes,Private nonprofit,4-year,Bachelor's,,,126,0.3026,,45350,,,,,18750,68248,86331,69989,110781,,0.217,39.807602,-89.64532
St. John's College,Annapolis,MD,Mid East,Private nonprofit,4-year,Bachelor's,0.5524,1372,471,0.2008,,80000,55540,40684,40684,0.7143,27000,34483,51584,27968,69532,0.617,0.523,38.981598,-76.491359
St. John's College,Santa Fe,NM,Southwest,Private nonprofit,4-year,Bachelor's,0.5315,1426,368,0.2695,,43212,55824,40504,40504,0.5493,,33770,44985,22437,69716,0.573,,35.666974,-105.912478
St. John's University-New York,Queens,NY,Mid East,Private nonprofit,4-year,Bachelor's,0.8343,1244,9477,0.2419,0.3165,50604,65527,53020,53020,0.6609,25000,54189,69571,40573,103666,0.823,0.359,40.722523,-73.796104
St. Joseph's College of Nursing,Syracuse,NY,Mid East,Private nonprofit,2-year,Associate,1.0,,313,0.3604,0.2809,48658,,23816,23816,1.0,12000,73283,81908,58473,104467,0.908,0.147,43.055355,-76.148355
St. Joseph's University-New York,Brooklyn,NY,Mid East,Private nonprofit,4-year,Bachelor's,0.7205,1190,3144,0.3399,0.3757,48214,41897,36550,36550,0.6878,22000,50759,63905,40707,86336,0.822,0.344,40.690418,-73.967664
St. Mary's College of Maryland,St. Mary's City,MD,Mid East,Public,4-year,Bachelor's,0.6863,1261,1603,0.2112,0.2328,85000,31865,15298,31374,0.6995,21000,52286,60110,43526,83103,0.821,0.349,38.188047,-76.430994
St. Mary's University,San Antonio,TX,Southwest,Private nonprofit,4-year,Bachelor's,0.9776,1089,1951,0.3861,0.3872,37985,47999,37434,37434,0.5893,25563,44130,56955,38690,79025,0.809,0.449,29.453244,-98.562778
St. Peter's Hospital College of Nursing,Albany,NY,Mid East,Private nonprofit,2-year,Associate,1.0,,123,0.248,0.2738,29450,,15358,15358,,14745,79126,62588,41335,91319,0.803,0.236,42.658346,-73.807616
St. Thomas Aquinas College,Sparkill,NY,Mid East,Private nonprofit,4-year,Bachelor's,0.9305,1000,972,0.2162,0.3167,61972,53370,39450,39450,0.5404,23198,44908,62909,42115,87445,0.807,0.369,41.041576,-73.936799
St. Thomas University,Miami Gardens,FL,Southeast,Private nonprofit,4-year,Bachelor's,0.9791,,2214,0.2697,0.4127,26170,51205,34770,34770,0.4806,19125,44435,54272,32619,82134,0.78,0.352,25.922071,-80.253273
Stage One-The Hair School,Lake Charles,LA,Southeast,Private for-profit,Less than 2-year,Certificate,,,66,0.72,0.6182,12663,,,,0.7241,9833,16983,17390,6600,28720,0.343,0.565,30.195982,-93.221606
Stanbridge University,Irvine,CA,Far West,Private for-profit,4-year,Bachelor's,0.1,,2643,0.6119,0.4163,26961,,,,0.6209,20000,53729,62144,36562,87057,,0.322,33.678879,-117.857636
Stanford University,Stanford,CA,Far West,Private nonprofit,4-year,Bachelor's,0.0361,1553,7554,0.1916,0.3034,44842,87833,65910,65910,0.9192,12000,102887,124080,73321,219740,0.908,0.097,37.429434,-122.167359
Stanly Community College,Albemarle,NC,Southeast,Public,2-year,Certificate,,,1465,0.3059,0.51,21481,15370,2672,8816,0.4776,,32930,36686,19705,52468,0.609,,35.339895,-80.236303
Stark State College,North Canton,OH,Great Lakes,Public,4-year,Certificate,,,5749,0.3582,0.5143,22656,10755,4790,7886,0.2302,13786,31268,34661,16724,53293,0.616,0.398,40.870597,-81.439017
State College of Beauty Culture,Wausau,WI,Great Lakes,Private for-profit,Less than 2-year,Certificate,,,57,0.3837,,25378,,,,0.9,5606,27939,28037,14349,38030,0.282,0.2,44.936911,-89.618062
State College of Florida-Manatee-Sarasota,Bradenton,FL,Southeast,Public,4-year,Associate,,,7379,0.3298,0.4584,23855,28709,3074,11595,0.3829,9000,35254,40318,22359,58900,0.591,0.223,27.43804,-82.590887
State Fair Community College,Sedalia,MO,Plains,Public,2-year,Associate,,,2694,0.3556,0.4804,24878,14719,4176,7416,0.4408,10500,32659,35562,20546,52964,0.589,0.295,38.696423,-93.268028
State Technical College of Missouri,Linn,MO,Plains,Public,2-year,Associate,,,2123,0.328,0.4114,47080,19026,8160,14610,0.8416,10986,48921,55901,39818,80302,0.771,0.197,38.467699,-91.814259
State University of New York at Cortland,Cortland,NY,Mid East,Public,4-year,Bachelor's,0.5979,,5901,0.2742,0.2709,72219,28108,8874,18784,0.6803,21500,46535,60236,43982,82293,0.815,0.357,42.598022,-76.188655
State University of New York at New Paltz,New Paltz,NY,Mid East,Public,4-year,Bachelor's,0.6161,1265,6086,0.319,0.3169,48878,28428,8572,18822,0.716,18750,45555,58073,37617,82174,0.791,0.323,41.740936,-74.082188
State University of New York at Oswego,Oswego,NY,Mid East,Public,4-year,Bachelor's,0.8055,1187,5473,0.3965,0.2782,50004,27052,8825,18735,0.6036,20880,46358,57566,38620,78974,0.779,0.363,43.454287,-76.540798
State University of New York at Plattsburgh,Plattsburgh,NY,Mid East,Public,4-year,Bachelor's,0.7841,1165,3769,0.4056,0.3137,50769,28244,9035,18945,0.5851,21196,48089,56403,35998,76683,0.774,0.376,44.69293,-73.466536
Staunton School of Cosmetology,Staunton,VA,Southeast,Private for-profit,Less than 2-year,Certificate,,,24,0.6875,,23649,,,,0.7143,,22783,22660,9988,41877,,,38.149508,-79.070811
Stautzenberger College-Brecksville,Brecksville,OH,Great Lakes,Private for-profit,2-year,Associate,,,62,0.6327,0.5375,17328,29518,16699,16699,0.589,14302,28575,34104,18240,48517,0.513,0.419,41.288862,-81.645056
Stautzenberger College-Maumee,Maumee,OH,Great Lakes,Private for-profit,2-year,Certificate,,,586,0.8308,0.5375,17328,27696,16699,16699,0.5476,14302,28575,34104,18240,48517,0.513,0.419,41.582662,-83.683042
Stautzenberger College-Rockford Career College,Rockford,IL,Great Lakes,Private for-profit,2-year,Certificate,,,682,0.7503,0.5375,17328,28452,16699,16699,0.6573,14302,28575,34104,18240,48517,0.513,0.419,42.255903,-89.027291
Stellar Career College,Chicago,IL,Great Lakes,Private for-profit,Less than 2-year,Certificate,,,83,0.8824,0.6277,11020,,,,,4834,36539,30337,13784,45300,,0.159,41.884375,-87.634151
Stellar Career College,Modesto,CA,Far West,Private for-profit,Less than 2-year,Certificate,,,46,0.7732,0.6277,11020,,,,0.7907,4834,36539,30337,13784,45300,,0.159,37.701963,-121.071015
Stellar Career College-Crown Point,Crown Point,IN,Great Lakes,Private for-profit,2-year,Associate,,,81,0.7188,0.6277,11020,,,,,4834,36539,30337,13784,45300,,0.159,41.474242,-87.401656
Stephen F Austin State University,Nacogdoches,TX,Southwest,Public,4-year,Bachelor's,0.9399,1066,8728,0.3887,0.3535,44426,25791,11128,23426,0.5333,23409,43144,49634,32573,67133,0.775,0.472,31.621056,-94.64908
Stephens College,Columbia,MO,Plains,Private nonprofit,4-year,Bachelor's,0.7722,,391,0.4522,0.309,40725,46643,28300,28300,0.4274,27000,36778,43071,26214,64594,0.693,0.627,38.95204,-92.319204
Sterling College,Sterling,KS,Plains,Private nonprofit,4-year,Bachelor's,0.4817,,538,0.3706,0.341,45058,47185,33700,33700,0.4129,24625,40722,45846,29191,64510,0.664,0.537,38.219937,-98.208644
Sterling College,Craftsbury Common,VT,New England,Private nonprofit,4-year,Bachelor's,0.6667,,50,0.4487,,27616,54410,40760,40760,0.3158,23000,27109,30573,22107,,,0.752,44.65225,-72.382372
Stetson University,DeLand,FL,Southeast,Private nonprofit,4-year,Bachelor's,0.716,1176,2297,0.3721,0.2672,52032,72533,57410,57410,0.6229,23250,44792,51642,32864,76909,0.73,0.45,29.035475,-81.300746
Steven Papageorge Hair Academy,Chicago,IL,Great Lakes,Private for-profit,Less than 2-year,Certificate,,,60,0.2794,0.5,18620,,,,0.5,,21758,29592,13573,53147,0.369,,41.968291,-87.713577
Stevens Institute of Technology,Hoboken,NJ,Mid East,Private nonprofit,4-year,Bachelor's,0.4758,1446,4222,0.2043,0.1549,117032,79790,63462,63462,0.8688,27000,90326,108772,82965,137041,0.903,0.248,40.744776,-74.025334
Stevens-The Institute of Business & Arts,Saint Louis,MO,Plains,Private for-profit,4-year,Bachelor's,1.0,,89,0.6737,0.2921,17458,24808,14332,14332,0.1429,27000,25898,29058,15507,47130,0.497,0.929,38.632917,-90.201157
Stevenson University,Owings Mills,MD,Mid East,Private nonprofit,4-year,Bachelor's,0.7891,,3102,0.3088,0.3069,63596,58394,40560,40560,0.6849,26000,54574,62079,39840,86344,0.85,0.419,39.426413,-76.775809
Stewart School,Sioux Falls,SD,Plains,Private for-profit,Less than 2-year,Certificate,,,133,0.3194,0.275,51635,,,,0.8765,6864,28339,31843,15063,43089,,0.216,43.554991,-96.746329
Stillman College,Tuscaloosa,AL,Southeast,Private nonprofit,4-year,Bachelor's,0.6225,,706,0.763,0.4105,19890,26107,12126,12126,0.25,29067,29790,35421,18957,53304,0.533,0.821,33.200006,-87.585278
Stockton University,Galloway,NJ,Mid East,Public,4-year,Bachelor's,0.8894,1139,7537,0.4228,0.404,52591,35139,16266,24524,0.6854,20500,48223,57602,37079,80776,0.805,0.356,39.492036,-74.531087
Stone Child College,Box Elder,MT,Rocky Mountains,Public,4-year,Associate,,,193,0.4904,0.268,5682,15570,3610,3610,0.3421,,11860,24555,,44049,0.315,,48.289808,-109.870182
Stonehill College,Easton,MA,New England,Private nonprofit,4-year,Bachelor's,0.6628,,2528,0.1706,0.1639,111481,72714,57490,57490,0.76,25000,63285,77745,57153,98944,0.927,0.322,42.05905,-71.080632
Stony Brook University,Stony Brook,NY,Mid East,Public,4-year,Bachelor's,0.4904,1419,18101,0.3944,0.3614,36504,30539,10931,32741,0.7556,18228,59492,74502,48580,107097,0.832,0.245,40.91476,-73.12046
Strand College of Hair Design,Myrtle Beach,SC,Southeast,Private for-profit,Less than 2-year,Certificate,,,70,0.3733,0.4651,15765,,,,0.75,6333,25974,21301,12418,37318,,0.297,33.748079,-78.815961
Strayer University-Alabama,Birmingham,AL,Southeast,Private for-profit,4-year,Bachelor's,,,1196,0.852,0.5373,18178,,13920,13920,0.0,40621,36582,40092,20698,62129,0.785,1.013,33.513375,-86.80574
Strayer University-Alexandria Campus,Alexandria,VA,Southeast,Private for-profit,4-year,Not classified,,,,,0.5373,18178,,13920,13920,,40621,36582,40092,20698,62129,0.785,1.013,,
Strayer University-Arkansas,Little Rock,AR,Southeast,Private for-profit,4-year,Bachelor's,,,695,0.8969,0.5373,18178,,13920,13920,,40621,36582,40092,20698,62129,0.785,1.013,34.745489,-92.271192
Strayer University-Augusta Campus,Augusta,GA,Southeast,Private for-profit,4-year,Not classified,,,,,0.5373,18178,,13920,13920,,40621,36582,40092,20698,62129,0.785,1.013,,
Strayer University-Center City Campus,Philadelphia,PA,Mid East,Private for-profit,4-year,Not classified,,,,,0.5373,18178,,13920,13920,,40621,36582,40092,20698,62129,0.785,1.013,,
Strayer University-Delaware,Wilmington,DE,Mid East,Private for-profit,4-year,Bachelor's,,,161,0.6958,0.5373,18178,25158,13920,13920,,40621,36582,40092,20698,62129,0.785,1.013,39.743357,-75.547914
Strayer University-District of Columbia,Washington,DC,Mid East,Private for-profit,4-year,Bachelor's,,,156,0.7387,0.5373,18178,,13920,13920,0.0,40621,36582,40092,20698,62129,0.785,1.013,38.904881,-77.034133
Strayer University-Florida,Tampa,FL,Southeast,Private for-profit,4-year,Bachelor's,,,1107,0.7869,0.5373,18178,25158,13920,13920,1.0,40621,36582,40092,20698,62129,0.785,1.013,27.997442,-82.35991
Strayer University-Georgia,Chamblee,GA,Southeast,Private for-profit,4-year,Bachelor's,,,4299,0.8178,0.5373,18178,25158,13920,13920,0.2143,40621,36582,40092,20698,62129,0.785,1.013,33.870686,-84.267177
Strayer University-Global Region,Washington,DC,Mid East,Private for-profit,4-year,Bachelor's,,,9376,0.5443,0.5373,18178,25158,13920,13920,0.1429,40621,36582,40092,20698,62129,0.785,1.013,38.904881,-77.034133
Strayer University-Lithonia Campus,Lithonia,GA,Southeast,Private for-profit,4-year,Not classified,,,,,0.5373,18178,,13920,13920,,40621,36582,40092,20698,62129,0.785,1.013,,
Strayer University-Maryland,Baltimore,MD,Mid East,Private for-profit,4-year,Bachelor's,,,1043,0.627,0.5373,18178,,13920,13920,0.375,40621,36582,40092,20698,62129,0.785,1.013,38.827438,-76.918039
Strayer University-Mississippi,Jackson,MS,Southeast,Private for-profit,4-year,Bachelor's,,,882,0.8675,0.5373,18178,,13920,13920,0.0,40621,36582,40092,20698,62129,0.785,1.013,32.300562,-90.188097
Strayer University-Morrow Campus,Morrow,GA,Southeast,Private for-profit,4-year,Not classified,,,,,0.5373,18178,,13920,13920,,40621,36582,40092,20698,62129,0.785,1.013,,
Strayer University-New Jersey,Piscataway,NJ,Mid East,Private for-profit,4-year,Bachelor's,,,702,0.6803,0.5373,18178,,13920,13920,0.0,40621,36582,40092,20698,62129,0.785,1.013,40.554506,-74.474974
Strayer University-Newport News Campus,Newport News,VA,Southeast,Private for-profit,4-year,Not classified,,,,,0.5373,18178,,13920,13920,,40621,36582,40092,20698,62129,0.785,1.013,,
Strayer University-North Carolina,Greensboro,NC,Southeast,Private for-profit,4-year,Bachelor's,,,2671,0.8229,0.5373,18178,,13920,13920,0.3333,40621,36582,40092,20698,62129,0.785,1.013,36.051694,-79.882713
Strayer University-North Dallas,Farmers Branch,TX,Southwest,Private for-profit,4-year,Not classified,,,,,0.5373,18178,,13920,13920,,40621,36582,40092,20698,62129,0.785,1.013,,
Strayer University-Northwest Houston,Houston,TX,Southwest,Private for-profit,4-year,Not classified,,,,,0.5373,18178,,13920,13920,,40621,36582,40092,20698,62129,0.785,1.013,,
Strayer University-Pennsylvania,Philadelphia,PA,Mid East,Private for-profit,4-year,Bachelor's,,,1226,0.7256,0.5373,18178,,13920,13920,0.0,40621,36582,40092,20698,62129,0.785,1.013,40.13955,-74.962991
Strayer University-Shelby Oaks Campus,Memphis,TN,Southeast,Private for-profit,4-year,Not classified,,,,,0.5373,18178,,13920,13920,,40621,36582,40092,20698,62129,0.785,1.013,,
Strayer University-South Carolina,Greenville,SC,Southeast,Private for-profit,4-year,Bachelor's,,,1868,0.8197,0.5373,18178,25158,13920,13920,0.1667,40621,36582,40092,20698,62129,0.785,1.013,34.839766,-82.399535
Strayer University-Tennessee,Nashville,TN,Southeast,Private for-profit,4-year,Bachelor's,,,1784,0.8693,0.5373,18178,25158,13920,13920,0.0,40621,36582,40092,20698,62129,0.785,1.013,35.076643,-89.901042
Strayer University-Texas,Farmers Branch,TX,Southwest,Private for-profit,4-year,Bachelor's,,,2293,0.7927,0.5373,18178,,13920,13920,0.25,40621,36582,40092,20698,62129,0.785,1.013,32.910744,-96.887509
Strayer University-Virginia,Arlington,VA,Southeast,Private for-profit,4-year,Bachelor's,,,1668,0.5935,0.5373,18178,25158,13920,13920,0.3636,40621,36582,40092,20698,62129,0.785,1.013,38.890995,-77.085294
Strayer University-Virginia Beach Campus,Virginia Beach,VA,Southeast,Private for-profit,4-year,Not classified,,,,,0.5373,18178,,13920,13920,,40621,36582,40092,20698,62129,0.785,1.013,,
Strayer University-West Virginia,Scott Depot,WV,Southeast,Private for-profit,4-year,Bachelor's,,,234,0.9098,0.5373,18178,,13920,13920,0.0,40621,36582,40092,20698,62129,0.785,1.013,38.454588,-81.92619
Stylemaster College of Hair Design,Longview,WA,Far West,Private for-profit,Less than 2-year,Certificate,,,50,0.7444,0.5422,9968,,,,0.2308,8953,20770,20580,10548,35737,0.254,0.435,46.136018,-122.934592
Suffolk County Community College,Selden,NY,Mid East,Public,2-year,Associate,,,14218,0.246,0.4596,34579,12429,6630,12460,0.2867,8250,38316,49907,28669,74682,0.684,0.165,40.848963,-73.056165
Suffolk University,Boston,MA,New England,Private nonprofit,4-year,Bachelor's,0.8233,1216,4268,0.2995,0.2965,62281,65281,47550,47550,0.6088,26889,55856,67506,38432,99147,0.834,0.398,42.357945,-71.060917
Sul Ross State University,Alpine,TX,Southwest,Public,4-year,Bachelor's,0.9871,1024,1396,0.5774,0.4627,26794,24529,7592,17672,0.2994,15900,34340,41871,22884,58116,0.698,0.38,30.363139,-103.651469
Sullivan County Community College,Loch Sheldrake,NY,Mid East,Public,2-year,Associate,,,836,0.2805,0.4976,23113,16601,6468,12132,0.3318,10150,33019,38354,21029,56548,0.572,0.265,41.7641,-74.667769
Sullivan University,Louisville,KY,Southeast,Private for-profit,4-year,Associate,,,2026,0.5602,0.4941,22309,31766,15480,15480,0.7099,20000,34516,38008,19868,57015,0.598,0.526,38.212824,-85.670489
Summit Academy Opportunities Industrialization Center,Minneapolis,MN,Plains,Private nonprofit,Less than 2-year,Certificate,,,360,0.7056,0.4903,7656,,,,0.6378,,23930,22606,9209,43289,0.369,,44.983569,-93.292776
Summit College,San Bernardino,CA,Far West,Private for-profit,Less than 2-year,Certificate,,,989,0.6899,0.5703,19049,,,,0.6216,7600,43362,40187,19793,60470,0.525,0.189,34.072073,-117.26818
Summit Salon Academy,Anderson,IN,Great Lakes,Private for-profit,Less than 2-year,Certificate,,,130,0.5095,0.461,21419,,,,0.7973,9833,23921,25337,11761,40763,,0.388,40.063021,-85.654184
Summit Salon Academy,Tacoma,WA,Far West,Private for-profit,2-year,Certificate,,,138,0.4253,0.4527,26312,,,,0.5862,9785,26625,31648,14030,49312,,0.309,47.223485,-122.472325
Summit Salon Academy,Tampa,FL,Southeast,Private for-profit,Less than 2-year,Certificate,,,183,0.4294,0.4595,24573,,,,0.8214,7389,22844,27037,13704,46401,,0.273,28.051825,-82.525411
Summit Salon Academy Kansas City,Independence,MO,Plains,Private for-profit,Less than 2-year,Certificate,,,157,0.6722,0.5821,17238,,,,0.6087,11938,17711,24811,15380,43661,0.366,0.481,39.079093,-94.426462
Summit Salon Academy-Gainesville,Gainesville,FL,Southeast,Private for-profit,Less than 2-year,Certificate,,,83,0.5502,0.4516,16374,,,,0.7576,11000,22020,27856,14438,42170,,0.395,29.654808,-82.416921
Summit Salon Academy-Kokomo,Kokomo,IN,Great Lakes,Private for-profit,Less than 2-year,Certificate,,,98,0.5135,0.6174,19507,,,,0.6757,8973,21353,23226,,38650,,0.386,40.474971,-86.106111
Summit Salon Academy-Lexington,Lexington,KY,Southeast,Private for-profit,Less than 2-year,Certificate,0.8125,,154,0.5856,0.4882,14052,,,,0.5455,7917,18903,24148,11403,39362,,0.328,38.028451,-84.453521
Summit Salon Academy-Perrysburg,Perrysburg,OH,Great Lakes,Private for-profit,2-year,Certificate,,,113,0.2551,,37025,,,,0.85,7917,25769,22606,11463,38111,,0.35,41.54424,-83.620281
Summit Salon Academy-Portland,Tigard,OR,Far West,Private for-profit,2-year,Certificate,,,66,0.6637,0.4848,11006,,,,0.7167,10512,32922,24106,16781,31021,,0.436,45.433994,-122.766574
Sumner College,Portland,OR,Far West,Private for-profit,4-year,Certificate,0.8889,,532,0.3325,0.4082,32309,,,,0.8333,16500,63316,46639,25655,70255,0.616,0.354,45.574935,-122.576024
Suncoast Technical College,Sarasota,FL,Southeast,Public,2-year,Certificate,,,1116,0.1097,0.5134,17740,,,,0.5,,36094,40621,20339,60021,0.479,,27.285486,-82.500827
Surry Community College,Dobson,NC,Southeast,Public,2-year,Certificate,,,1475,0.2766,0.5388,22628,14271,2668,8812,0.064,,30884,36012,21238,51838,0.535,,36.384334,-80.716834
Susquehanna University,Selinsgrove,PA,Mid East,Private nonprofit,4-year,Bachelor's,0.8143,1232,2163,0.249,0.2159,85160,75410,59850,59850,0.8174,27000,51535,61723,43199,84592,0.863,0.437,40.797502,-76.875329
Sussex County Community College,Newton,NJ,Mid East,Public,2-year,Associate,,,2086,0.367,0.4326,38476,14708,5544,9024,0.3697,11000,36934,44664,24917,67845,0.595,0.246,41.067633,-74.758079
Sutter County Career Training Center,Yuba City,CA,Far West,Public,Less than 2-year,Certificate,,,54,0.5909,0.6614,15602,,,,0.8636,9500,34760,34846,17947,49261,,0.273,39.139961,-121.652275
Swarthmore College,Swarthmore,PA,Mid East,Private nonprofit,4-year,Bachelor's,0.0746,1534,1613,0.1948,0.2688,48016,84103,65494,65494,0.9227,17500,56211,80257,50812,138207,0.822,0.218,39.905159,-75.354278
Swedish Institute a College of Health Sciences,New York,NY,Mid East,Private for-profit,2-year,Associate,,,1227,0.75,0.527,13630,35629,27066,27066,0.566,22146,33229,29699,10554,53338,0.593,0.746,40.746384,-73.99567
Sweet Briar College,Sweet Briar,VA,Southeast,Private nonprofit,4-year,Bachelor's,0.7554,1230,443,0.3103,0.232,41827,43898,26160,26160,0.5182,27000,35533,51943,32164,75018,0.755,0.52,37.556725,-79.081014
Sylvain Melloul International Hair Academy,Lynchburg,VA,Southeast,Private for-profit,Less than 2-year,Certificate,,,175,0.5978,0.433,19394,,,,0.5,9500,17502,17106,,30550,,0.555,37.360833,-79.168082
Syracuse University,Syracuse,NY,Mid East,Private nonprofit,4-year,Bachelor's,0.4592,1375,15477,0.1707,0.1887,78436,84517,65528,65528,0.8361,26000,60459,79164,52205,112094,0.868,0.328,43.036644,-76.133989
TC Beauty,Johnson City,TN,Southeast,Private for-profit,Less than 2-year,Certificate,,,100,0.2513,0.528,12539,,,,0.88,7917,22360,21153,11311,39389,,0.374,36.32439,-82.354566
TCAT Athens,Athens,TN,Southeast,Public,2-year,Certificate,,,205,0.3552,0.6327,20481,,,,0.9479,,39516,40540,25245,56534,0.587,,35.442944,-84.630484
TIGI Hairdressing Academy Legacy,Colorado Springs,CO,Rocky Mountains,Private for-profit,Less than 2-year,Certificate,,,72,0.4609,0.4592,21411,,,,0.5987,11008,24891,22480,11011,41424,0.414,0.49,38.905898,-104.777572
Tabor College,Hillsboro,KS,Plains,Private nonprofit,4-year,Bachelor's,0.6458,,494,0.3804,0.314,49304,50350,36200,36200,0.3374,23887,42896,54058,33453,76326,0.742,0.442,38.34858,-97.199773
Tacoma Community College,Tacoma,WA,Far West,Public,4-year,Associate,,,4668,0.258,0.4505,21692,16766,5507,11646,0.3154,13000,38790,47168,25111,71927,0.645,0.276,47.244622,-122.524793
Taft College,Taft,CA,Far West,Public,4-year,Associate,,,3556,0.2418,0.6269,21203,14074,1108,10852,0.2799,,33687,38861,21114,62302,0.647,,35.149343,-119.459751
Talladega College,Talladega,AL,Southeast,Private nonprofit,4-year,Bachelor's,0.8542,,701,0.6662,0.3981,18810,25185,15650,15650,0.3091,28500,22613,32229,17337,48588,0.474,0.884,33.433472,-86.112704
Tallahassee State College,Tallahassee,FL,Southeast,Public,4-year,Associate,,,11053,0.344,0.4187,23457,13378,2026,8062,0.3795,7668,31904,37561,20148,56002,0.598,0.204,30.443866,-84.339
Talmudical Academy-New Jersey,Adelphia,NJ,Mid East,Private nonprofit,4-year,Associate,0.4348,,72,0.5128,,26512,25100,15800,15800,0.6,,,40344,,69208,,,40.217456,-74.250167
Talmudical Seminary Oholei Torah,Brooklyn,NY,Mid East,Private nonprofit,4-year,Bachelor's,0.7719,,400,0.6459,,33800,20353,8750,8750,0.2222,,18369,39230,17974,75530,0.345,,40.670089,-73.945759
Talmudical Seminary of Bobov,Brooklyn,NY,Mid East,Private nonprofit,4-year,Bachelor's,0.9787,,602,0.9689,0.8509,17790,19000,13200,13200,0.3922,,24642,22432,14114,,,,40.634485,-73.995378
Tarleton State University,Stephenville,TX,Southwest,Public,4-year,Bachelor's,0.8955,1075,12673,0.344,0.421,40809,24100,8302,18142,0.4821,19606,46729,53040,35348,73166,0.786,0.37,32.217805,-98.219039
Tarrant County College District,Fort Worth,TX,Southwest,Public,2-year,Associate,,,42300,0.274,0.4921,21937,11130,1863,8370,0.343,9104,34945,42727,22432,63452,0.653,0.213,32.757362,-97.337149
Taylor Andrews Academy of Hair Design-Hair Lab Detroit Barber School,Southgate,MI,Great Lakes,Private for-profit,2-year,Certificate,,,57,0.7436,0.3805,37033,,,,0.7895,10556,24619,36048,22624,49238,,0.293,42.198536,-83.214501
Taylor Andrews Academy of Hair Design-Provo,Provo,UT,Rocky Mountains,Private for-profit,Less than 2-year,Certificate,,,147,0.401,0.3805,37033,,,,0.8333,10556,24619,36048,22624,49238,,0.293,40.261578,-111.669298
Taylor Andrews Academy of Hair Design-West Jordan,West Jordan,UT,Rocky Mountains,Private for-profit,Less than 2-year,Certificate,,,144,0.3856,0.3805,37033,,,,0.717,10556,24619,36048,22624,49238,,0.293,40.586803,-111.934309
Taylor Andrews Academy-St George,St. George,UT,Rocky Mountains,Private for-profit,Less than 2-year,Certificate,,,127,0.3808,,24214,,,,0.8793,7505,17127,17368,,,,0.432,37.101706,-113.534004
Taylor Business Institute,Chicago,IL,Great Lakes,Private for-profit,2-year,Associate,0.9123,,98,0.0432,0.52,0,22775,12000,12000,0.5926,,19077,25559,11744,41050,0.417,,41.881773,-87.626675
Taylor College,Ocala,FL,Southeast,Private for-profit,2-year,Associate,,,308,0.7578,0.4485,26578,27241,14580,14580,0.2727,26250,56897,60311,37184,88367,,0.435,29.189031,-82.102824
Taylor Institute of Cosmetology II,Knox,IN,Great Lakes,Private for-profit,Less than 2-year,Certificate,,,44,0.1754,,12682,,,,0.7273,,14203,14236,,26881,,,41.287712,-86.618158
Taylor University,Upland,IN,Great Lakes,Private nonprofit,4-year,Bachelor's,0.7353,1220,2025,0.1349,0.1457,73593,53405,40490,40490,0.7381,20500,45142,52198,36142,72651,0.694,0.393,40.456246,-85.497034
Teachers College at Columbia University,New York,NY,Mid East,Private nonprofit,4-year,Graduate,,,,,,,,,,,,,73294,61474,,0.927,,40.810216,-73.960194
Technical College of the Lowcountry,Beaufort,SC,Southeast,Public,2-year,Associate,,,1679,0.3299,0.4474,23336,23832,6156,11916,0.1765,10000,34001,35090,19877,53992,0.525,0.285,32.420197,-80.689468
Technical College of the Rockies,Delta,CO,Rocky Mountains,Public,Less than 2-year,Certificate,,,165,0.2402,0.5517,25992,,,,0.9545,4750,38763,45516,23303,69393,0.63,0.104,38.702524,-108.031072
Temple College,Temple,TX,Southwest,Public,2-year,Associate,,,3178,0.3474,0.4645,24785,14200,3000,7224,0.316,12813,34008,38678,20659,58799,0.652,0.331,31.070715,-97.350471
Temple University,Philadelphia,PA,Mid East,Public,4-year,Bachelor's,0.8041,,20970,0.3197,0.2959,59850,40903,23011,38958,0.7505,24395,50860,63727,40592,91581,0.807,0.383,39.980546,-75.156859
Tenaj Salon Institute,The Villages,FL,Southeast,Private for-profit,Less than 2-year,Certificate,,,55,0.5849,0.5152,11723,,,,0.6207,13000,19081,25196,13385,38351,,0.516,28.929944,-82.028094
Tennessee College of Applied Technology Crump,Crump,TN,Southeast,Public,2-year,Certificate,,,388,0.1556,0.6667,14073,,,,0.626,,34740,30796,16233,47798,0.416,,35.221452,-88.319153
Tennessee College of Applied Technology Nashville,Nashville,TN,Southeast,Public,2-year,Certificate,,,759,0.4037,0.5078,17767,,,,0.7034,,32371,38955,18259,58200,0.543,,36.132649,-86.856335
Tennessee College of Applied Technology Northwest,Newbern,TN,Southeast,Public,2-year,Certificate,,,717,0.2424,0.6129,16579,,,,0.6898,,35765,38514,22568,54653,0.515,,36.120067,-89.257582
Tennessee College of Applied Technology-Dickson,Dickson,TN,Southeast,Public,2-year,Certificate,,,714,0.3381,0.5174,18790,,,,0.7449,,37146,36829,18692,53215,0.522,,36.050549,-87.366455
Tennessee College of Applied Technology-Elizabethton,Elizabethton,TN,Southeast,Public,2-year,Certificate,,,546,0.2641,0.6518,15005,,,,0.8111,,34592,35069,20356,49422,0.527,,36.366033,-82.178198
Tennessee College of Applied Technology-Harriman,Harriman,TN,Southeast,Public,2-year,Certificate,,,246,0.2265,0.6219,16908,,,,0.6914,,33786,31591,14698,50998,0.566,,35.966107,-84.517871
Tennessee College of Applied Technology-Hartsville,Hartsville,TN,Southeast,Public,2-year,Certificate,,,247,0.1614,0.5926,22347,,,,0.8247,,35990,40469,24430,57492,0.611,,36.387191,-86.14366
Tennessee College of Applied Technology-Henry/Carroll,Paris,TN,Southeast,Public,2-year,Certificate,,,180,0.6115,0.586,14098,,,,0.7536,,28487,29074,14685,43157,0.453,,36.296408,-88.296432
Tennessee College of Applied Technology-Hohenwald,Hohenwald,TN,Southeast,Public,2-year,Certificate,,,346,0.176,0.5831,19366,,,,0.648,,34628,36106,17854,53850,0.555,,35.551687,-87.573757
Tennessee College of Applied Technology-Jacksboro,LaFollette,TN,Southeast,Public,Less than 2-year,Not classified,,,,,0.6376,11756,,,,,,33918,36449,17921,51924,0.506,,,
Tennessee College of Applied Technology-Jacksboro,Jacksboro,TN,Southeast,Public,2-year,Certificate,,,231,0.4039,0.6376,11756,,,,0.8421,,33918,36449,17921,51924,0.506,,36.3175,-84.208918
Tennessee College of Applied Technology-Jackson,Jackson,TN,Southeast,Public,2-year,Certificate,,,563,0.1494,0.5598,16001,,,,0.7951,,32919,38383,21131,55085,0.508,,35.606795,-88.919805
Tennessee College of Applied Technology-Knoxville,Knoxville,TN,Southeast,Public,2-year,Certificate,,,887,0.3513,0.5711,15934,,,,0.7122,,31891,37235,21463,52489,0.499,,35.957,-83.964151
Tennessee College of Applied Technology-Livingston,Livingston,TN,Southeast,Public,2-year,Certificate,,,340,0.2455,0.5826,19661,,,,0.7771,,31579,33497,18553,46424,0.448,,36.39594,-85.317248
Tennessee College of Applied Technology-McMinnville,McMinnville,TN,Southeast,Public,2-year,Certificate,,,302,0.293,0.6021,17813,,,,0.6667,,38759,40322,20440,53803,0.534,,35.70137,-85.74531
Tennessee College of Applied Technology-Memphis,Memphis,TN,Southeast,Public,2-year,Certificate,,,1391,0.5088,0.4935,14222,,,,0.5479,,29067,31192,15663,50064,0.486,,35.150262,-90.039188
Tennessee College of Applied Technology-Morristown,Morristown,TN,Southeast,Public,2-year,Certificate,,,642,0.5139,0.642,16752,,,,0.7972,,35172,38837,20712,55774,0.518,,36.204643,-83.299503
Tennessee College of Applied Technology-Murfreesboro,Murfreesboro,TN,Southeast,Public,2-year,Certificate,,,709,0.4919,0.5165,21801,,,,0.7615,,38220,40869,22824,59209,0.648,,35.845661,-86.41026
Tennessee College of Applied Technology-Oneida-Huntsville,Huntsville,TN,Southeast,Public,2-year,Certificate,,,171,0.2959,0.6453,13967,,,,0.7391,,31843,31949,15005,46116,0.524,,36.408177,-84.528273
Tennessee College of Applied Technology-Pulaski,Pulaski,TN,Southeast,Public,2-year,Certificate,,,246,0.1974,0.5779,20078,,,,0.747,,36193,40368,24905,56847,0.517,,35.191308,-87.007818
Tennessee College of Applied Technology-Shelbyville,Shelbyville,TN,Southeast,Public,2-year,Certificate,,,412,0.4094,0.5519,23170,,,,0.8056,,38916,38700,21203,57398,0.648,,35.485655,-86.421097
Tennessee College of Applied Technology-Upper Cumberland,Crossville,TN,Southeast,Public,2-year,Certificate,,,360,0.3496,0.6723,15827,,,,0.8413,,32844,35551,18842,50338,0.453,,35.946609,-85.039137
Tennessee School of Beauty of Knoxville Inc,Knoxville,TN,Southeast,Private for-profit,Less than 2-year,Certificate,,,323,0.3551,0.4292,22736,,,,0.8167,6803,23086,19913,9181,36993,0.286,0.342,35.974432,-83.995119
Tennessee State University,Nashville,TN,Southeast,Public,4-year,Bachelor's,0.7011,1000,4848,0.5113,0.3743,25504,25637,8616,22416,0.3399,27000,34160,42730,25972,61975,0.678,0.632,36.166321,-86.828275
Tennessee Technological University,Cookeville,TN,Southeast,Public,4-year,Bachelor's,0.7613,1151,8698,0.309,0.3756,40770,25663,11376,15576,0.5767,15650,43759,48501,33538,71299,0.743,0.323,36.174754,-85.504039
Tennessee Wesleyan University,Athens,TN,Southeast,Private nonprofit,4-year,Bachelor's,0.6885,1090,846,0.3921,0.4147,39880,39440,30814,30814,0.4759,20000,45987,45989,30950,65645,0.732,0.435,35.446331,-84.592728
Terra State Community College,Fremont,OH,Great Lakes,Public,2-year,Certificate,,,1028,0.2724,0.5281,26749,23647,5748,8544,0.3879,17500,35347,36612,19336,55697,0.592,0.478,41.354111,-83.157799
Texarkana College,Texarkana,TX,Southwest,Public,2-year,Associate,,,1502,0.263,0.4739,18354,15998,2476,5332,0.4684,10500,30371,34647,18060,52200,0.517,0.303,33.441868,-94.078
Texas A & M International University,Laredo,TX,Southwest,Public,4-year,Bachelor's,0.4437,993,6667,0.6451,0.4917,24539,15558,7894,19454,0.4647,15000,37327,48386,29365,65061,0.779,0.31,27.571172,-99.436043
Texas A & M University Health Science Center,Bryan,TX,Southwest,Public,4-year,Not classified,,,,,0.2995,58904,,11597,33705,,17804,59386,72097,48234,106337,0.869,0.247,,
Texas A & M University-Corpus Christi,Corpus Christi,TX,Southwest,Public,4-year,Bachelor's,0.8858,1086,8034,0.429,0.3901,37436,25210,9748,20794,0.4015,23000,42933,51865,33062,71968,0.782,0.443,27.713723,-97.32395
Texas A&M University-College Station,College Station,TX,Southwest,Public,4-year,Bachelor's,0.5743,1280,59615,0.1964,0.2995,58904,32696,13154,40124,0.8391,17804,59386,72097,48234,106337,0.869,0.247,30.618726,-96.336475
Texas A&M University-Kingsville,Kingsville,TX,Southwest,Public,4-year,Bachelor's,0.9092,1050,4748,0.5273,0.4588,28201,24060,9892,25746,0.4187,22934,44882,51450,32330,68303,0.735,0.446,27.525168,-97.882387
Texas A&M University-San Antonio,San Antonio,TX,Southwest,Public,4-year,Bachelor's,0.928,955,6599,0.5084,0.5349,24268,21655,9654,23255,0.4017,18401,43479,54338,,64918,,0.339,29.304762,-98.52417
Texas A&M University-Texarkana,Texarkana,TX,Southwest,Public,4-year,Bachelor's,0.6354,,1982,0.5251,0.4751,27758,23778,8349,45080,0.2957,18953,41785,45515,31078,61297,0.733,0.416,33.490482,-94.103617
Texas A&M University-Victoria,Victoria,TX,Southwest,Public,4-year,Bachelor's,0.959,,2513,0.4893,0.4573,27090,21401,7149,16989,0.2638,18973,44888,54467,35230,82094,0.791,0.348,28.816248,-96.976334
Texas Beauty College,Haltom city,TX,Southwest,Private for-profit,Less than 2-year,Certificate,,,38,0.8587,,15993,,,,0.875,,22494,26392,13621,38517,,,32.826045,-97.265311
Texas Christian University,Fort Worth,TX,Southwest,Private nonprofit,4-year,Bachelor's,0.4449,1298,11026,0.1432,0.2041,73000,76604,61740,61740,0.8551,21500,60435,68424,44497,98051,0.83,0.314,32.70961,-97.364758
Texas College,Tyler,TX,Southwest,Private nonprofit,4-year,Bachelor's,,,614,0.8383,0.4511,18562,20339,10008,10008,0.1375,31000,27901,33752,18016,52271,0.489,0.918,32.37456,-95.312454
Texas College of Cosmetology-Abilene,Abilene,TX,Southwest,Private for-profit,Less than 2-year,Certificate,,,40,0.614,0.4569,16204,,,,0.5906,6333,20303,21685,10345,36078,0.267,0.292,32.448891,-99.747159
Texas College of Cosmetology-Lubbock,Lubbock,TX,Southwest,Private for-profit,Less than 2-year,Certificate,,,54,0.5723,0.4569,16204,,,,0.8,6333,20303,21685,10345,36078,0.267,0.292,33.561435,-101.924031
Texas College of Cosmetology-San Angelo,San Angelon,TX,Southwest,Private for-profit,Less than 2-year,Certificate,,,72,0.8472,0.4569,16204,,,,0.6697,6333,20303,21685,10345,36078,0.267,0.292,31.420928,-100.47194
Texas County Technical College,Houston,MO,Plains,Private for-profit,2-year,Certificate,1.0,,96,0.662,0.5746,25880,28916,19025,19025,0.25,13195,42924,40843,22224,59668,0.554,0.323,37.300967,-91.964963
Texas Health School,Houston,TX,Southwest,Private for-profit,2-year,Certificate,,,192,0.6051,0.5303,20158,,,,0.8421,10915,30174,30187,16403,47100,,0.362,29.783709,-95.586269
Texas Lutheran University,Seguin,TX,Southwest,Private nonprofit,4-year,Bachelor's,0.9571,,1304,0.3462,0.3554,62200,50002,36230,36230,0.5385,25000,48125,53863,35261,74010,0.798,0.464,29.573261,-97.982669
Texas Southern University,Houston,TX,Southwest,Public,4-year,Bachelor's,0.9691,914,6844,0.7226,0.388,22141,27052,9173,21473,0.2216,29000,32986,38924,18610,59970,0.601,0.745,29.721046,-95.361113
Texas Southmost College,Brownsville,TX,Southwest,Public,2-year,Associate,,,3372,0.2842,0.5625,18075,10999,3148,4948,0.2984,9000,33992,41900,25319,62985,0.601,0.215,25.899628,-97.492241
Texas State Technical College,Waco,TX,Southwest,Public,2-year,Certificate,,,9437,0.4021,0.5046,23077,20752,7212,11812,0.4552,9500,34758,38916,20505,61396,0.617,0.244,31.639295,-97.08471
Texas State University,San Marcos,TX,Southwest,Public,4-year,Bachelor's,0.8932,1103,36177,0.3724,0.3583,42889,28073,11450,22930,0.5528,21000,46716,56906,38577,80902,0.805,0.369,29.888885,-97.943029
Texas Tech University,Lubbock,TX,Southwest,Public,4-year,Bachelor's,0.7265,1190,32394,0.2775,0.3238,51321,27443,11852,24451,0.6869,21500,52588,62454,41009,91778,0.834,0.344,33.583448,-101.874783
Texas Tech University Health Sciences Center,Lubbock,TX,Southwest,Public,4-year,Bachelor's,,,1482,0.2656,0.4323,45988,,,,,12268,84007,92348,66133,123034,0.915,0.133,33.589284,-101.891915
Texas Wesleyan University,Fort Worth,TX,Southwest,Private nonprofit,4-year,Bachelor's,0.6916,1070,1741,0.4471,0.483,27493,57451,39582,39582,0.3154,23125,44773,54053,31559,68156,0.771,0.428,32.732962,-97.279613
Texas Woman's University,Denton,TX,Southwest,Public,4-year,Bachelor's,0.9612,,8767,0.4201,0.4158,32124,22234,8640,18480,0.4906,19218,48773,56544,35935,77086,0.786,0.34,33.226211,-97.127842
Thaddeus Stevens College of Technology,Lancaster,PA,Mid East,Public,2-year,Associate,0.7122,,1446,0.433,0.4515,39605,18694,9050,9050,0.7073,9990,48985,54681,33778,71532,0.764,0.183,40.037951,-76.288718
Thanh Le College School of Cosmetology,Garden Grove,CA,Far West,Private for-profit,Less than 2-year,Certificate,,,43,0.6386,,11675,,,,0.9375,,11290,13265,5706,29241,0.225,,33.789713,-117.908306
The  Beauty Institute,Whitehall,PA,Mid East,Private for-profit,Less than 2-year,Certificate,,,70,0.7635,0.5804,13214,,,,0.6839,10763,15153,23580,11167,37156,0.437,0.456,40.631236,-75.481024
The Academy of Hair Design LLC,Oklahoma City,OK,Southwest,Private for-profit,Less than 2-year,Certificate,,,56,0.5053,0.4767,16291,,,,1.0,16500,19028,23567,8752,45643,,0.7,35.612955,-97.557189
The Academy of Hair Design Six,Hattiesburg,MS,Southeast,Private for-profit,Less than 2-year,Certificate,,,37,0.8169,,13558,,,,1.0,9500,16382,22706,11717,35537,0.198,0.418,31.310341,-89.31781
The Ailey School,New York,NY,Mid East,Private nonprofit,2-year,Certificate,0.3248,,94,0.2386,,41989,41968,14817,14817,0.8421,17500,23620,22782,,37845,0.549,0.768,40.766921,-73.986891
The Aveda Institute of Beauty and Wellness Chicago,Chicago,IL,Great Lakes,Private for-profit,Less than 2-year,Certificate,,,93,0.3892,0.3911,25473,,,,0.7778,7917,21460,31369,18982,49584,,0.252,41.933493,-87.645838
The Beauty Institute,Philadelphia,PA,Mid East,Private for-profit,Less than 2-year,Not classified,,,,,0.5934,12429,,,,,9583,19887,24785,9703,42279,0.419,0.387,,
The Beauty Institute,West  Palm Beach,FL,Southeast,Private for-profit,Less than 2-year,Certificate,,,18,0.5682,0.425,13443,,,,1.0,,18222,23023,10887,37636,,,26.710119,-80.111689
The Beauty Institute,Stroudsburg,PA,Mid East,Private for-profit,Less than 2-year,Certificate,,,49,0.5745,0.4583,12376,,,,0.76,10830,16568,30577,17433,45745,,0.354,40.989612,-75.223872
The Beauty Institute-Ambler,Ambler,PA,Mid East,Private for-profit,Less than 2-year,Certificate,,,160,0.8421,0.5934,12429,,,,0.6774,9583,19887,24785,9703,42279,0.419,0.387,40.154233,-75.222204
The Catholic University of America,Washington,DC,Mid East,Private nonprofit,4-year,Bachelor's,0.8278,,3154,0.2032,0.1013,114619,75481,58378,58378,0.7947,26000,63217,73250,47330,101075,0.828,0.355,38.933651,-76.997909
The Chicago School at Anaheim,Anaheim,CA,Far West,Private nonprofit,4-year,Graduate,,,,,0.4643,18495,,,,,20000,51817,56899,37351,81942,,0.352,33.804604,-117.882312
The Chicago School at Chicago,Chicago,IL,Great Lakes,Private nonprofit,4-year,Bachelor's,0.3448,,21,0.5484,0.4643,18495,,21780,21780,,20000,51817,56899,37351,81942,,0.352,41.888293,-87.63379
The Chicago School at Dallas,Plano,TX,Southwest,Private nonprofit,4-year,Graduate,,,,,0.4643,18495,,,,,20000,51817,56899,37351,81942,,0.352,,
The Chicago School at Los Angeles,Los Angeles,CA,Far West,Private nonprofit,4-year,Bachelor's,0.4634,,337,0.5648,0.4643,18495,,21780,21780,0.0,20000,51817,56899,37351,81942,,0.352,34.049478,-118.257045
The Chicago School at San Diego,San Diego,CA,Far West,Private nonprofit,4-year,Bachelor's,,,2,0.6,0.4643,18495,,21780,21780,,20000,51817,56899,37351,81942,,0.352,32.718575,-117.167054
The Chicago School at Washington DC,Washington,DC,Mid East,Private nonprofit,4-year,Graduate,,,,,0.4643,18495,,,,,20000,51817,56899,37351,81942,,0.352,38.90163,-77.033071
The Chicago School at Xavier University of Louisiana,New Orleans,LA,Southeast,Private nonprofit,4-year,Graduate,,,,,0.4643,18495,,,,,20000,51817,56899,37351,81942,,0.352,29.964162,-90.107307
The Chicago School-College of Nursing,Richardson,TX,Southwest,Private nonprofit,2-year,Certificate,,,2,0.4483,0.4643,18495,,,,0.2469,20000,51817,56899,37351,81942,,0.352,32.979753,-96.75721
The Christ College of Nursing and Health Sciences,Cincinnati,OH,Great Lakes,Private nonprofit,4-year,Bachelor's,0.5894,1090,713,0.349,0.396,44819,28094,16836,16836,0.5571,24250,64942,68303,45516,83682,0.837,0.355,39.121821,-84.509564
The College of Health Care Professions-Austin,Austin,TX,Southwest,Private for-profit,2-year,Certificate,,,974,0.6721,0.6067,18699,,,,0.6365,9120,34375,38922,23111,52350,0.539,0.234,30.322978,-97.699064
The College of Health Care Professions-Dallas,Dallas,TX,Southwest,Private for-profit,2-year,Certificate,,,720,0.6929,0.6067,18699,,,,0.6253,9120,34375,38922,23111,52350,0.539,0.234,32.830186,-96.875021
The College of Health Care Professions-Fort Worth,Fort Worth,TX,Southwest,Private for-profit,2-year,Certificate,,,1076,0.6037,0.5601,19726,,,,0.7007,9500,31970,33070,17182,48092,0.563,0.287,32.816901,-97.311645
The College of Health Care Professions-McAllen Campus,McAllen,TX,Southwest,Private for-profit,2-year,Certificate,,,787,0.7594,0.5601,19726,,,,0.7684,9500,31970,33070,17182,48092,0.563,0.287,26.239856,-98.234872
The College of Health Care Professions-Northwest,Houston,TX,Southwest,Private for-profit,4-year,Certificate,,,4530,0.6423,0.5601,19726,,,,0.4673,9500,31970,33070,17182,48092,0.563,0.287,29.836247,-95.485204
The College of Health Care Professions-San Antonio,San Antonio,TX,Southwest,Private for-profit,2-year,Certificate,,,766,0.6326,0.5601,19726,,,,0.639,9500,31970,33070,17182,48092,0.563,0.287,29.488876,-98.576627
The College of Health Care Professions-South San Antonio,San Antonio,TX,Southwest,Private for-profit,2-year,Certificate,,,419,0.7623,0.5601,19726,,,,0.7266,9500,31970,33070,17182,48092,0.563,0.287,29.355101,-98.525559
The College of Health Care Professions-Southwest Houston,Houston,TX,Southwest,Private for-profit,2-year,Certificate,,,681,0.7132,0.5601,19726,,,,0.6935,9500,31970,33070,17182,48092,0.563,0.287,29.701897,-95.517146
The College of Idaho,Caldwell,ID,Rocky Mountains,Private nonprofit,4-year,Bachelor's,0.491,1180,1041,0.2517,0.2681,63773,50542,37845,37845,0.6254,24500,42097,48473,28152,71310,0.736,0.505,43.652284,-116.677992
The College of New Jersey,Ewing,NJ,Mid East,Public,4-year,Bachelor's,0.6229,1246,7105,0.2097,0.2052,106390,38860,19632,25752,0.8585,23250,62649,73323,54306,106110,0.888,0.317,40.268651,-74.778791
The College of Saint Scholastica,Duluth,MN,Plains,Private nonprofit,4-year,Bachelor's,0.9296,1120,1765,0.2484,0.285,58385,55103,41778,41778,0.7053,20000,62332,65934,45164,88527,0.848,0.303,46.816082,-92.106134
The College of Westchester,White Plains,NY,Mid East,Private for-profit,4-year,Bachelor's,0.9442,,759,0.6229,0.5079,19616,31660,25191,25191,0.3765,26967,32951,42215,19703,61611,0.658,0.639,41.033687,-73.784404
The College of Wooster,Wooster,OH,Great Lakes,Private nonprofit,4-year,Bachelor's,0.5953,1353,1730,0.209,0.1433,88984,75656,61640,61640,0.7394,26500,43895,59629,41844,79758,0.846,0.444,40.81046,-81.934674
The College of the Florida Keys,Key West,FL,Southeast,Public,4-year,Associate,,,1012,0.2775,0.4185,26806,19667,3276,13162,0.3413,9500,40277,42508,22938,66494,0.632,0.223,24.582748,-81.74446
The Cooper Union for the Advancement of Science and Art,New York,NY,Mid East,Private nonprofit,4-year,Bachelor's,0.2071,1410,842,0.2786,0.1864,38048,64190,46820,46820,0.8111,15000,39707,83847,,115510,0.823,0.179,40.728148,-73.991609
The Evergreen State College,Olympia,WA,Far West,Public,4-year,Bachelor's,0.9637,1216,2160,0.4156,0.3009,22200,28477,9264,31905,0.4074,20500,34774,45320,24244,66437,0.643,0.452,47.07382,-122.977492
The Hair Academy,Bismarck,ND,Plains,Private for-profit,Less than 2-year,Certificate,,,65,0.4359,,35266,,,,0.9545,11630,28950,31370,,42140,,0.371,46.805857,-100.76032
The Hair Academy LLC,Fayetteville,TN,Southeast,Private for-profit,Less than 2-year,Certificate,,,82,0.6102,,14180,,,,0.8529,7917,15359,22193,14173,37576,0.186,0.357,35.153449,-86.576906
The Institute of Beauty and Wellness,Milwaukee,WI,Great Lakes,Private for-profit,Less than 2-year,Certificate,,,186,0.5372,0.3894,26230,,,,0.902,6333,31535,31723,14066,54006,,0.2,43.03494,-87.906535
The Institute of Beauty and Wellness Madison,Madison,WI,Great Lakes,Private for-profit,Less than 2-year,Certificate,,,88,0.3061,0.3894,26230,,,,0.9722,6333,31535,31723,14066,54006,,0.2,43.072676,-89.398711
The Juilliard School,New York,NY,Mid East,Private nonprofit,4-year,Bachelor's,0.0915,,468,0.1389,,62436,83892,57950,57950,0.9256,25500,22129,37827,18837,57977,0.578,0.674,40.773725,-73.982913
The King's University,Southlake,TX,Southwest,Private nonprofit,4-year,Bachelor's,0.6064,,251,0.386,0.4,35185,18075,12480,12480,0.4737,27000,30883,41471,18321,62440,0.596,0.651,32.93973,-97.121526
The Landing School,Arundel,ME,New England,Private nonprofit,2-year,Certificate,,,32,0.093,,34219,42868,29060,29060,1.0,,,65849,,87483,,,43.380492,-70.503619
The Master's University and Seminary,Santa Clarita,CA,Far West,Private nonprofit,4-year,Bachelor's,0.8402,,1622,0.2124,0.2283,62836,54845,39020,39020,0.6773,20500,41665,57106,30389,83256,0.68,0.359,34.381755,-118.518193
The Modern College of Design,Kettering,OH,Great Lakes,Private for-profit,4-year,Associate,0.917,,211,0.5333,0.3641,61366,47229,31468,31468,0.6905,12000,36074,42187,27487,65023,0.667,0.284,39.681305,-84.134269
The New England Conservatory of Music,Boston,MA,New England,Private nonprofit,4-year,Bachelor's,0.411,,393,0.0738,,90092,81277,60750,60750,0.7339,27000,18830,34483,12465,64792,0.529,0.783,42.340946,-71.08629
The New School,New York,NY,Mid East,Private nonprofit,4-year,Bachelor's,0.6347,,6563,0.1501,0.1944,42578,88284,58694,58694,0.6937,22266,38210,52901,21048,88619,0.692,0.421,40.735508,-73.997114
The Omega Studios' School of Applied Arts & Sciences,Rockville,MD,Mid East,Private for-profit,Less than 2-year,Certificate,,,82,0.2222,0.3053,36787,,,,,5500,26378,46719,18126,63769,,0.118,39.06427,-77.113268
The Professional Hair Design Academy,Eau Claire,WI,Great Lakes,Private for-profit,2-year,Certificate,,,60,0.3592,,20739,,,,0.7647,,19485,29587,12301,42176,0.327,,44.783374,-91.461714
The Salon Professional Academy,Dagsboro,DE,Mid East,Private for-profit,Less than 2-year,Certificate,,,81,0.4323,,22718,,,,0.8846,6333,27876,23718,11055,41989,,0.267,38.541187,-75.256051
The Salon Professional Academy,Rapid City,SD,Plains,Private for-profit,Less than 2-year,Certificate,,,80,0.4327,0.4632,23381,,,,0.7931,8500,25321,23641,10834,35782,0.386,0.36,44.086343,-103.194526
The Salon Professional Academy-Altoona,Altoona,PA,Mid East,Private for-profit,Less than 2-year,Certificate,,,83,0.4202,,25848,,,,0.9091,6333,29764,20809,9721,35549,0.24,0.304,40.467868,-78.404069
The Salon Professional Academy-Appleton,Appleton,WI,Great Lakes,Private for-profit,2-year,Certificate,,,81,0.3594,,33093,,,,0.8182,9991,25461,32317,15722,45453,,0.309,44.26019,-88.457898
The Salon Professional Academy-Battle Creek,Battle Creek,MI,Great Lakes,Private for-profit,Less than 2-year,Certificate,,,49,0.6364,,16421,,,,0.8,6333,17593,21504,9595,35350,,0.295,42.297776,-85.224127
The Salon Professional Academy-Cedar Falls,Cedar Falls,IA,Plains,Private for-profit,Less than 2-year,Certificate,,,91,0.4264,0.6,20845,,,,0.5217,12500,10696,20955,9336,33657,0.268,0.597,42.511022,-92.433262
The Salon Professional Academy-Colorado Springs,Colorado Springs,CO,Rocky Mountains,Private for-profit,Less than 2-year,Certificate,,,121,0.8529,0.3226,19091,,,,0.6552,6333,29698,28934,14838,40703,,0.219,38.896966,-104.750884
The Salon Professional Academy-Evansville,Evansville,IN,Great Lakes,Private for-profit,Less than 2-year,Certificate,,,162,0.1935,0.5229,26403,,,,0.8095,9833,20637,26881,15982,41049,,0.366,37.98732,-87.483521
The Salon Professional Academy-Fargo,Fargo,ND,Plains,Private for-profit,Less than 2-year,Certificate,,,95,0.2823,,49358,,,,0.6,12000,31723,31497,15824,42954,,0.381,46.859013,-96.858729
The Salon Professional Academy-Ft Myers,Fort Myers,FL,Southeast,Private for-profit,Less than 2-year,Certificate,,,112,0.2083,0.6286,20270,,,,0.6667,9500,24671,26408,16491,44873,,0.36,26.595568,-81.887326
The Salon Professional Academy-Kenosha,Kenosha,WI,Great Lakes,Private for-profit,Less than 2-year,Certificate,,,130,0.6794,0.5823,20654,,,,0.7,6333,25412,24941,14413,36151,,0.254,42.55804,-87.853088
The Salon Professional Academy-Lewisville,Lewisville,TX,Southwest,Private for-profit,Less than 2-year,Certificate,,,132,0.3388,0.5758,24819,,,,0.75,7917,24799,29145,9684,53365,,0.272,33.005024,-96.964907
The Salon Professional Academy-Melbourne,Melbourne,FL,Southeast,Private for-profit,Less than 2-year,Certificate,,,163,0.4632,0.4419,13607,,,,0.8551,7528,22621,16515,7246,33330,0.274,0.456,28.081445,-80.651439
The Salon Professional Academy-Nampa,Nampa,ID,Rocky Mountains,Private for-profit,Less than 2-year,Certificate,,,111,0.4699,,16870,,,,0.9048,6333,14170,18095,9088,37547,0.236,0.35,43.567768,-116.563413
The Salon Professional Academy-Onalaska,Onalaska,WI,Great Lakes,Private for-profit,2-year,Certificate,,,67,0.4188,0.3571,25784,,,,0.9333,8374,28576,30744,14178,44090,,0.272,43.87382,-91.19732
The Salon Professional Academy-St Charles,St. Charles,MO,Plains,Private for-profit,Less than 2-year,Certificate,,,132,0.3462,0.4,24582,,,,0.9206,8589,26030,34900,20542,50471,,0.246,38.788891,-90.538719
The Salon Professional Academy-Tonawanda,Tonawanda,NY,Mid East,Private for-profit,Less than 2-year,Certificate,,,142,0.369,0.3088,22197,,,,0.7121,6333,23545,26460,16658,40855,,0.239,42.981584,-78.824364
The Salon Professional Academy-Washington DC,Washington,DC,Mid East,Private for-profit,Less than 2-year,Certificate,,,117,0.1659,,25848,,,,0.5068,6333,29764,20809,9721,35549,0.24,0.304,38.90294,-77.006322
The Spa School,Columbus,OH,Great Lakes,Private for-profit,2-year,Certificate,,,111,0.4853,0.4636,26664,,,,0.6977,7916,25324,26989,13163,48300,0.487,0.293,40.065397,-83.018081
The Temple Annapolis-A Paul Mitchell Partner School,Annapolis,MD,Mid East,Private for-profit,Less than 2-year,Certificate,,,202,0.4522,0.4812,23126,,,,0.8519,9833,24137,27891,11702,44196,,0.353,38.980115,-76.543104
The Temple-A Paul Mitchell Partner School,Frederick,MD,Mid East,Private for-profit,Less than 2-year,Certificate,,,140,0.3773,0.4812,23126,,,,0.8889,9833,24137,27891,11702,44196,,0.353,39.415249,-77.411651
The University of Alabama,Tuscaloosa,AL,Southeast,Public,4-year,Bachelor's,0.7665,1285,33227,0.184,0.2257,66734,33382,12180,34172,0.7337,22750,52233,59221,39848,87405,0.786,0.384,33.211875,-87.545978
The University of Arizona Global Campus,Chandler,AZ,Southwest,Public,4-year,Bachelor's,,,20152,0.3207,0.5429,17066,37594,11960,11960,0.1068,31250,33397,35404,17745,55420,0.748,0.883,32.8273,-117.141961
The University of Findlay,Findlay,OH,Great Lakes,Private nonprofit,4-year,Bachelor's,0.8337,,2223,0.1469,0.2931,67984,54580,41164,41164,0.5786,25439,49757,56996,38423,83667,0.777,0.446,41.053344,-83.652313
The University of Montana,Missoula,MT,Rocky Mountains,Public,4-year,Bachelor's,0.9586,1190,7488,0.2803,0.3023,36050,23570,8552,33671,0.4796,22400,35729,44511,25532,67661,0.679,0.503,46.859312,-113.982912
The University of Montana-Western,Dillon,MT,Rocky Mountains,Public,4-year,Bachelor's,0.9978,,1198,0.3521,0.3597,42280,21403,6670,20130,0.5125,21000,37252,43229,27972,61326,0.616,0.486,45.208306,-112.639264
The University of Olivet,Olivet,MI,Great Lakes,Private nonprofit,4-year,Bachelor's,0.8325,,892,0.4947,0.3344,48628,47069,34068,34068,0.3527,27000,42637,47907,30603,64105,0.717,0.564,42.442891,-84.923891
The University of Tampa,Tampa,FL,Southeast,Private nonprofit,4-year,Bachelor's,0.4034,,10572,0.1516,0.2524,75458,51614,34408,34408,0.637,24211,48397,59436,38879,87838,0.813,0.407,27.948455,-82.46483
The University of Tennessee Health Science Center,Memphis,TN,Southeast,Public,4-year,Bachelor's,,,394,0.1569,0.2925,29611,,,,,12500,68668,66318,53909,87229,,0.188,35.138847,-90.033196
The University of Tennessee Southern,Pulaski,TN,Southeast,Public,4-year,Bachelor's,0.8671,1083,864,0.3626,0.4103,29930,24750,10924,10924,0.369,21500,36151,38924,22783,55993,0.618,0.552,35.201019,-87.035661
The University of Tennessee-Chattanooga,Chattanooga,TN,Southeast,Public,4-year,Bachelor's,0.8109,1147,10074,0.328,0.2933,46549,25489,10448,18512,0.5024,19500,42209,51151,33200,74361,0.722,0.381,35.047519,-85.300247
The University of Tennessee-Knoxville,Knoxville,TN,Southeast,Public,4-year,Bachelor's,0.416,1311,30418,0.1889,0.2454,54206,33678,13812,33256,0.7392,20500,47782,60249,39008,88456,0.784,0.34,35.952082,-83.925852
The University of Tennessee-Martin,Martin,TN,Southeast,Public,4-year,Bachelor's,0.882,1120,4866,0.3442,0.3911,35300,23079,10560,16600,0.5254,21024,38863,44213,30431,61331,0.701,0.476,36.340338,-88.864211
The University of Texas Health Science Center at Houston,Houston,TX,Southwest,Public,4-year,Bachelor's,,,465,0.5087,0.4072,34136,,,,,13063,89371,88757,58915,115506,0.912,0.147,29.702873,-95.403183
The University of Texas Health Science Center at San Antonio,San Antonio,TX,Southwest,Public,4-year,Bachelor's,,,930,0.3333,0.3714,30474,,,,,15000,73887,82206,58134,108388,0.921,0.182,29.508107,-98.575655
The University of Texas MD Anderson Cancer Center,Houston,TX,Southwest,Public,4-year,Bachelor's,,,334,0.3416,0.4558,18609,,,,,12500,72924,90232,67740,115697,0.921,0.139,29.707016,-95.396804
The University of Texas Medical Branch at Galveston,Galveston,TX,Southwest,Public,4-year,Bachelor's,,,545,0.3363,0.3766,43436,,,,,13396,82535,92961,67466,122608,0.931,0.144,29.310758,-94.775956
The University of Texas Permian Basin,Odessa,TX,Southwest,Public,4-year,Bachelor's,0.9489,1033,3911,0.3869,0.4621,34856,23886,9236,21504,0.3967,17750,50020,56073,37375,78631,0.8,0.317,31.889509,-102.329634
The University of Texas Rio Grande Valley,Edinburg,TX,Southwest,Public,4-year,Bachelor's,0.9419,985,28666,0.6508,0.526,21058,16830,9987,19827,0.509,12950,35812,49620,29401,66597,0.727,0.261,26.306759,-98.173567
The University of Texas at Arlington,Arlington,TX,Southwest,Public,4-year,Bachelor's,0.799,1124,32294,0.423,0.4377,36454,25261,11950,29582,0.5402,17527,60902,63199,41572,91958,0.81,0.277,32.729718,-97.11296
The University of Texas at Austin,Austin,TX,Southwest,Public,4-year,Bachelor's,0.2664,1395,42855,0.2585,0.2752,53018,31247,11688,44908,0.889,20500,60896,75121,50527,116556,0.859,0.273,30.282825,-97.738273
The University of Texas at Dallas,Richardson,TX,Southwest,Public,4-year,Bachelor's,0.6513,1286,21751,0.2997,0.314,36564,29807,14644,40144,0.7569,18000,57249,68227,44421,101340,0.839,0.264,32.984673,-96.749702
The University of Texas at El Paso,El Paso,TX,Southwest,Public,4-year,Bachelor's,0.9992,962,21005,0.6161,0.4064,23733,19836,9744,25502,0.5017,18000,37978,50923,29422,70184,0.719,0.353,31.77015,-106.504098
The University of Texas at San Antonio,San Antonio,TX,Southwest,Public,4-year,Bachelor's,0.8679,1105,30580,0.4406,0.3885,36360,22352,9011,22051,0.5264,20500,46340,57131,37060,80771,0.795,0.359,29.583709,-98.620657
The University of Texas at Tyler,Tyler,TX,Southwest,Public,4-year,Bachelor's,0.9402,1114,7440,0.3974,0.3912,33582,24505,9736,25494,0.5413,17137,49355,57053,36917,83095,0.784,0.3,32.315772,-95.254337
The University of the South,Sewanee,TN,Southeast,Private nonprofit,4-year,Bachelor's,0.569,1344,1607,0.1585,0.1324,79417,71986,56120,56120,0.7979,22855,53456,64911,39809,99334,0.768,0.352,35.204719,-85.920179
Thiel College,Greenville,PA,Mid East,Private nonprofit,4-year,Bachelor's,0.7155,,788,0.4078,0.3156,53480,53202,38344,38344,0.4873,27000,40686,49714,34546,71007,0.722,0.543,41.41354,-80.384383
Thomas Aquinas College,Santa Paula,CA,Far West,Private nonprofit,4-year,Bachelor's,0.8309,1329,566,0.2672,,97358,43426,30200,30200,0.843,18000,40605,55619,22141,79990,0.699,0.324,34.429009,-119.087141
Thomas Aquinas College - New England,Northfield,MA,New England,Private nonprofit,4-year,Not classified,,,,,,97358,,30200,30200,,18000,40605,55619,22141,79990,0.699,0.324,,
Thomas College,Waterville,ME,New England,Private nonprofit,4-year,Bachelor's,0.963,,647,0.1815,0.3787,51444,47198,31824,31824,0.5369,24250,40495,44991,30577,53883,0.733,0.539,44.524909,-69.664734
Thomas Edison State University,Trenton,NJ,Mid East,Public,4-year,Bachelor's,,,6707,0.2367,0.4447,34693,,6838,8856,,12500,65570,69331,43217,102881,0.771,0.18,40.220487,-74.768562
Thomas Jefferson University,Philadelphia,PA,Mid East,Private nonprofit,4-year,Bachelor's,0.8097,1243,3755,0.3747,0.3298,39996,64197,47505,47505,0.6857,14744,64335,77449,48715,102493,0.934,0.19,39.948274,-75.158266
Thomas M Cooley Law School,Lansing,MI,Great Lakes,Private nonprofit,4-year,Graduate,,,,,,,,,,,,,63450,25830,86073,,,42.731,-84.554429
Thomas More College of Liberal Arts,Merrimack,NH,New England,Private nonprofit,4-year,Bachelor's,,,97,0.4455,,63043,42082,30400,30400,0.625,25000,40173,53565,,,,0.467,42.80683,-71.48437
Thomas More University,Crestview Hills,KY,Southeast,Private nonprofit,4-year,Bachelor's,0.9035,1180,1293,0.2305,0.3682,59077,49452,39800,39800,0.405,26236,47148,59384,40106,82627,0.821,0.442,39.022963,-84.568923
Thomas University,Thomasville,GA,Southeast,Private nonprofit,4-year,Bachelor's,0.383,1072,998,0.5535,0.4551,32268,23079,11640,11640,0.2754,21198,45305,49716,31997,74817,0.685,0.426,30.815576,-83.963587
Three Rivers College,Poplar Bluff,MO,Plains,Public,2-year,Associate,,,1844,0.4881,0.5612,18333,18637,4950,6180,0.3333,10000,29566,32442,17809,50404,0.514,0.308,36.776571,-90.429769
Tidewater Community College,Norfolk,VA,Southeast,Public,2-year,Associate,,,12082,0.3006,0.4159,23027,19788,5588,12296,0.3171,10000,32700,38349,19562,58123,0.605,0.261,36.85009,-76.291376
Tidewater Tech-East Little Creek,Norfolk,VA,Southeast,Private for-profit,Less than 2-year,Certificate,,,133,,0.5117,14074,,16337,16337,,9500,36833,31657,14476,51618,,0.3,36.914496,-76.216355
Tidewater Tech-Trades,Norfolk,VA,Southeast,Private for-profit,Less than 2-year,Certificate,,,367,0.5953,0.5117,14074,31796,16337,16337,0.7143,9500,36833,31657,14476,51618,,0.3,36.866307,-76.234223
Tiffin Academy of Hair Design,Tiffin,OH,Great Lakes,Private for-profit,Less than 2-year,Certificate,,,48,0.5867,,20212,,,,0.5789,,21733,25036,9659,38000,0.303,,41.114497,-83.175814
Tiffin University,Tiffin,OH,Great Lakes,Private nonprofit,4-year,Bachelor's,0.8005,986,2051,0.3147,0.3843,42858,48004,34790,34790,0.3987,27000,42475,35942,17173,53905,0.745,0.751,41.118316,-83.184197
Tint School of Makeup & Cosmetology,Irving,TX,Southwest,Private for-profit,Less than 2-year,Certificate,,,44,0.4756,0.4924,17212,,,,0.6667,6333,23458,26381,13606,42782,0.3,0.24,32.829511,-96.983082
Tint School of Makeup & Cosmetology-Plano,Plano,TX,Southwest,Private for-profit,Less than 2-year,Certificate,,,,,0.4924,17212,,,,,6333,23458,26381,13606,42782,0.3,0.24,,
Tint School of Makeup and Cosmetology-Dallas,Grand Prairie,TX,Southwest,Private for-profit,Less than 2-year,Certificate,,,220,0.5782,0.4924,17212,,,,0.5,6333,23458,26381,13606,42782,0.3,0.24,32.710362,-97.009636
Toccoa Falls College,Toccoa Falls,GA,Southeast,Private nonprofit,4-year,Bachelor's,0.6596,1130,875,0.1611,0.2996,39310,37561,23950,23950,0.4366,22250,33131,36630,21730,53553,0.54,0.607,34.593414,-83.357617
Tohono O'odham Community College,Sells,AZ,Southwest,Public,2-year,Associate,,,998,0.2696,0.5778,15991,8282,932,932,0.3448,,32647,39229,25122,47694,,,31.989869,-111.715445
Toledo Public Schools Adult and Continuing Education,Toledo,OH,Great Lakes,Public,2-year,Certificate,,,33,0.8049,0.6115,16972,,,,0.68,8848,35706,51691,24783,69084,0.624,0.171,41.669101,-83.55407
Tom P. Haney Technical College,Panama City,FL,Southeast,Public,Less than 2-year,Certificate,,,453,0.4548,0.532,16344,,,,0.6138,,30410,28254,12934,44903,0.473,,30.203363,-85.646585
Tompkins Cortland Community College,Dryden,NY,Mid East,Public,2-year,Associate,,,1469,0.1675,0.4035,26771,20222,6970,12855,0.2555,15750,33296,40707,21710,58991,0.606,0.387,42.502006,-76.287586
Toni & Guy Hairdressing Academy-Shoreline,Shoreline,WA,Far West,Private for-profit,Less than 2-year,Certificate,,,131,0.3364,0.4419,27886,,,,0.7368,9090,28720,29827,11084,46572,0.473,0.305,47.761696,-122.344548
Total Image Beauty Academy,Union City,NJ,Mid East,Private for-profit,Less than 2-year,Certificate,,,204,0.422,,9848,,,,0.9859,8500,11180,18720,9384,,,0.454,40.77578,-74.026091
Tougaloo College,Tougaloo,MS,Southeast,Private nonprofit,4-year,Bachelor's,0.5985,,639,0.6273,0.2978,19454,24239,12407,12407,0.3311,30046,25777,34724,20123,51844,0.518,0.865,32.403014,-90.16076
Touro University,New York,NY,Mid East,Private nonprofit,4-year,Bachelor's,0.6083,1348,4040,0.302,0.3828,24128,40500,22450,22450,0.7239,15547,43510,53419,24108,86163,0.554,0.291,40.756832,-73.987049
Touro University California,Vallejo,CA,Far West,Private nonprofit,4-year,Graduate,,,23,,0.3059,31430,,20005,20005,,12500,92446,104805,80028,155749,,0.119,38.085479,-122.263949
Touro University Nevada,Henderson,NV,Far West,Private nonprofit,4-year,Bachelor's,,,22,0.1579,0.3059,31430,,,,,12500,92446,104805,80028,155749,,0.119,36.043189,-115.024012
Touro University Worldwide,Los Alamitos,CA,Far West,Private nonprofit,4-year,Bachelor's,,,454,0.5122,0.4027,22672,29016,14600,14600,0.2857,25000,48057,40803,,103296,,0.613,33.808683,-118.057754
Towson University,Towson,MD,Mid East,Public,4-year,Bachelor's,0.8197,1095,16136,0.3579,0.2896,59362,28535,11728,29820,0.6946,18718,54302,64390,43971,88498,0.84,0.291,39.393622,-76.611164
Transylvania University,Lexington,KY,Southeast,Private nonprofit,4-year,Bachelor's,0.8655,1287,1005,0.2625,0.1636,84264,60993,46870,46870,0.7148,27000,40447,54705,35279,82391,0.827,0.494,38.052983,-84.493202
Traviss Technical College,Lakeland,FL,Southeast,Public,2-year,Certificate,,,460,0.3629,0.5273,16670,,,,0.902,,34550,39813,22593,56020,0.562,,27.995822,-81.892381
Traviss Technical College - ATCFO,Bartow,FL,Southeast,Public,2-year,Not classified,,,,,0.5273,16670,,,,,,34550,39813,22593,56020,0.562,,,
Traxlers School of Hair,Jackson,MS,Southeast,Private for-profit,Less than 2-year,Certificate,,,98,0.7484,,9297,,,,1.0,,13589,16249,,35007,,,32.268023,-90.261863
Treasure Valley Community College,Ontario,OR,Far West,Public,2-year,Certificate,,,1193,0.6154,0.4815,26400,14990,6345,6795,0.3675,12000,33234,36738,19446,53615,0.543,0.327,44.020811,-116.974487
Trend Barber College,Houston,TX,Southwest,Private for-profit,Less than 2-year,Certificate,,,30,0.8438,0.5714,8962,,,,0.4839,12794,13918,16575,6604,35997,,0.772,29.65621,-95.522116
Trend Barber College,Houston,TX,Southwest,Private for-profit,Less than 2-year,Certificate,,,61,0.7554,0.5714,8962,,,,0.5612,12794,13918,16575,6604,35997,,0.772,29.982205,-95.435485
Trend Setters School,Cape Girardeau,MO,Plains,Private for-profit,Less than 2-year,Certificate,,,65,0.7157,,,,,,0.7361,10667,19844,23185,12228,33987,,0.46,37.285482,-89.556451
Trendsetters School of Beauty & Barbering,Jacksonville,FL,Southeast,Private for-profit,Less than 2-year,Certificate,,,18,0.4242,,9734,,,,1.0,11211,21147,25222,9891,,,0.444,30.30832,-81.741549
Trevecca Nazarene University,Nashville,TN,Southeast,Private nonprofit,4-year,Bachelor's,0.6944,1091,1737,0.3229,0.3916,40243,41548,31300,31300,0.5315,18744,46065,49378,30775,77968,0.737,0.38,36.141324,-86.754238
Tri-County Adult Career Center,Nelsonville,OH,Great Lakes,Public,Less than 2-year,Certificate,,,7,0.1364,,13383,,,,0.8519,,23359,26129,,35943,,,39.433202,-82.210554
Tri-County Community College,Murphy,NC,Southeast,Public,2-year,Associate,,,472,0.289,0.459,20534,18830,2636,8780,0.5429,,27374,32232,15228,48314,0.401,,35.067021,-83.966476
Tri-County Technical College,Pendleton,SC,Southeast,Public,2-year,Certificate,,,5071,0.3566,0.3888,31461,25057,4448,11815,0.4243,9000,37275,40101,22733,60526,0.545,0.224,34.641914,-82.792015
Tri-Rivers Career Center,Marion,OH,Great Lakes,Public,Less than 2-year,Certificate,,,151,0.456,0.5755,26702,,,,0.7143,10665,49514,48707,30354,70600,0.641,0.219,40.583077,-83.069824
Tri-State Bible College,South Point,OH,Great Lakes,Private nonprofit,4-year,Bachelor's,,,17,0.6,,11956,,9100,9100,0.0,,,31675,,60624,,,38.426238,-82.579887
Tri-State Cosmetology Institute,El Paso,TX,Southwest,Private for-profit,Less than 2-year,Certificate,,,126,0.6651,0.5243,15414,,,,0.8846,5735,17832,18157,8924,30705,0.236,0.316,31.749969,-106.3372
Tricoci University of Beauty Culture,Urbana,IL,Great Lakes,Private for-profit,Less than 2-year,Certificate,,,173,0.6331,0.4877,15212,,,,0.5263,9000,14697,18077,9096,31956,0.356,0.498,40.117724,-88.205972
Tricoci University of Beauty Culture LLC-Bloomington,Bloomington,IN,Great Lakes,Private for-profit,Less than 2-year,Certificate,,,109,0.5079,,14668,,,,0.8462,7307,22886,27925,9661,37085,,0.262,39.181606,-86.536403
Tricoci University of Beauty Culture-Bridgeview,Bridgeview,IL,Great Lakes,Private for-profit,Less than 2-year,Certificate,,,470,0.6579,0.531,17163,,,,0.6667,7307,23411,25671,13425,44034,,0.285,41.734829,-87.80309
Tricoci University of Beauty Culture-Chicago NE,Chicago,IL,Great Lakes,Private for-profit,Less than 2-year,Certificate,,,160,0.613,0.4873,15564,,,,0.5294,7307,23925,27330,10389,51537,,0.267,41.999802,-87.660911
Tricoci University of Beauty Culture-Chicago NW,Chicago,IL,Great Lakes,Private for-profit,Less than 2-year,Certificate,,,216,0.6134,0.5165,16010,,,,0.0,7307,26325,28554,10082,46264,,0.256,41.97766,-87.806767
Tricoci University of Beauty Culture-Elgin,Elgin,IL,Great Lakes,Private for-profit,Less than 2-year,Certificate,,,138,0.4741,0.5302,25707,,,,0.8889,7307,27052,35650,,47681,,0.205,42.026819,-88.341498
Tricoci University of Beauty Culture-Glendale Heights,Glendale Heights,IL,Great Lakes,Private for-profit,Less than 2-year,Certificate,,,132,0.5523,0.4873,15564,,,,,7307,23925,27330,10389,51537,,0.267,41.90467,-88.065213
Tricoci University of Beauty Culture-Highland,Highland,IN,Great Lakes,Private for-profit,Less than 2-year,Certificate,,,319,0.5919,0.4871,18036,,,,0.75,7307,24828,22374,10343,38552,0.25,0.327,41.555885,-87.467018
Tricoci University of Beauty Culture-Indianapolis,Indianapolis,IN,Great Lakes,Private for-profit,Less than 2-year,Certificate,,,346,0.6025,0.4515,17538,,,,0.5455,7307,24769,26446,13766,43853,,0.276,39.928723,-86.03113
Tricoci University of Beauty Culture-Janesville,Janesville,WI,Great Lakes,Private for-profit,Less than 2-year,Certificate,,,102,0.5509,,14486,,,,,9333,26036,23149,10635,36545,,0.403,42.679712,-89.04895
Tricoci University of Beauty Culture-Lafayette,Lafayette,IN,Great Lakes,Private for-profit,Less than 2-year,Certificate,,,126,0.6284,0.4515,17538,,,,1.0,7307,24769,26446,13766,43853,,0.276,40.419818,-86.887007
Tricoci University of Beauty Culture-Libertyville,Libertyville,IL,Great Lakes,Private for-profit,Less than 2-year,Certificate,,,162,0.5318,0.5302,25707,,,,0.8421,7307,27052,35650,,47681,,0.205,42.28167,-87.942702
Tricoci University of Beauty Culture-Normal,Normal,IL,Great Lakes,Private for-profit,Less than 2-year,Certificate,,,171,0.4615,0.4824,19195,,,,0.7857,7307,19172,26236,10603,38698,,0.279,40.531563,-89.001721
Tricoci University of Beauty Culture-Peoria,Peoria,IL,Great Lakes,Private for-profit,Less than 2-year,Certificate,,,125,0.5745,0.4824,19195,,,,1.0,7307,19172,26236,10603,38698,,0.279,40.746311,-89.601356
Tricoci University of Beauty Culture-Rockford,Rockford,IL,Great Lakes,Private for-profit,Less than 2-year,Certificate,,,170,0.6074,0.5158,13088,,,,0.7778,7307,18996,25109,9572,40499,,0.291,42.263898,-89.009435
Trident Technical College,Charleston,SC,Southeast,Public,2-year,Associate,,,10512,0.2824,0.4283,22385,13408,4546,8620,0.2963,13029,33306,38253,20578,58165,0.59,0.341,32.928767,-80.031276
Trine University,Angola,IN,Great Lakes,Private nonprofit,4-year,Bachelor's,0.8548,,2324,0.1556,0.3216,56102,51109,36560,36560,0.6438,25000,53010,57165,38069,82880,0.779,0.437,41.632502,-85.008009
Trine University-Regional/Non-Traditional Campuses,Angola,IN,Great Lakes,Private nonprofit,4-year,Bachelor's,0.3986,,607,0.1802,0.3216,56102,26786,7176,7176,0.0,25000,53010,57165,38069,82880,0.779,0.437,41.632502,-85.008009
Trinidad State College,Trinidad,CO,Rocky Mountains,Public,4-year,Certificate,,,1188,0.4535,0.5574,21972,21458,4608,7318,0.545,8908,36025,36475,16738,58823,0.501,0.244,37.172059,-104.513451
Trinity Bible College and Graduate School,Ellendale,ND,Plains,Private nonprofit,4-year,Bachelor's,0.2575,,141,0.6181,0.3193,36727,31544,19700,19700,0.4595,22531,29234,35604,21765,53422,0.544,0.633,46.001037,-98.517906
Trinity Christian College,Palos Heights,IL,Great Lakes,Private nonprofit,4-year,Bachelor's,0.8492,1157,820,0.3458,0.3291,50000,35012,20605,20605,0.5752,25009,48107,55700,37795,75406,0.753,0.449,41.667687,-87.783973
Trinity College,Hartford,CT,New England,Private nonprofit,4-year,Bachelor's,0.2925,1415,2146,0.1377,0.1785,99076,87840,70770,70770,0.8377,23000,67628,90779,64313,139476,0.875,0.253,41.747451,-72.690882
Trinity College of Florida,Trinity,FL,Southeast,Private nonprofit,4-year,Bachelor's,0.9189,,148,0.4762,0.4112,29824,24904,16300,16300,0.0,23250,29914,32465,14547,52613,0.57,0.716,28.194732,-82.678318
Trinity College of Jacksonville,Jacksonville,FL,Southeast,Private nonprofit,4-year,Bachelor's,0.5328,907,386,0.5013,0.3406,32858,26995,15100,15100,0.3418,24250,33640,37275,25053,56949,0.546,0.651,30.311171,-81.79626
Trinity College of Nursing & Health Sciences,Rock Island,IL,Great Lakes,Private nonprofit,4-year,Bachelor's,,,56,0.5424,0.4106,34861,,,,,24000,62487,58743,40887,80204,0.798,0.409,41.484924,-90.568862
Trinity Health System School of Nursing,Steubenville,OH,Great Lakes,Private nonprofit,2-year,Certificate,1.0,,26,0.36,,33334,14032,9619,10453,0.75,13625,60377,71660,36373,90310,0.798,0.19,40.354665,-80.625758
Trinity International University-Illinois,Deerfield,IL,Great Lakes,Private nonprofit,4-year,Bachelor's,1.0,,55,0.8929,0.2961,38553,16515,12320,12320,0.461,26082,41545,46989,29118,68518,0.742,0.555,42.197945,-87.880851
Trinity Law School,Santa Ana,CA,Far West,Private nonprofit,4-year,Graduate,,,,,0.2961,38553,,,,,26082,41545,46989,29118,68518,0.742,0.555,33.766071,-117.852059
Trinity University,San Antonio,TX,Southwest,Private nonprofit,4-year,Bachelor's,0.2592,1416,2505,0.1877,0.1737,84259,68224,53676,53676,0.8397,22954,55224,71668,52586,107584,0.858,0.32,29.462682,-98.48186
Trinity Valley Community College,Athens,TX,Southwest,Public,4-year,Associate,,,5655,0.2977,0.4844,23216,14467,2640,5970,0.2721,10426,32725,38567,20226,60120,0.575,0.27,32.196596,-95.858513
Trinity Washington University,Washington,DC,Mid East,Private nonprofit,4-year,Bachelor's,0.9952,,1414,0.5449,0.5322,22272,33903,26610,26610,0.4929,28250,38533,53804,30684,77621,0.699,0.525,38.927398,-77.004261
Triton College,River Grove,IL,Great Lakes,Public,2-year,Certificate,,,6902,0.2485,0.5383,23692,12235,5070,15330,0.2901,9413,35001,41728,21791,62463,0.629,0.226,41.916082,-87.841056
Triton College - Intl Union of Operating Engr Local 399 Trning Fac.,Chicago,IL,Great Lakes,Public,2-year,Not classified,,,,,0.5383,23692,,2000,2000,,9413,35001,41728,21791,62463,0.629,0.226,,
Trocaire College,Buffalo,NY,Mid East,Private nonprofit,4-year,Associate,0.9749,,984,0.5027,0.4331,28328,29845,20640,20640,0.3086,20000,56726,55318,33778,77932,0.688,0.362,42.846693,-78.812398
Troy University,Troy,AL,Southeast,Public,4-year,Bachelor's,0.9604,1088,9805,0.4282,0.3898,29641,23165,10176,20352,0.503,25000,39392,42062,24464,61119,0.694,0.594,31.799583,-85.95802
Troy University-Dothan Campus,Dothan,AL,Southeast,Public,4-year,Not classified,,,,,0.3898,29641,,10176,20352,,25000,39392,42062,24464,61119,0.694,0.594,,
Troy University-Montgomery Campus,Montgomery,AL,Southeast,Public,4-year,Not classified,,,,,0.3898,29641,,10176,20352,,25000,39392,42062,24464,61119,0.694,0.594,,
Troy University-Online,Troy,AL,Southeast,Public,4-year,Not classified,,,,,0.3898,29641,,10176,10176,,25000,39392,42062,24464,61119,0.694,0.594,,
Troy University-Phenix City Campus,Phenix City,AL,Southeast,Public,4-year,Not classified,,,,,0.3898,29641,,10176,20352,,25000,39392,42062,24464,61119,0.694,0.594,,
Troy University-Support Sites,Alpharetta,GA,Southeast,Public,4-year,Not classified,,,,,0.3898,29641,,10176,10176,,25000,39392,42062,24464,61119,0.694,0.594,,
Truckee Meadows Community College,Reno,NV,Far West,Public,4-year,Certificate,,,7681,0.1648,0.524,21395,15247,3352,12018,0.3214,11000,38186,44573,23910,66412,0.616,0.247,39.571402,-119.796975
Truett McConnell University,Cleveland,GA,Southeast,Private nonprofit,4-year,Bachelor's,0.7826,,744,0.1015,0.2895,55292,39152,26792,26792,0.3781,23439,39193,46700,30962,63630,0.641,0.502,34.596306,-83.748911
Truman State University,Kirksville,MO,Plains,Public,4-year,Bachelor's,0.8377,1320,2513,0.1654,0.2281,70948,25115,9838,18566,0.6853,21000,43966,56280,39468,76912,0.823,0.373,40.188267,-92.581658
Tucson College of Beauty,Tucson,AZ,Southwest,Private for-profit,Less than 2-year,Certificate,,,144,0.4711,0.5806,14860,,,,0.7568,6333,21104,27314,10345,40564,,0.232,32.278944,-110.996047
Tufts University,Medford,MA,New England,Private nonprofit,4-year,Bachelor's,0.1149,1513,7061,0.1204,0.153,85930,88300,70704,70704,0.9351,16250,68337,83214,47081,132294,0.89,0.195,42.40855,-71.118293
Tulane University of Louisiana,New Orleans,LA,Southeast,Private nonprofit,4-year,Bachelor's,0.1398,1448,7767,0.0976,0.18,64959,87004,68678,68678,0.8614,20500,50220,63268,35855,94584,0.826,0.324,29.940069,-90.122144
Tulsa Community College,Tulsa,OK,Southwest,Public,2-year,Associate,,,12228,0.3585,0.4306,26014,12900,3792,9720,0.2836,12223,34866,39746,20480,61015,0.632,0.308,36.147629,-95.986186
Tulsa Technology Center,Tulsa,OK,Southwest,Public,2-year,Certificate,,,1409,0.1405,0.4913,18413,,,,0.8053,,35628,41793,20286,64256,0.613,,36.113428,-95.887481
Tulsa Welding School-Dallas Campus,Irving,TX,Southwest,Private for-profit,Less than 2-year,Certificate,,,1020,0.7021,0.522,20300,,,,,9500,39055,41067,20174,63210,0.65,0.231,32.836133,-96.93712
Tulsa Welding School-Houston,Houston,TX,Southwest,Private for-profit,2-year,Certificate,,,1962,0.6791,0.522,20300,,,,0.6984,9500,39055,41067,20174,63210,0.65,0.231,29.950897,-95.413192
Tulsa Welding School-Jacksonville,Jacksonville,FL,Southeast,Private for-profit,Less than 2-year,Certificate,,,579,0.6303,0.522,20300,,,,0.7314,9500,39055,41067,20174,63210,0.65,0.231,30.313564,-81.56007
Tulsa Welding School-Jacksonville,Jacksonville,FL,Southeast,Private for-profit,2-year,Certificate,,,968,0.5921,0.522,20300,,,,0.717,9500,39055,41067,20174,63210,0.65,0.231,30.282647,-81.560428
Tulsa Welding School-Tulsa,Tulsa,OK,Southwest,Private for-profit,2-year,Certificate,,,883,0.6441,0.522,20300,,,,0.6799,9500,39055,41067,20174,63210,0.65,0.231,36.148202,-95.954378
Turning Point Beauty College,Chandler,AZ,Southwest,Private for-profit,Less than 2-year,Certificate,,,106,0.6754,0.5,16355,,,,0.8588,6000,17443,17556,11763,36436,,0.342,32.87795,-111.689601
Turtle Mountain College,Belcourt,ND,Plains,Private nonprofit,4-year,Certificate,,,543,0.583,0.3467,5804,13655,2794,2794,0.4341,,30931,32079,14148,48454,0.397,,48.883758,-99.750836
Tusculum University,Greeneville,TN,Southeast,Private nonprofit,4-year,Bachelor's,0.7217,,785,0.4637,0.4538,32826,43776,29250,29250,0.2545,23250,39925,44367,27593,62745,0.758,0.524,36.172435,-82.760818
Tuskegee University,Tuskegee,AL,Southeast,Private nonprofit,4-year,Bachelor's,0.4868,1120,2630,0.5767,0.2306,35336,43454,25386,25386,0.5498,27000,38332,49641,26919,78316,0.687,0.544,32.4309,-85.708492
Twin City Beauty College,Saint Joseph,MI,Great Lakes,Private for-profit,Less than 2-year,Certificate,,,274,0.541,0.4978,27664,,,,0.4819,9320,22381,23043,9814,34651,0.185,0.404,42.071099,-86.47655
Tyler Junior College,Tyler,TX,Southwest,Public,4-year,Associate,,,9087,0.3574,0.455,27160,16654,2400,4512,0.2739,11995,33789,38140,21369,57247,0.628,0.314,32.33601,-95.284122
UCAS University of Cosmetology Arts & Sciences,San Antonio,TX,Southwest,Private for-profit,Less than 2-year,Certificate,,,24,0.4348,0.6875,13181,,,,0.0,5417,,13862,4407,27982,0.245,0.391,29.354354,-98.484836
UCAS University of Cosmetology Arts & Sciences - 03,Brownsville,TX,Southwest,Private for-profit,Less than 2-year,Certificate,,,24,0.3929,0.6725,14312,,,,,6447,18215,19880,10643,33980,0.224,0.324,25.93858,-97.497663
UCAS University of Cosmetology Arts & Sciences-Harlingen,Harlingen,TX,Southwest,Private for-profit,Less than 2-year,Certificate,,,87,0.9701,0.6725,14312,,,,0.6444,6447,18215,19880,10643,33980,0.224,0.324,26.199163,-97.683979
UCAS University of Cosmetology Arts & Sciences-La Joya,La Joya,TX,Southwest,Private for-profit,Less than 2-year,Certificate,,,51,0.988,0.6725,14312,,,,1.0,6447,18215,19880,10643,33980,0.224,0.324,26.24605,-98.468021
UCAS University of Cosmetology Arts & Sciences-McAllen,McAllen,TX,Southwest,Private for-profit,Less than 2-year,Certificate,,,53,0.4779,0.6725,14312,,,,0.6923,6447,18215,19880,10643,33980,0.224,0.324,26.279439,-98.21787
UCAS University of Cosmetology Arts & Sciences-San Antonio 410,San Antonio,TX,Southwest,Private for-profit,Less than 2-year,Certificate,,,39,0.4516,0.6481,14959,,,,1.0,6333,16519,24450,8288,37390,0.424,0.259,29.493246,-98.551137
UCNJ Union College of Union County New Jersey,Cranford,NJ,Mid East,Public,2-year,Associate,,,7939,0.4339,0.5371,24441,13569,5280,9500,0.3542,15091,33731,41595,20181,63773,0.617,0.363,40.668595,-74.319138
UEI College-Bakersfield,Bakersfield,CA,Far West,Private for-profit,Less than 2-year,Certificate,,,1415,0.7751,0.6405,6719,,,,0.6849,9500,25820,27688,9833,41036,0.426,0.343,35.381617,-119.049925
UEI College-Chula Vista,Chula Vista,CA,Far West,Private for-profit,Less than 2-year,Certificate,,,1373,0.7016,0.6325,10994,,,,0.7084,9500,29172,31141,13730,46425,0.488,0.305,32.608605,-117.065355
UEI College-Fresno,Fresno,CA,Far West,Private for-profit,Less than 2-year,Certificate,,,1009,0.7317,0.6405,6719,,,,0.6116,9500,25820,27688,9833,41036,0.426,0.343,36.782858,-119.789002
UEI College-Garden Grove,Garden Grove,CA,Far West,Private for-profit,Less than 2-year,Certificate,,,1073,0.7431,0.6325,10994,,,,0.6323,9500,29172,31141,13730,46425,0.488,0.305,33.801877,-117.943701
UEI College-Gardena,Gardena,CA,Far West,Private for-profit,2-year,Certificate,,,1332,0.757,0.6272,9983,,,,0.5964,9500,27374,30848,13492,48750,,0.308,33.893016,-118.287234
UEI College-Huntington Park,Huntington Park,CA,Far West,Private for-profit,Less than 2-year,Certificate,,,1079,0.7734,0.6325,10994,,,,0.6963,9500,29172,31141,13730,46425,0.488,0.305,33.986057,-118.226206
UEI College-Mesa,Mesa,AZ,Southwest,Private for-profit,Less than 2-year,Certificate,,,657,0.7355,0.6325,10994,,,,0.503,9500,29172,31141,13730,46425,0.488,0.305,33.394736,-111.862571
UEI College-Oceanside,Oceanside,CA,Far West,Private for-profit,Less than 2-year,Certificate,,,814,0.6725,0.6325,10994,,,,0.6861,9500,29172,31141,13730,46425,0.488,0.305,33.204442,-117.36182
UEI College-Ontario,Ontario,CA,Far West,Private for-profit,Less than 2-year,Certificate,,,1045,0.7092,0.6325,10994,,,,0.6606,9500,29172,31141,13730,46425,0.488,0.305,34.0694,-117.547733
UEI College-Phoenix,Phoenix,AZ,Southwest,Private for-profit,Less than 2-year,Certificate,,,1234,0.7223,0.6325,10994,,,,0.5695,9500,29172,31141,13730,46425,0.488,0.305,33.57026,-112.116121
UEI College-Reseda,Reseda,CA,Far West,Private for-profit,Less than 2-year,Certificate,,,1201,0.728,0.6325,10994,,,,0.7432,9500,29172,31141,13730,46425,0.488,0.305,34.200881,-118.526784
UEI College-Riverside,Riverside,CA,Far West,Private for-profit,Less than 2-year,Certificate,,,1616,0.7137,0.6272,9983,,,,0.7054,9500,27374,30848,13492,48750,,0.308,33.975392,-117.351755
UEI College-Sacramento,Sacramento,CA,Far West,Private for-profit,Less than 2-year,Certificate,,,1217,0.7214,0.6272,9983,,,,0.6,9500,27374,30848,13492,48750,,0.308,38.494532,-121.454197
UEI College-Stockton,Stockton,CA,Far West,Private for-profit,Less than 2-year,Certificate,,,868,0.7016,0.6325,10994,,,,0.7058,9500,29172,31141,13730,46425,0.488,0.305,37.99756,-121.308461
UEI College-Tacoma,Tacoma,WA,Far West,Private for-profit,Less than 2-year,Certificate,,,689,0.663,0.6272,9983,,,,0.5817,9500,27374,30848,13492,48750,,0.308,47.193187,-122.409173
UEI College-United Education Institute-Albuquerque,Albuquerque,NM,Southwest,Private for-profit,Less than 2-year,Certificate,,,,,0.6272,9983,,,,,9500,27374,30848,13492,48750,,0.308,,
UEI College-United Education Institute-Houston,Houston,TX,Southwest,Private for-profit,Less than 2-year,Certificate,,,,,0.6405,6719,,,,,9500,25820,27688,9833,41036,0.426,0.343,,
UEI College-West Covina,West Covina,CA,Far West,Private for-profit,Less than 2-year,Certificate,,,978,0.6989,0.6325,10994,,,,0.6655,9500,29172,31141,13730,46425,0.488,0.305,34.075984,-117.90946
UPMC Jameson School of Nursing,New Castle,PA,Mid East,Private nonprofit,2-year,Certificate,0.9956,,326,0.491,,39387,29863,15940,15940,0.6,12000,61166,70472,41718,80021,0.864,0.17,41.026499,-80.353
UPMC Jameson School of Nursing - UPMC Hamot,Erie,PA,Mid East,Private nonprofit,2-year,Not classified,,,,,,39387,,20645,20645,,12000,61166,70472,41718,80021,0.864,0.17,,
UPMC Mercy School of Nursing,Pittsburgh,PA,Mid East,Private nonprofit,2-year,Certificate,0.8789,,308,0.4098,0.3222,50180,35713,16190,16190,0.3333,14750,68303,68337,41899,90357,0.866,0.216,40.435584,-79.986445
UPMC Shadyside - at UPMC Harrisburg,Harrisburg,PA,Mid East,Private nonprofit,Less than 2-year,Not classified,,,,,0.3515,37098,,20645,20645,,19666,66816,68801,47212,85148,0.833,0.286,,
UPMC Shadyside School of Nursing,Pittsburgh,PA,Mid East,Private nonprofit,2-year,Certificate,0.7795,,715,0.3546,0.3515,37098,33489,16190,16190,0.75,19666,66816,68801,47212,85148,0.833,0.286,40.454751,-79.939494
UPMC St. Margaret School of Nursing,Pittsburgh,PA,Mid East,Private nonprofit,2-year,Certificate,0.8077,,97,0.3956,,42818,31582,16190,16190,0.1667,15667,61500,67327,47656,84063,0.822,0.233,40.491687,-79.863106
Uintah Basin Technical College,Roosevelt,UT,Rocky Mountains,Public,Less than 2-year,Certificate,,,544,0.0097,,14137,,,,0.8636,,38891,28178,12021,47697,0.565,,40.299059,-109.97534
Ulster County Community College,Stone Ridge,NY,Mid East,Public,2-year,Associate,,,1341,0.1626,0.4686,24336,14925,6666,12146,0.3412,10000,33337,41896,24848,62913,0.619,0.239,41.851218,-74.128698
Ultimate Medical Academy,Clearwater,FL,Southeast,Private nonprofit,2-year,Associate,,,8932,0.7963,0.6211,10150,,,,0.5486,14743,24687,29194,15166,42210,0.512,0.505,27.965294,-82.78558
Umpqua Community College,Roseburg,OR,Far West,Public,2-year,Certificate,,,2219,0.337,0.485,19800,17440,6104,6104,0.3112,9000,35027,36676,18076,55644,0.573,0.245,43.289317,-123.332475
Union Adventist University,Lincoln,NE,Plains,Private nonprofit,4-year,Bachelor's,1.0,,471,0.3077,0.2453,47851,42099,29334,29334,0.5226,27000,43853,55045,35545,76202,0.718,0.491,40.774778,-96.651095
Union College,Schenectady,NY,Mid East,Private nonprofit,4-year,Bachelor's,0.4392,1395,2046,0.1436,0.13,113111,84561,69039,69039,0.8039,25337,63219,88604,57953,123772,0.935,0.286,42.818097,-73.928788
Union Commonwealth University,Barbourville,KY,Southeast,Private nonprofit,4-year,Bachelor's,0.6315,980,746,0.527,0.4073,36523,44322,30946,30946,0.3213,24250,36529,42002,27509,59113,0.644,0.577,36.870875,-83.888477
Union County Vocational Technical School,Scotch Plains,NJ,Mid East,Public,Less than 2-year,Certificate,,,88,0.2569,0.5,28054,,,,0.9863,,39218,37590,15188,60071,,,40.616491,-74.358205
Union University,Jackson,TN,Southeast,Private nonprofit,4-year,Bachelor's,0.6041,1256,1607,0.2454,0.3252,39416,58363,40025,40025,0.6596,20714,45505,53990,34744,78063,0.783,0.384,35.676896,-88.858524
Unitech Training Academy-Alexandria,Alexandria,LA,Southeast,Private for-profit,Less than 2-year,Certificate,,,86,0.7774,0.6291,12519,,,,0.5494,8721,21058,24707,12830,36298,0.41,0.353,31.265718,-92.460375
Unitech Training Academy-Baton Rouge,Baton Rouge,LA,Southeast,Private for-profit,Less than 2-year,Certificate,,,72,0.8597,0.6291,12519,,,,0.5,8721,21058,24707,12830,36298,0.41,0.353,30.414021,-91.052775
Unitech Training Academy-Houma,Houma,LA,Southeast,Private for-profit,Less than 2-year,Certificate,,,47,0.8193,0.6291,12519,,,,0.5723,8721,21058,24707,12830,36298,0.41,0.353,29.633202,-90.75482
Unitech Training Academy-Lafayette,Lafayette,LA,Southeast,Private for-profit,Less than 2-year,Certificate,,,229,0.8113,0.6291,12519,,,,0.5507,8721,21058,24707,12830,36298,0.41,0.353,30.182982,-92.074298
Unitech Training Academy-New Orleans,New Orleans,LA,Southeast,Private for-profit,Less than 2-year,Certificate,,,49,0.7695,0.6291,12519,,,,0.4219,8721,21058,24707,12830,36298,0.41,0.353,29.948535,-90.183521
Unitech Training Academy-West Monroe,West Monroe,LA,Southeast,Private for-profit,Less than 2-year,Certificate,,,81,0.7769,0.6291,12519,,,,0.5875,8721,21058,24707,12830,36298,0.41,0.353,32.506463,-92.129419
United Education Institute-Dallas,Dallas,TX,Southwest,Private for-profit,Less than 2-year,Certificate,,,,,0.6325,10994,,,,,9500,29172,31141,13730,46425,0.488,0.305,,
United Education Institute-Las Vegas,Las Vegas,NV,Far West,Private for-profit,Less than 2-year,Certificate,,,855,0.7258,0.6272,9983,,,,0.526,9500,27374,30848,13492,48750,,0.308,36.126687,-115.135647
United Education Institute-Morrow,Morrow,GA,Southeast,Private for-profit,Less than 2-year,Certificate,,,1160,0.7708,0.6325,10994,,,,0.5105,9500,29172,31141,13730,46425,0.488,0.305,33.574109,-84.335896
United Education Institute-Stone Mountain,Stone Mountain,GA,Southeast,Private for-profit,Less than 2-year,Certificate,,,911,0.8067,0.6405,6719,,,,0.5575,9500,25820,27688,9833,41036,0.426,0.343,33.805285,-84.191755
United States Merchant Marine Academy,Kings Point,NY,US Service Schools,Public,4-year,Bachelor's,0.3424,1207,962,0.0781,,77088,9168,895,895,0.8238,8833,96770,90610,69688,123809,0.894,0.097,40.81357,-73.763004
United States Sports University,Daphne,AL,Southeast,Private nonprofit,4-year,Bachelor's,0.6137,,228,0.4462,,29000,32606,13800,13800,,,45521,55257,37678,77067,,,30.639329,-87.91163
United States University,Sandy Springs,CA,Far West,Private for-profit,4-year,Bachelor's,,,153,0.1573,0.5303,16957,,6780,6780,,15244,34909,80980,50176,124904,,0.188,32.761148,-117.162166
United Talmudical Seminary,Brooklyn,NY,Mid East,Private nonprofit,4-year,Bachelor's,,,2241,0.8744,,16516,22754,15000,15000,0.5813,,20766,25113,16502,49740,0.266,,40.705687,-73.959113
United Technical Center,Clarksburg,WV,Southeast,Public,Less than 2-year,Certificate,,,10,0.44,,25410,11600,4700,4700,1.0,,40317,49130,41915,64747,,,39.310658,-80.358395
United Tribes Technical College,Bismarck,ND,Plains,Private nonprofit,4-year,Associate,,,569,0.7823,0.3468,9746,14309,4632,4632,0.2133,,21254,25292,9672,42984,0.309,,46.767157,-100.755131
Unitek College,Hayward,CA,Far West,Private for-profit,Less than 2-year,Certificate,,,284,0.4981,0.3907,30776,,,,0.6277,10700,69466,87877,62950,111633,,0.122,37.661039,-122.116059
Unitek College,South San Francisco,CA,Far West,Private for-profit,Less than 2-year,Certificate,,,191,0.4186,0.3907,30776,,,,0.7273,10700,69466,87877,62950,111633,,0.122,37.65642,-122.455603
Unitek College,Fremont,CA,Far West,Private for-profit,4-year,Certificate,,,4972,0.4493,0.4406,27729,,,,0.7313,10700,62043,79550,49893,124276,,0.135,37.50904,-121.961761
Unitek College - Bakersfield,Bakersfield,CA,Far West,Private for-profit,4-year,Not classified,,,,,0.4406,27729,,,,,10700,62043,79550,49893,124276,,0.135,,
Unitek College - Concord,Concord,CA,Far West,Private for-profit,4-year,Not classified,,,,,0.4406,27729,,,,,10700,62043,79550,49893,124276,,0.135,,
Unitek College - Reno,Reno,NV,Far West,Private for-profit,4-year,Not classified,,,,,0.4406,27729,,,,,10700,62043,79550,49893,124276,,0.135,,
Unitek College - Sacramento,Sacramento,CA,Far West,Private for-profit,4-year,Not classified,,,,,0.4406,27729,,,,,10700,62043,79550,49893,124276,,0.135,,
Unitek College - San Jose,San Jose,CA,Far West,Private for-profit,Less than 2-year,Not classified,,,,,0.4406,27729,,,,,10700,62043,79550,49893,124276,,0.135,,
Unity Environmental University,New Gloucester,ME,New England,Private nonprofit,4-year,Bachelor's,,,6483,0.6391,0.3211,66806,21931,12640,12640,0.2867,25000,31698,37852,24175,53204,0.692,0.66,43.905745,-70.257277
Unity Environmental University - Unity,Unity,ME,New England,Private nonprofit,4-year,Not classified,,,,,0.3211,66806,,17476,17476,,25000,31698,37852,24175,53204,0.692,0.66,,
Universal College of Beauty Inc-Los Angeles 2,Los Angeles,CA,Far West,Private for-profit,Less than 2-year,Certificate,,,44,0.6957,0.3889,427,,,,1.0,,15009,17821,4848,39361,0.156,,34.004498,-118.332236
Universal College of Healing Arts,Omaha,NE,Plains,Private for-profit,2-year,Certificate,,,26,0.6667,,23028,24110,11822,11822,0.8,14768,23162,28865,14136,46129,,0.512,41.339162,-95.961539
Universal Spa Training Academy,Downers Grove,IL,Great Lakes,Private for-profit,Less than 2-year,Certificate,,,139,0.3766,0.45,23634,,,,0.9655,7283,23567,41928,27924,62224,,0.174,41.796008,-87.99384
Universal Technical Institute of Arizona Inc,Avondale,AZ,Southwest,Private for-profit,2-year,Associate,,,1957,0.4889,0.5486,28618,,,,0.7038,13124,47320,52873,33274,74276,0.795,0.248,33.453005,-112.288123
Universal Technical Institute of California Inc,Rancho Cucamonga,CA,Far West,Private for-profit,2-year,Associate,,,1553,0.6326,0.5486,28618,,,,0.7221,13124,47320,52873,33274,74276,0.795,0.248,34.082782,-117.576366
Universal Technical Institute of Illinois Inc,Lisle,IL,Great Lakes,Private for-profit,2-year,Certificate,,,1156,0.5015,0.5486,28618,,,,0.633,13124,47320,52873,33274,74276,0.795,0.248,41.80697,-88.104
Universal Technical Institute of Northern California Inc,Sacramento,CA,Far West,Private for-profit,2-year,Associate,,,1214,0.5665,0.5109,26362,,,,0.645,13097,42989,48341,29394,68153,0.714,0.271,38.64575,-121.529503
Universal Technical Institute of Pennsylvania Inc,Exton,PA,Mid East,Private for-profit,2-year,Certificate,,,954,0.5293,0.5657,29403,,,,0.6292,14267,47254,51222,29872,74177,0.784,0.279,40.070513,-75.685133
Universal Technical Institute of Texas Inc.,Houston,TX,Southwest,Private for-profit,2-year,Certificate,,,2632,0.5984,0.5657,29403,,,,0.6019,14267,47254,51222,29872,74177,0.784,0.279,29.990487,-95.412113
Universal Technical Institute-Bloomfield,Bloomfield,NJ,Mid East,Private for-profit,2-year,Certificate,,,1428,0.5554,0.5657,29403,,,,0.6679,14267,47254,51222,29872,74177,0.784,0.279,40.841102,-74.180997
Universal Technical Institute-Canton,Canton,MI,Great Lakes,Private for-profit,2-year,Certificate,,,1417,0.2942,0.4598,23827,29172,17943,17943,0.6397,12801,49665,62575,41838,88774,0.711,0.205,42.286324,-83.445507
Universal Technical Institute-Dallas Fort Worth,Irving,TX,Southwest,Private for-profit,2-year,Associate,,,1610,0.5626,0.5657,29403,,,,0.7511,14267,47254,51222,29872,74177,0.784,0.279,32.93806,-97.012741
Universal Technical Institute-Mooresville,Mooresville,NC,Southeast,Private for-profit,2-year,Associate,,,1345,0.4923,0.5486,28618,,,,0.653,13124,47320,52873,33274,74276,0.795,0.248,35.605305,-80.855128
Universal Technical Institute-Orlando,Orlando,FL,Southeast,Private for-profit,2-year,Associate,,,788,0.486,0.5109,26362,,,,0.6822,13097,42989,48341,29394,68153,0.714,0.271,28.420257,-81.407041
Universal Technical Institute-Phoenix,Avondale,AZ,Southwest,Private for-profit,2-year,Certificate,,,527,0.4732,0.5109,26362,,,,0.6865,13097,42989,48341,29394,68153,0.714,0.271,33.453005,-112.288123
Universal Technical Institute-South Florida Miramar,Miramar,FL,Southeast,Private for-profit,2-year,Associate,,,791,0.6686,0.5486,28618,,,,0.7018,13124,47320,52873,33274,74276,0.795,0.248,25.984525,-80.339008
Universal Technical Institute-Southern California,Long Beach,CA,Far West,Private for-profit,2-year,Associate,,,1701,0.6256,0.5486,28618,,,,0.6275,13124,47320,52873,33274,74276,0.795,0.248,33.826017,-118.145393
Universal Technical Institute-West Texas,Austin,TX,Southwest,Private for-profit,2-year,Certificate,,,1335,0.5858,0.5657,29403,,,,0.7466,14267,47254,51222,29872,74177,0.784,0.279,30.415828,-97.660482
Universal Technology College of Puerto Rico,Aguadilla,PR,Outlying Areas,Private nonprofit,4-year,Certificate,,,149,0.6134,0.6041,0,,,,0.6437,,18083,19878,10938,34294,0.247,,18.42812,-67.155628
Universidad Adventista de las Antillas,Mayaguez,PR,Outlying Areas,Private nonprofit,4-year,Bachelor's,1.0,,830,0.7913,0.3829,14717,16834,8350,8350,0.3636,15750,27766,28465,14084,46781,0.417,0.553,18.205685,-67.111207
Universidad Ana G. Mendez-Carolina Campus,Carolina,PR,Outlying Areas,Private nonprofit,4-year,Bachelor's,,,4468,0.9046,0.4061,8983,14113,7750,7750,0.3426,14500,21125,24328,12674,38614,0.314,0.596,18.414805,-65.983869
Universidad Ana G. Mendez-Cupey Campus,San Juan,PR,Outlying Areas,Private nonprofit,4-year,Bachelor's,,,4540,0.9928,0.4282,6993,14214,7750,7750,0.3085,14250,21596,24490,13268,39515,0.32,0.582,18.387183,-66.061647
Universidad Ana G. Mendez-Gurabo Campus,Gurabo,PR,Outlying Areas,Private nonprofit,4-year,Bachelor's,,,7868,0.8559,0.3656,10530,14224,7750,7750,0.314,13448,23727,26223,14676,42305,0.329,0.513,18.239647,-66.006259
Universidad Central Del Caribe,Bayamon,PR,Outlying Areas,Private nonprofit,4-year,Certificate,0.6,,90,0.7222,0.3276,9669,14642,7707,7707,0.4,7363,24669,31468,18921,46448,0.518,0.234,18.366171,-66.153758
Universidad Central de Bayamon,Bayamón,PR,Outlying Areas,Private nonprofit,4-year,Bachelor's,0.6594,,539,0.7844,0.3076,9597,12976,5986,5986,0.3438,9393,19745,25021,13728,37912,0.265,0.375,18.398864,-66.180773
Universidad Pentecostal Mizpa,Rio Piedras,PR,Outlying Areas,Private nonprofit,4-year,Associate,,,137,0.5568,0.56,11435,12652,4560,4560,0.1538,,20908,21410,12313,36945,,,18.358258,-66.085117
Universidad Politecnica de Puerto Rico,Hato Rey,PR,Outlying Areas,Private nonprofit,4-year,Bachelor's,,,3594,0.6217,0.2196,18451,23368,9870,9870,0.2808,22564,37753,47540,25266,69091,0.548,0.475,18.422195,-66.056084
Universidad Teologica del Caribe,Trujillo Alto,PR,Outlying Areas,Private nonprofit,4-year,Bachelor's,,,173,0.9789,0.5488,9084,11510,6660,6660,0.3889,12050,24867,23536,12813,34310,0.345,0.512,18.373928,-66.010617
Universidad del Sagrado Corazon,Santurce,PR,Outlying Areas,Private nonprofit,4-year,Bachelor's,0.5802,,4442,0.7148,0.2772,17795,19728,6410,6410,0.5207,16250,27544,31754,14939,54237,0.352,0.512,18.441166,-66.059617
University at Albany,Albany,NY,Mid East,Public,4-year,Bachelor's,0.691,,12564,0.4369,0.3009,43412,28802,10866,31256,0.6145,19500,51380,67979,44635,96119,0.833,0.287,42.685489,-73.824662
University at Buffalo,Buffalo,NY,Mid East,Public,4-year,Bachelor's,0.7418,1295,20112,0.3313,0.2806,46678,30785,10936,31536,0.7518,19000,53742,70814,45990,100175,0.83,0.268,43.000942,-78.789458
University of Advancing Technology,Tempe,AZ,Southwest,Private for-profit,4-year,Associate,0.9806,,855,0.5695,0.347,32362,32794,19365,19365,0.3514,28812,39016,50719,33290,87683,0.794,0.568,33.377712,-111.976087
University of Aesthetics & Cosmetology,Chicago,IL,Great Lakes,Private for-profit,Less than 2-year,Certificate,,,53,0.5465,,22638,,,,1.0,7917,32570,28955,,62124,,0.273,41.906602,-87.671255
University of Aesthetics & Cosmetology,El Dorado,AR,Southeast,Private for-profit,Less than 2-year,Certificate,,,42,0.74,,22978,,,,0.5,9833,17198,26754,12286,35518,,0.368,33.216032,-92.664101
University of Akron Main Campus,Akron,OH,Great Lakes,Public,4-year,Bachelor's,0.5967,1081,9052,0.291,0.3636,44867,26284,13135,20815,0.5186,23250,42269,46600,28267,68841,0.679,0.499,41.075923,-81.511167
University of Akron Wayne College,Orrville,OH,Great Lakes,Public,4-year,Bachelor's,0.8992,1040,457,0.1249,0.3636,44867,15993,7723,15403,0.1852,23250,42269,46600,28267,68841,0.679,0.499,40.861519,-81.789979
University of Alabama at Birmingham,Birmingham,AL,Southeast,Public,4-year,Bachelor's,0.8818,1258,11635,0.3402,0.3412,34489,28145,9098,22562,0.6423,22300,46572,54501,33873,80711,0.747,0.409,33.505697,-86.799345
University of Alabama in Huntsville,Huntsville,AL,Southeast,Public,4-year,Bachelor's,0.6857,1319,6591,0.2464,0.3101,44787,27392,12132,26408,0.6429,20705,55610,61767,37446,91119,0.779,0.335,34.724557,-86.640449
University of Alaska Anchorage,Anchorage,AK,Far West,Public,4-year,Bachelor's,,,7212,0.1846,0.3892,33525,24096,7738,21322,0.2971,20210,42313,51871,28505,80117,0.735,0.39,61.190163,-149.82619
University of Alaska Fairbanks,Fairbanks,AK,Far West,Public,4-year,Bachelor's,,,4207,0.2243,0.3988,35967,22407,8736,22320,0.3801,20291,40746,48866,25153,74202,0.681,0.415,64.85756,-147.823146
University of Alaska Southeast,Juneau,AK,Far West,Public,4-year,Certificate,0.6329,,907,0.143,0.3951,34718,21043,7056,20640,0.2805,19111,38811,48475,28669,67290,0.645,0.394,58.384846,-134.638255
University of Arizona,Tucson,AZ,Southwest,Public,4-year,Bachelor's,0.8614,1246,42537,0.257,0.3141,43043,29423,13926,42278,0.6752,19620,47665,59979,38990,92199,0.8,0.327,32.232672,-110.950815
University of Arkansas,Fayetteville,AR,Southeast,Public,4-year,Bachelor's,0.743,1169,28677,0.1779,0.26,64201,27767,10104,29966,0.7052,21500,49686,58191,36435,87469,0.767,0.369,36.070009,-94.176981
University of Arkansas Community College Rich Mountain,Mena,AR,Southeast,Public,2-year,Certificate,,,503,0.3978,0.6353,17974,13096,3696,4272,0.5523,6500,22765,30037,14624,44339,0.415,0.216,34.591449,-94.219799
University of Arkansas Community College at Hope - Texarkana,Texarkana,AR,Southeast,Public,2-year,Not classified,,,,,0.5504,17783,,3885,5565,,,30007,34162,18811,51602,0.464,,,
University of Arkansas Community College-Batesville,Batesville,AR,Southeast,Public,2-year,Certificate,,,751,0.4696,0.4586,22454,15808,3630,4662,0.6592,10250,32636,33706,18169,52056,0.481,0.304,35.792923,-91.615852
University of Arkansas Community College-Morrilton,Morrilton,AR,Southeast,Public,2-year,Certificate,1.0,1020,1447,0.3919,0.4925,22457,15362,3648,4728,0.4154,10315,32571,34924,19866,54112,0.54,0.295,35.172136,-92.728507
University of Arkansas Grantham,LIttle Rock,AR,Southeast,Public,4-year,Bachelor's,,,2833,0.7181,0.5863,12855,15318,8520,8520,0.4304,21956,26870,63496,34734,91829,,0.346,34.775996,-92.343582
University of Arkansas Hope-Texarkana,Hope,AR,Southeast,Public,2-year,Certificate,,,583,0.3416,0.5504,17783,16307,3880,5560,0.5691,,30007,34162,18811,51602,0.464,,33.641665,-93.596762
University of Arkansas at Little Rock,Little Rock,AR,Southeast,Public,4-year,Bachelor's,0.5878,1049,4949,0.4118,0.391,27239,22519,9748,22158,0.4165,22000,40040,45265,28588,67515,0.659,0.486,34.723254,-92.339778
University of Arkansas at Monticello,Monticello,AR,Southeast,Public,4-year,Certificate,,,1933,0.5038,0.4534,23351,22519,9292,14857,0.4855,19971,31332,36902,21557,53816,0.6,0.541,33.590909,-91.811153
University of Arkansas at Pine Bluff,Pine Bluff,AR,Southeast,Public,4-year,Bachelor's,0.4118,922,1807,0.695,0.3677,22300,21129,9412,17992,0.4043,24202,31161,35550,19942,50676,0.535,0.681,34.244031,-92.018683
University of Arkansas for Medical Sciences,Little Rock,AR,Southeast,Public,4-year,Bachelor's,,,1571,0.2775,0.395,29172,,,,,14000,66491,73827,52014,113198,0.886,0.19,34.750152,-92.322348
University of Arkansas-East Arkansas Community College,Forrest City,AR,Southeast,Public,2-year,Certificate,,,554,0.252,0.5083,18823,13240,3300,4380,0.5082,6000,26801,28471,14123,46126,0.392,0.211,35.041655,-90.767726
University of Arkansas-Fort Smith,Fort Smith,AR,Southeast,Public,4-year,Associate,0.8046,1050,4091,0.391,0.484,29173,19048,7334,12182,0.3788,18250,35925,41102,24344,61170,0.628,0.444,35.384184,-94.373729
University of Arkansas-Pulaski Technical College,North Little Rock,AR,Southeast,Public,2-year,Certificate,,,4118,0.5562,0.4391,20542,20811,6300,9450,0.3616,12080,30437,34722,17962,50750,0.565,0.348,34.782783,-92.299184
University of Baltimore,Baltimore,MD,Mid East,Public,4-year,Bachelor's,0.7874,940,1133,0.4489,0.399,28800,26406,9992,23984,0.3816,23250,48197,61335,40267,90667,0.867,0.379,39.305834,-76.616591
University of Bridgeport,Bridgeport,CT,New England,Private nonprofit,4-year,Bachelor's,0.8302,,1534,0.5348,0.4243,32764,52957,35760,35760,0.4119,25750,38575,50323,27040,69614,0.725,0.512,41.164741,-73.190166
University of California-Berkeley,Berkeley,CA,Far West,Public,4-year,Bachelor's,0.1098,,33068,0.2864,0.3458,31227,45619,16347,50547,0.9284,13000,74919,92446,58247,153111,0.843,0.141,37.871918,-122.260463
University of California-Davis,Davis,CA,Far West,Public,4-year,Bachelor's,0.4183,,32253,0.3135,0.4083,33784,41238,16774,50974,0.8567,13000,58461,80838,53021,122634,0.857,0.161,38.539667,-121.749567
University of California-Irvine,Irvine,CA,Far West,Public,4-year,Bachelor's,0.2857,,30197,0.361,0.4398,34735,38632,15722,49922,0.8687,15000,56210,80735,54469,117372,0.829,0.186,33.648434,-117.841248
University of California-Los Angeles,Los Angeles,CA,Far West,Public,4-year,Bachelor's,0.0897,,33475,0.2824,0.3809,32614,38614,15203,49403,0.9262,14000,59063,82511,55896,126452,0.845,0.17,34.07178,-118.442179
University of California-Merced,Merced,CA,Far West,Public,4-year,Bachelor's,0.9053,,8372,0.5889,0.5741,33931,39665,15623,49823,0.6872,16144,48475,64368,42064,95770,,0.251,37.366237,-120.424944
University of California-Riverside,Riverside,CA,Far West,Public,4-year,Bachelor's,0.7639,,22593,0.4695,0.4835,35809,38942,15606,49806,0.7596,17500,48593,67699,42680,95385,0.804,0.258,33.97246,-117.32741
University of California-San Diego,La Jolla,CA,Far West,Public,4-year,Bachelor's,0.2671,,34948,0.342,0.3957,35914,38701,16758,50958,0.8605,15500,65669,84943,57071,127245,0.845,0.182,32.877749,-117.235866
University of California-Santa Barbara,Santa Barbara,CA,Far West,Public,4-year,Bachelor's,0.3297,,23113,0.2785,0.424,36166,41573,16414,50614,0.8303,13993,56852,74915,49095,111078,0.814,0.187,34.416297,-119.846426
University of California-Santa Cruz,Santa Cruz,CA,Far West,Public,4-year,Bachelor's,0.6579,,17940,0.3157,0.3675,42014,41179,16005,50205,0.7509,16666,49716,68396,41808,102779,0.753,0.244,36.995584,-122.058801
University of Central Arkansas,Conway,AR,Southeast,Public,4-year,Bachelor's,0.8949,1118,7762,0.3798,0.346,37082,25029,10523,18023,0.5353,20346,36670,45938,28642,65378,0.699,0.443,35.077945,-92.457672
University of Central Florida,Orlando,FL,Southeast,Public,4-year,Bachelor's,0.4011,1269,59146,0.3234,0.3526,31400,23133,6368,22467,0.7801,18190,47137,58308,38654,85651,0.792,0.312,28.602159,-81.200889
University of Central Missouri,Warrensburg,MO,Plains,Public,4-year,Bachelor's,0.638,1050,5648,0.2678,0.3339,48556,22947,10050,18600,0.5408,21000,41593,49560,34032,71073,0.748,0.424,38.759111,-93.737428
University of Central Oklahoma,Edmond,OK,Southwest,Public,4-year,Bachelor's,0.7812,1090,10170,0.3649,0.3719,35444,26392,8818,19704,0.3676,21000,43074,48351,30177,68978,0.743,0.434,35.6552,-97.471508
University of Charleston,Charleston,WV,Southeast,Private nonprofit,4-year,Bachelor's,0.6152,,2259,0.3143,0.4313,44570,46470,33800,33800,0.4555,19500,42698,55774,34245,83868,0.77,0.35,38.333367,-81.616244
University of Chicago,Chicago,IL,Great Lakes,Private nonprofit,4-year,Bachelor's,0.0448,1554,7569,0.1526,0.2024,47140,90360,70662,70662,0.9585,15000,80870,91885,60576,158433,0.858,0.163,41.787994,-87.599539
University of Cincinnati-Blue Ash College,Blue Ash,OH,Great Lakes,Public,4-year,Associate,,,4354,0.2218,0.3098,57822,21784,7200,15998,0.159,21250,48310,54810,33668,79998,0.732,0.388,39.234333,-84.399956
University of Cincinnati-Clermont College,Batavia,OH,Great Lakes,Public,4-year,Associate,,,3019,0.1282,0.3098,57822,19165,6750,13982,0.2374,21250,48310,54810,33668,79998,0.732,0.388,39.080645,-84.19437
University of Cincinnati-Main Campus,Cincinnati,OH,Great Lakes,Public,4-year,Bachelor's,0.8529,1282,29882,0.1876,0.3098,57822,32171,13976,29310,0.7496,21250,48310,54810,33668,79998,0.732,0.388,39.131159,-84.51428
University of Colorado Boulder,Boulder,CO,Rocky Mountains,Public,4-year,Bachelor's,0.7808,1357,31939,0.1449,0.2036,70221,37684,15666,44918,0.7419,19500,54939,69738,43748,103315,0.796,0.28,40.008781,-105.270823
University of Colorado Colorado Springs,Colorado Springs,CO,Rocky Mountains,Public,4-year,Bachelor's,0.9735,1133,8697,0.2729,0.3134,42591,24595,10149,24336,0.4693,20000,45766,54659,34957,81777,0.75,0.366,38.892735,-104.800296
University of Colorado Denver/Anschutz Medical Campus,Denver,CO,Rocky Mountains,Public,4-year,Bachelor's,0.7468,1116,10519,0.2616,0.3794,33313,24902,10383,29391,0.4615,20500,52475,64270,40026,93795,0.803,0.319,39.745149,-104.837722
University of Connecticut,Storrs,CT,New England,Public,4-year,Bachelor's,0.5239,1348,19835,0.2538,0.2665,67737,39426,21044,43712,0.8329,21500,63322,73997,50150,109163,0.871,0.291,41.809098,-72.249948
University of Connecticut-Avery Point,Groton,CT,New England,Public,4-year,Bachelor's,0.8818,1090,454,0.3819,0.2665,67737,23337,18140,40808,0.6162,21500,63322,73997,50150,109163,0.871,0.291,41.316419,-72.065336
University of Connecticut-Hartford Campus,Hartford,CT,New England,Public,4-year,Bachelor's,0.8833,1073,1525,0.4565,0.2665,67737,26946,18130,40798,0.6505,21500,63322,73997,50150,109163,0.871,0.291,41.762673,-72.672175
University of Connecticut-Stamford,Stamford,CT,New England,Public,4-year,Bachelor's,0.8298,1094,2432,0.5071,0.2665,67737,30122,18150,40818,0.5654,21500,63322,73997,50150,109163,0.871,0.291,41.056081,-73.542206
University of Connecticut-Waterbury Campus,Waterbury,CT,New England,Public,4-year,Bachelor's,0.8666,1060,733,0.5158,0.2665,67737,22933,18140,40808,0.5273,21500,63322,73997,50150,109163,0.871,0.291,41.555617,-73.039242
University of Dallas,Irving,TX,Southwest,Private nonprofit,4-year,Bachelor's,0.5344,1227,1403,0.2593,0.1647,77741,68583,53930,53930,0.7307,23117,45950,58285,35659,80012,0.774,0.397,32.846221,-96.919512
University of Dayton,Dayton,OH,Great Lakes,Private nonprofit,4-year,Bachelor's,0.6545,1335,7682,0.1581,0.1024,114495,65881,49140,49140,0.8018,23250,62477,75537,50541,102329,0.863,0.308,39.739547,-84.176113
University of Delaware,Newark,DE,Mid East,Public,4-year,Bachelor's,0.706,1292,19071,0.1612,0.1709,107128,30952,16810,41400,0.8055,24572,58846,72950,50480,101260,0.872,0.337,39.679577,-75.752822
University of Denver,Denver,CO,Rocky Mountains,Private nonprofit,4-year,Bachelor's,0.7781,1355,6025,0.1425,0.1903,80202,78476,61398,61398,0.756,21844,57118,71155,45159,107151,0.825,0.307,39.678005,-104.963259
University of Detroit Mercy,Detroit,MI,Great Lakes,Private nonprofit,4-year,Bachelor's,0.7542,1134,2438,0.2634,0.2871,43983,42211,32946,32946,0.672,23250,64534,71030,44340,97869,0.774,0.327,42.414222,-83.139158
University of Dubuque,Dubuque,IA,Plains,Private nonprofit,4-year,Bachelor's,0.8863,1110,1440,0.3984,0.3612,41836,53806,42095,42095,0.4008,25750,44960,51190,36142,72876,0.746,0.503,42.49726,-90.693428
University of Evansville,Evansville,IN,Great Lakes,Private nonprofit,4-year,Bachelor's,0.776,,1539,0.2447,0.2746,68453,57451,44172,44172,0.6446,24606,46734,53770,35569,81201,0.786,0.458,37.971549,-87.531644
University of Florida,Gainesville,FL,Southeast,Public,4-year,Bachelor's,0.242,1403,35629,0.2166,0.3077,39127,22523,6381,28659,0.9112,15000,56398,71588,47083,106122,0.842,0.21,29.64629,-82.347911
University of Florida-Online,Gainesville,FL,Southeast,Public,4-year,Bachelor's,0.6126,1338,4627,0.2181,0.3077,39127,17843,3876,16579,0.8468,15000,56398,71588,47083,106122,0.842,0.21,29.649413,-82.339848
University of Fort Lauderdale,Lauderhill,FL,Southeast,Private nonprofit,4-year,Bachelor's,,,314,0.6877,0.4688,15890,24410,9810,9810,1.0,,,38062,,59548,,,26.147098,-80.204938
University of Georgia,Athens,GA,Southeast,Public,4-year,Bachelor's,0.377,1397,32137,0.1675,0.1815,64178,27993,11450,31688,0.8969,18500,57565,68726,45171,102181,0.81,0.269,33.956262,-83.374039
University of Guam,Mangilao,GU,Outlying Areas,Public,4-year,Bachelor's,,,2515,0.4528,0.4599,27240,14961,6110,11414,0.369,16786,28270,35946,20340,50179,0.576,0.467,13.433047,144.803978
University of Hartford,West Hartford,CT,New England,Private nonprofit,4-year,Bachelor's,0.9575,1219,4146,0.3304,0.2869,70000,64729,49075,49075,0.5438,27000,42581,60823,36342,85013,0.772,0.444,41.798591,-72.715213
University of Hawaii Maui College,Kahului,HI,Far West,Public,4-year,Associate,,,1700,0.2055,0.4985,21722,14937,3284,8420,0.2775,13040,28263,34453,15875,56675,0.546,0.378,20.88956,-156.477252
University of Hawaii at Hilo,Hilo,HI,Far West,Public,4-year,Bachelor's,0.6063,1028,2160,0.4039,0.3655,27504,21173,7838,20798,0.4837,20500,37204,47856,26276,68319,0.652,0.428,19.701189,-155.080847
University of Hawaii at Manoa,Honolulu,HI,Far West,Public,4-year,Bachelor's,0.866,1102,15029,0.2623,0.3384,40609,26433,12186,34218,0.6429,18500,45701,57624,34835,84162,0.777,0.321,21.298598,-157.818979
University of Hawaii-West Oahu,Kapolei,HI,Far West,Public,4-year,Bachelor's,0.9534,985,2519,0.3206,0.4254,28758,18410,7584,20544,0.4955,14500,44352,52075,32168,71489,0.776,0.278,21.35531,-158.056403
University of Health Sciences and Pharmacy in St. Louis,Saint Louis,MO,Plains,Private nonprofit,4-year,Bachelor's,0.8984,1131,337,0.3127,0.2242,61609,54802,32550,32550,0.6168,17755,116360,137047,98569,155836,0.957,0.13,38.636904,-90.260617
University of Holy Cross,New Orleans,LA,Southeast,Private nonprofit,4-year,Bachelor's,0.7366,,471,0.2753,0.4899,26490,27541,16576,16576,0.4857,26995,46296,49316,32571,72373,0.754,0.547,29.912003,-89.99445
University of Houston,Houston,TX,Southwest,Public,4-year,Bachelor's,0.7392,1250,38380,0.4165,0.4049,33198,26185,9717,22547,0.6456,18194,52768,62377,39375,92999,0.828,0.292,29.720393,-95.343537
University of Houston-Clear Lake,Houston,TX,Southwest,Public,4-year,Bachelor's,0.9052,1060,6078,0.4524,0.4821,25351,24622,7770,21114,0.5163,17831,52098,59004,40766,76140,0.825,0.302,29.582523,-95.098129
University of Houston-Downtown,Houston,TX,Southwest,Public,4-year,Bachelor's,0.8996,1029,12555,0.5522,0.5271,24910,20749,7708,17548,0.332,18750,49120,53551,30812,72505,0.782,0.35,29.7661,-95.359338
University of Idaho,Moscow,ID,Rocky Mountains,Public,4-year,Bachelor's,0.7553,1116,7747,0.2348,0.3179,45018,23738,9084,28320,0.5728,21982,42602,54670,34494,80860,0.763,0.402,46.727406,-117.014167
University of Illinois Chicago,Chicago,IL,Great Lakes,Public,4-year,Bachelor's,0.7735,1250,22170,0.4893,0.444,33726,27521,14338,29884,0.6162,16704,53218,68740,44790,95794,0.828,0.243,41.871837,-87.650503
University of Illinois Springfield,Springfield,IL,Great Lakes,Public,4-year,Bachelor's,0.8588,1102,2263,0.3736,0.3624,31146,25521,12252,22017,0.5321,19128,47432,57103,38573,81440,0.803,0.335,39.729524,-89.616796
University of Illinois Urbana-Champaign,Champaign,IL,Great Lakes,Public,4-year,Bachelor's,0.4237,1440,36258,0.2341,0.2493,62485,33642,16004,35124,0.8513,19500,64802,81054,54886,116541,0.875,0.241,40.104718,-88.229114
University of Indianapolis,Indianapolis,IN,Great Lakes,Private nonprofit,4-year,Bachelor's,0.665,,3005,0.3258,0.3181,55676,52590,37200,37200,0.5582,26864,46452,53610,35018,75851,0.751,0.501,39.709571,-86.133969
University of Iowa,Iowa City,IA,Plains,Public,4-year,Bachelor's,0.8362,1200,22264,0.1835,0.2231,72993,28596,11283,33371,0.7463,22500,52696,64762,44345,93325,0.853,0.347,41.661935,-91.536425
University of Jamestown,Jamestown,ND,Plains,Private nonprofit,4-year,Bachelor's,0.8808,,1041,0.2552,0.2823,77812,38013,24990,24990,0.4904,27000,51151,56621,39508,77491,0.797,0.477,46.914302,-98.698416
University of Kansas,Lawrence,KS,Plains,Public,4-year,Bachelor's,0.9348,1190,21217,0.2047,0.2222,64240,26751,12102,30432,0.6881,21000,51217,61945,40390,88093,0.816,0.339,38.958549,-95.247567
University of Kentucky,Lexington,KY,Southeast,Public,4-year,Bachelor's,0.9294,1215,24763,0.2252,0.2336,61932,34391,13502,34140,0.7142,22500,47266,59025,38233,86281,0.791,0.381,38.038911,-84.504747
University of La Verne,La Verne,CA,Far West,Private nonprofit,4-year,Bachelor's,0.7117,1083,3050,0.514,0.5062,35394,62278,49470,49470,0.6312,23500,53806,65464,41064,90462,0.811,0.359,34.100855,-117.773262
University of Louisiana at Lafayette,Lafayette,LA,Southeast,Public,4-year,Bachelor's,0.8701,1219,12428,0.4151,0.3849,41648,24884,10418,24146,0.5263,22902,42668,47089,29444,69312,0.726,0.486,30.212191,-92.020165
University of Louisiana at Monroe,Monroe,LA,Southeast,Public,4-year,Bachelor's,0.8475,1116,5022,0.3477,0.3801,33055,24932,9190,21290,0.542,21500,40430,46769,29939,68912,0.69,0.46,32.527748,-92.07374
University of Louisville,Louisville,KY,Southeast,Public,4-year,Bachelor's,0.7941,1150,14727,0.306,0.3043,47376,32941,13136,29482,0.6123,20500,46571,53899,36512,79132,0.765,0.38,38.216862,-85.760412
University of Lynchburg,Lynchburg,VA,Southeast,Private nonprofit,4-year,Bachelor's,0.4301,1125,1577,0.279,0.3015,67260,50067,36750,36750,0.5736,27000,44261,56380,38040,78352,0.798,0.479,37.399774,-79.181653
University of Maine,Orono,ME,New England,Public,4-year,Bachelor's,0.9664,,8496,0.2327,0.2341,65562,27328,13326,36756,0.5494,25000,43124,48653,33048,75674,0.794,0.514,44.899257,-68.669332
University of Maine - Machias,Machias,ME,New England,Public,4-year,Not classified,,,,,0.2341,65562,,10050,18540,,25000,43124,48653,33048,75674,0.794,0.514,,
University of Maine at Augusta,Augusta,ME,New England,Public,4-year,Bachelor's,,,2659,0.3296,0.5086,23539,19052,8888,22178,0.2698,22734,36467,40342,24632,59426,0.559,0.564,44.337746,-69.796396
University of Maine at Farmington,Farmington,ME,New England,Public,4-year,Bachelor's,0.9672,1130,1140,0.3016,0.3244,53596,25822,11308,23878,0.5154,24499,31513,44433,27409,59145,0.709,0.551,44.666911,-70.147121
University of Maine at Fort Kent,Fort Kent,ME,New England,Public,4-year,Bachelor's,0.9792,,599,0.1496,0.4291,36734,18703,9420,14880,0.3944,20160,61217,51077,,87257,0.642,0.395,47.250389,-68.589319
University of Maine at Presque Isle,Presque Isle,ME,New England,Public,4-year,Bachelor's,0.9987,,1913,0.2435,0.3671,33446,19113,9402,14862,0.5155,16000,33793,40956,27152,65875,0.61,0.391,46.672285,-68.016343
University of Management and Technology,Arlington,VA,Southeast,Private for-profit,4-year,Bachelor's,,,294,0.0836,0.52,38536,,9450,9450,0.3333,,63721,68530,,103016,,,38.89743,-77.072001
University of Mary,Bismarck,ND,Plains,Private nonprofit,4-year,Bachelor's,0.753,1159,2416,0.209,0.1787,77856,33672,22356,22356,0.666,24000,50191,60909,41795,83018,0.824,0.394,46.723767,-100.75274
University of Mary Hardin-Baylor,Belton,TX,Southwest,Private nonprofit,4-year,Bachelor's,0.9576,1099,2759,0.3965,0.3244,48296,46874,32020,32020,0.4931,26000,48368,56132,35989,78352,0.79,0.463,31.066793,-97.463471
University of Mary Washington,Fredericksburg,VA,Southeast,Public,4-year,Bachelor's,0.7978,1272,3566,0.2105,0.248,80643,31137,14640,27560,0.6641,20500,49411,60613,40127,88325,0.855,0.338,38.302492,-77.476055
University of Maryland Baltimore,Baltimore,MD,Mid East,Public,4-year,Bachelor's,,,958,0.1462,0.3789,38652,,,,,15000,82754,88174,58693,118170,0.94,0.17,39.286864,-76.623983
University of Maryland Eastern Shore,Princess Anne,MD,Mid East,Public,4-year,Bachelor's,0.9641,,2391,0.5571,0.3575,34148,25941,9076,20122,0.3533,27000,34624,47697,28118,69685,0.68,0.566,38.207386,-75.686852
University of Maryland Global Campus,Adelphi,MD,Mid East,Public,4-year,Bachelor's,,,49664,0.2938,0.4647,30322,25400,8136,12336,0.3333,21000,58051,65287,38516,97764,0.786,0.322,38.912706,-76.847584
University of Maryland-Baltimore County,Baltimore,MD,Mid East,Public,4-year,Bachelor's,0.7243,1323,10701,0.3004,0.274,46405,28576,13256,31275,0.7001,19500,55137,69960,45352,100927,0.844,0.279,39.256686,-76.711607
University of Maryland-College Park,College Park,MD,Mid East,Public,4-year,Bachelor's,0.4479,1473,30760,0.1939,0.2243,67353,29299,11809,41186,0.8859,19000,67785,82860,56860,115984,0.88,0.229,38.988178,-76.944721
University of Massachusetts Global,Aliso Viejo,CA,Far West,Public,4-year,Bachelor's,,,4491,0.2246,0.4998,30485,35325,12540,12540,0.4286,24276,55438,65703,42384,90867,,0.369,33.582886,-117.727737
University of Massachusetts-Amherst,Amherst,MA,New England,Public,4-year,Bachelor's,0.5973,1423,23671,0.1994,0.2155,74291,34549,17772,40449,0.8326,22763,60347,71631,43210,103346,0.825,0.318,42.385999,-72.526728
University of Massachusetts-Boston,Boston,MA,New England,Public,4-year,Bachelor's,0.8378,1194,11512,0.4155,0.4305,31247,30544,15908,38125,0.4941,21974,53521,65865,38650,101088,0.79,0.334,42.312881,-71.036865
University of Massachusetts-Dartmouth,North Dartmouth,MA,New England,Public,4-year,Bachelor's,0.9064,1182,5221,0.3702,0.3519,49154,33485,15612,32567,0.5207,25000,51475,68804,41246,91962,0.803,0.363,41.62869,-71.004552
University of Massachusetts-Lowell,Lowell,MA,New England,Public,4-year,Bachelor's,0.8304,1285,11434,0.3,0.3177,53801,30786,16966,36264,0.6482,23704,61467,64874,40834,100222,0.836,0.365,42.652864,-71.326809
University of Memphis,Memphis,TN,Southeast,Public,4-year,Bachelor's,0.7203,1088,12701,0.4122,0.3676,28800,25169,10728,15384,0.5089,23300,40921,48458,29737,70926,0.702,0.481,35.118878,-89.938068
University of Miami,Coral Gables,FL,Southeast,Private nonprofit,4-year,Bachelor's,0.189,1415,12913,0.1486,0.201,54690,86078,62616,62616,0.8368,17500,61508,75328,49163,115933,0.845,0.232,25.72126,-80.278662
University of Michigan-Ann Arbor,Ann Arbor,MI,Great Lakes,Public,4-year,Bachelor's,0.1564,1465,34177,0.1813,0.2057,65045,34654,17736,60946,0.932,19500,73762,83648,56535,124806,0.857,0.233,42.278374,-83.73481
University of Michigan-Dearborn,Dearborn,MI,Great Lakes,Public,4-year,Bachelor's,0.5561,1115,5952,0.4624,0.3818,25334,24040,15640,32896,0.5798,22500,50389,59649,37993,91490,0.777,0.377,42.317287,-83.231417
University of Michigan-Flint,Flint,MI,Great Lakes,Public,4-year,Bachelor's,0.7046,1102,4411,0.386,0.3679,32758,20915,14704,28320,0.4031,25000,45453,53230,32439,79613,0.723,0.47,43.01875,-83.690276
University of Minnesota-Crookston,Crookston,MN,Plains,Public,4-year,Bachelor's,0.8786,,1729,0.2025,0.2904,51028,26068,13288,13288,0.4976,20500,51905,58056,41030,82100,0.799,0.353,47.802536,-96.606188
University of Minnesota-Duluth,Duluth,MN,Plains,Public,4-year,Bachelor's,0.8875,1251,7336,0.1879,0.1834,83308,27680,14610,20130,0.6472,22024,52840,62616,44422,85826,0.834,0.352,46.817126,-92.084385
University of Minnesota-Morris,Morris,MN,Plains,Public,4-year,Bachelor's,0.7493,1150,936,0.3255,0.2026,60191,27039,14526,16710,0.625,18995,43163,50919,36020,69060,0.773,0.373,45.589775,-95.899729
University of Minnesota-Rochester,Rochester,MN,Plains,Public,4-year,Bachelor's,0.71,1183,568,0.3605,0.1866,76028,28904,15016,15016,0.574,19500,57984,69020,47150,97410,0.844,0.283,44.022339,-92.463471
University of Minnesota-Twin Cities,Minneapolis,MN,Plains,Public,4-year,Bachelor's,0.7975,1362,31855,0.1765,0.1866,76028,30061,17214,38362,0.8528,19500,57984,69020,47150,97410,0.844,0.283,44.972851,-93.235464
University of Mississippi,University,MS,Southeast,Public,4-year,Bachelor's,0.9658,1184,21473,0.2173,0.235,47087,28660,9772,28600,0.7174,20000,45336,50994,33733,78452,0.782,0.392,34.365529,-89.537434
University of Mississippi Medical Center,Jackson,MS,Southeast,Public,4-year,Not classified,,,,,0.235,47087,,,,,20000,45336,50994,33733,78452,0.782,0.392,,
University of Missouri-Columbia,Columbia,MO,Plains,Public,4-year,Bachelor's,0.7847,1247,23929,0.2007,0.2005,76952,31713,14837,36056,0.7494,20500,52756,63403,42277,90496,0.834,0.323,38.94531,-92.328843
University of Missouri-Kansas City,Kansas City,MO,Plains,Public,4-year,Bachelor's,0.7218,1204,6817,0.2639,0.337,37544,25320,12587,30227,0.5546,18750,50298,59637,38427,87015,0.781,0.314,39.034179,-94.582141
University of Missouri-St Louis,Saint Louis,MO,Plains,Public,4-year,Bachelor's,0.6267,1199,5024,0.1835,0.378,29514,31199,14112,35112,0.5664,20000,47564,53037,34118,78222,0.784,0.377,38.710312,-90.311091
University of Mobile,Mobile,AL,Southeast,Private nonprofit,4-year,Bachelor's,0.7789,1220,1307,0.2565,0.3243,39700,41115,26910,26910,0.5685,26500,37411,43611,28429,59995,0.681,0.608,30.793247,-88.128934
University of Montevallo,Montevallo,AL,Southeast,Public,4-year,Bachelor's,0.5385,,2151,0.3238,0.3252,43813,27398,13948,26968,0.541,24000,35406,42957,25530,56437,0.66,0.559,33.10625,-86.865099
University of Mount Olive,Mount Olive,NC,Southeast,Private nonprofit,4-year,Bachelor's,0.7575,1050,1796,0.4471,0.4325,30172,38569,27366,27366,0.5178,27209,43026,47139,32008,66777,0.725,0.577,35.208166,-78.069388
University of Mount Saint Vincent,Bronx,NY,Mid East,Private nonprofit,4-year,Bachelor's,0.8511,1090,2692,0.4621,0.4102,34712,54170,44540,44540,0.5683,25000,53755,65756,40480,98396,0.828,0.38,40.913657,-73.908887
University of Mount Union,Alliance,OH,Great Lakes,Private nonprofit,4-year,Bachelor's,0.782,1088,1995,0.2782,0.2249,74635,49276,36600,36600,0.5865,27000,45919,53217,35488,75993,0.83,0.507,40.905256,-81.111029
University of Nebraska Medical Center,Omaha,NE,Plains,Public,4-year,Bachelor's,,,938,0.2196,0.2671,50020,,,,,15000,70417,76833,56130,103669,0.92,0.195,41.256312,-95.973966
University of Nebraska at Kearney,Kearney,NE,Plains,Public,4-year,Bachelor's,0.8949,1118,4088,0.3693,0.3438,56350,25808,8676,15284,0.5774,19500,43241,50105,35587,67898,0.769,0.389,40.701452,-99.098699
University of Nebraska at Omaha,Omaha,NE,Plains,Public,4-year,Bachelor's,0.8698,1120,11488,0.3465,0.3479,46908,21120,8718,23206,0.4708,19000,45494,53909,37105,77577,0.79,0.352,41.258769,-96.008516
University of Nebraska-Lincoln,Lincoln,NE,Plains,Public,4-year,Bachelor's,0.8749,1191,19178,0.2277,0.2202,71878,26697,10434,28584,0.6697,21000,47692,56887,40131,80043,0.812,0.369,40.817598,-96.700508
University of Nevada-Las Vegas,Las Vegas,NV,Far West,Public,4-year,Bachelor's,0.9617,1094,24622,0.401,0.4235,34261,19638,9748,27411,0.5051,19450,42865,55037,31740,80999,0.77,0.353,36.106047,-115.138462
University of Nevada-Reno,Reno,NV,Far West,Public,4-year,Bachelor's,0.7371,1132,15599,0.2289,0.3846,48103,25786,9578,27720,0.6124,18922,49182,60614,38752,87156,0.801,0.312,39.543642,-119.815377
University of New England,Biddeford,ME,New England,Private nonprofit,4-year,Bachelor's,0.9163,,2135,0.1178,0.2207,84109,63245,44210,44210,0.6835,25250,48957,55921,40794,83771,0.802,0.452,43.458591,-70.38535
University of New Hampshire College of Professional Studies Online,Manchester,NH,New England,Public,4-year,Bachelor's,,,1157,0.3182,0.1745,89334,15451,7724,9284,0.2955,26814,53671,66479,43635,98059,0.828,0.403,42.987209,-71.468755
University of New Hampshire at Manchester,Manchester,NH,New England,Public,4-year,Bachelor's,0.8087,1100,443,0.2882,0.1745,89334,20020,15838,36418,0.5,26814,53671,66479,43635,98059,0.828,0.403,42.987209,-71.468755
University of New Hampshire-Franklin Pierce School of Law,Concord,NH,New England,Public,4-year,Graduate,,,,,0.1745,89334,,,,,26814,53671,66479,43635,98059,0.828,0.403,43.207371,-71.545152
University of New Hampshire-Main Campus,Durham,NH,New England,Public,4-year,Bachelor's,0.8816,1218,11261,0.1813,0.1745,89334,35537,19202,39852,0.7607,26814,53671,66479,43635,98059,0.828,0.403,43.135934,-70.932465
University of New Haven,West Haven,CT,New England,Private nonprofit,4-year,Bachelor's,0.6038,1160,4841,0.3244,0.2856,75313,66962,47332,47332,0.6307,27000,49829,60126,42019,84847,0.83,0.449,41.291314,-72.961472
University of New Mexico-Gallup Campus,Gallup,NM,Southwest,Public,2-year,Associate,,,808,0.3587,0.4103,27972,11620,2906,5682,0.2,18450,37150,44792,23933,68866,0.669,0.412,35.502662,-108.727252
University of New Mexico-Los Alamos Campus,Los Alamos,NM,Southwest,Public,2-year,Associate,,,218,0.1549,0.4103,27972,17783,2214,5686,0.225,18450,37150,44792,23933,68866,0.669,0.412,35.886153,-106.319557
University of New Mexico-Main Campus,Albuquerque,NM,Southwest,Public,4-year,Bachelor's,0.9518,1038,17244,0.3873,0.4103,27972,21259,10140,33060,0.5469,18450,37150,44792,23933,68866,0.669,0.412,35.083868,-106.620155
University of New Mexico-Taos Campus,Ranchos de Taos,NM,Southwest,Public,2-year,Certificate,,,377,0.2877,0.4103,27972,16228,2136,5136,0.2979,18450,37150,44792,23933,68866,0.669,0.412,36.348861,-105.651709
University of New Mexico-Valencia County Campus,Los Lunas,NM,Southwest,Public,2-year,Associate,,,525,0.2313,0.4103,27972,13469,1878,5130,0.2131,18450,37150,44792,23933,68866,0.669,0.412,34.728683,-106.705371
University of New Orleans,New Orleans,LA,Southeast,Public,4-year,Bachelor's,0.7431,1052,4638,0.3912,0.4064,29218,23431,9172,14008,0.3799,18750,38410,47872,27393,72915,0.707,0.392,30.027704,-90.067142
University of North Alabama,Florence,AL,Southeast,Public,4-year,Bachelor's,0.8731,,5811,0.2435,0.3633,39436,23786,12120,22320,0.5491,22077,38295,45415,28413,64932,0.712,0.486,34.80731,-87.680407
University of North Carolina Asheville,Asheville,NC,Southeast,Public,4-year,Bachelor's,0.9192,1251,2910,0.3237,0.2184,44221,21685,7501,24849,0.5448,20500,36947,44030,28212,63894,0.712,0.466,35.617068,-82.565392
University of North Carolina School of the Arts,Winston Salem,NC,Southeast,Public,4-year,Bachelor's,0.2997,1260,945,0.2627,,67704,26470,9477,27211,0.7778,23870,24537,38357,17831,64599,0.644,0.622,36.076183,-80.235672
University of North Carolina Wilmington,Wilmington,NC,Southeast,Public,4-year,Bachelor's,0.6424,1287,14922,0.2395,0.259,52650,26547,7277,24152,0.7059,19500,46972,54967,37279,81800,0.78,0.355,34.225223,-77.875527
University of North Carolina at Chapel Hill,Chapel Hill,NC,Southeast,Public,4-year,Bachelor's,0.1534,1439,20752,0.2004,0.1994,58193,26055,8994,41203,0.9117,14000,57057,72200,48337,112339,0.854,0.194,35.911769,-79.050969
University of North Carolina at Charlotte,Charlotte,NC,Southeast,Public,4-year,Bachelor's,0.796,1231,24453,0.3394,0.284,44089,23010,7239,22492,0.6897,21500,48812,57289,38026,83186,0.796,0.375,35.306022,-80.730919
University of North Carolina at Greensboro,Greensboro,NC,Southeast,Public,4-year,Bachelor's,0.8851,1193,14062,0.5024,0.3128,37092,21373,7661,24012,0.5631,22858,39869,48160,32185,67995,0.725,0.475,36.068236,-79.809414
University of North Carolina at Pembroke,Pembroke,NC,Southeast,Public,4-year,Bachelor's,0.9326,1056,5330,0.5008,0.3656,31200,17261,3648,7648,0.4354,25000,37126,43407,28007,59070,0.68,0.576,34.688313,-79.200347
University of North Dakota,Grand Forks,ND,Plains,Public,4-year,Bachelor's,0.769,,9981,0.1715,0.1912,78651,25605,10951,15570,0.6048,22057,54588,63552,43722,88520,0.842,0.347,47.921654,-97.071738
University of North Florida,Jacksonville,FL,Southeast,Public,4-year,Bachelor's,0.5324,1153,13359,0.3075,0.3171,37074,20983,6389,20793,0.6921,15531,46546,56343,37373,79957,0.782,0.276,30.27194,-81.509144
University of North Georgia,Dahlonega,GA,Southeast,Public,4-year,Bachelor's,0.6794,1106,16146,0.2809,0.3404,44262,18177,5285,16503,0.3729,17750,43085,50135,31299,72196,0.787,0.354,34.530219,-83.985694
University of North Texas,Denton,TX,Southwest,Public,4-year,Bachelor's,0.7223,1109,34341,0.3804,0.348,40028,26243,11309,21149,0.6071,19250,46304,57010,36403,78812,0.789,0.338,33.211178,-97.148422
University of North Texas Health Science Center,Fort Worth,TX,Southwest,Public,4-year,Bachelor's,,,41,0.1176,,,,,,,,,93615,65977,159469,0.963,,32.749907,-97.369138
University of Northern Colorado,Greeley,CO,Rocky Mountains,Public,4-year,Bachelor's,0.8585,1082,5598,0.2618,0.3517,51738,29254,12416,27266,0.5124,20470,43756,52231,35297,71676,0.767,0.392,40.410855,-104.692777
University of Northern Iowa,Cedar Falls,IA,Plains,Public,4-year,Bachelor's,0.9274,1122,7529,0.2739,0.2249,70582,22278,9936,21712,0.6792,19691,47222,55177,40595,72594,0.829,0.357,42.514923,-92.459703
University of Northwestern Ohio,Lima,OH,Great Lakes,Private nonprofit,4-year,Associate,,,2494,0.3394,0.4414,44572,26266,13875,13875,0.5402,17084,45639,50968,33222,69979,0.742,0.335,40.762917,-84.157004
University of Northwestern-St Paul,Saint Paul,MN,Plains,Private nonprofit,4-year,Bachelor's,0.9347,1173,1442,0.1573,0.1643,69363,51325,37920,37920,0.6813,21325,47544,50755,31895,73634,0.696,0.42,45.033703,-93.167822
University of Notre Dame,Notre Dame,IN,Great Lakes,Private nonprofit,4-year,Bachelor's,0.1127,1520,8818,0.1374,0.1024,112232,83271,65025,65025,0.9517,19000,86210,99980,67690,141307,0.921,0.19,41.703058,-86.238959
University of Notre Dame -,Chicago,IL,Great Lakes,Private nonprofit,4-year,Not classified,,,,,0.1024,112232,,,,,19000,86210,99980,67690,141307,0.921,0.19,,
University of Oklahoma-Health Sciences Center,Oklahoma City,OK,Southwest,Public,4-year,Bachelor's,,,1214,0.2861,0.2837,50976,,,,,20654,52216,63126,40536,92565,0.82,0.327,35.47928,-97.496289
University of Oklahoma-Norman Campus,Norman,OK,Southwest,Public,4-year,Bachelor's,0.766,1246,22734,0.2497,0.2837,50976,28872,9797,27377,0.7533,20654,52216,63126,40536,92565,0.82,0.327,35.209407,-97.444211
University of Oregon,Eugene,OR,Far West,Public,4-year,Bachelor's,0.883,1272,20497,0.2135,0.2845,51607,34793,16137,44598,0.7169,20139,46084,61324,36885,90526,0.768,0.328,44.045146,-123.075792
University of Pennsylvania,Philadelphia,PA,Mid East,Private nonprofit,4-year,Bachelor's,0.054,1553,10650,0.1653,0.1876,39832,89028,68686,68686,0.9654,15715,90555,111371,69735,183142,0.907,0.141,39.950929,-75.19391
University of Phoenix-Arizona,Phoenix,AZ,Southwest,Private for-profit,4-year,Bachelor's,,,85991,0.4981,0.5435,18602,19909,9552,9552,0.2084,31553,35359,37752,18569,59631,0.786,0.836,33.41128,-112.012761
University of Pikeville,Pikeville,KY,Southeast,Private nonprofit,4-year,Bachelor's,,,1135,0.3803,0.4482,23445,33420,24850,24850,0.4167,20679,34508,48231,32010,70429,0.577,0.429,37.479232,-82.521063
University of Pittsburgh-Bradford,Bradford,PA,Mid East,Public,4-year,Bachelor's,0.8854,1125,995,0.4706,0.2097,81308,30478,14770,26644,0.4761,24250,54240,66125,43765,96619,0.838,0.367,41.943415,-78.673701
University of Pittsburgh-Greensburg,Greensburg,PA,Mid East,Public,4-year,Bachelor's,0.9521,1160,1305,0.3771,0.2097,81308,30141,14710,26584,0.397,24250,54240,66125,43765,96619,0.838,0.367,40.276447,-79.532676
University of Pittsburgh-Johnstown,Johnstown,PA,Mid East,Public,4-year,Bachelor's,0.9484,1105,1808,0.3237,0.2097,81308,30349,14906,26780,0.5582,24250,54240,66125,43765,96619,0.838,0.367,40.265957,-78.834163
University of Pittsburgh-Pittsburgh Campus,Pittsburgh,PA,Mid East,Public,4-year,Bachelor's,0.5808,1370,20370,0.1398,0.2097,81308,38105,21926,41430,0.855,24250,54240,66125,43765,96619,0.838,0.367,40.444388,-79.953254
University of Pittsburgh-Titusville,Titusville,PA,Mid East,Public,2-year,Associate,0.3478,,33,0.5357,0.2097,81308,25231,11918,22210,0.0,24250,54240,66125,43765,96619,0.838,0.367,41.628697,-79.664156
University of Portland,Portland,OR,Far West,Private nonprofit,4-year,Bachelor's,0.8917,1277,2957,0.221,0.1793,90442,73224,58100,58100,0.7984,21370,67913,82804,56963,112160,0.849,0.258,45.572724,-122.726691
University of Providence,Great Falls,MT,Rocky Mountains,Private nonprofit,4-year,Bachelor's,0.5028,980,528,0.3292,0.4,44229,43477,30448,30448,0.2794,18750,37734,48296,30699,69928,0.622,0.388,47.490713,-111.270604
University of Puerto Rico,Bayamon,PR,Outlying Areas,Public,4-year,Bachelor's,0.3533,,2851,0.8692,0.1821,19142,12501,6284,6284,0.3706,5500,22382,34409,21475,53632,,0.16,18.371398,-66.143541
University of Puerto Rico at Cayey,Cayey,PR,Outlying Areas,Public,4-year,Bachelor's,0.53,955,2069,0.7588,0.1913,17544,15909,5354,5354,0.4983,5000,21819,30958,20415,48488,,0.162,18.11882,-66.162066
University of Puerto Rico at Ponce,Ponce,PR,Outlying Areas,Public,4-year,Bachelor's,0.5245,,2278,0.8262,0.2143,17959,17193,5354,5354,0.4618,5500,22404,31394,19115,49117,,0.175,17.993314,-66.606215
University of Puerto Rico-Aguadilla,Aguadilla,PR,Outlying Areas,Public,4-year,Bachelor's,0.814,909,1883,0.8261,0.2815,15989,14498,5954,5954,0.4633,5500,18193,27997,15965,46016,,0.196,18.498652,-67.13793
University of Puerto Rico-Arecibo,Arecibo,PR,Outlying Areas,Public,4-year,Bachelor's,0.5918,,2669,0.8896,0.2242,16175,17710,5354,5354,0.52,4500,19546,30512,18436,45917,,0.147,18.469199,-66.74114
University of Puerto Rico-Carolina,Carolina,PR,Outlying Areas,Public,4-year,Bachelor's,0.5454,932,2404,0.7603,0.1844,20302,19396,7986,7986,0.3727,5500,22317,30626,18884,45745,,0.18,18.392069,-65.990165
University of Puerto Rico-Humacao,Humacao,PR,Outlying Areas,Public,4-year,Bachelor's,0.548,,2529,0.8058,0.2227,18717,19547,5364,5364,0.4712,5500,20013,29521,17850,44472,,0.186,18.146589,-65.838602
University of Puerto Rico-Mayaguez,Mayaguez,PR,Outlying Areas,Public,4-year,Bachelor's,0.5652,,9539,0.6489,0.1702,20875,21637,5274,5274,0.491,8250,32706,48992,26813,81247,,0.168,18.211142,-67.139172
University of Puerto Rico-Medical Sciences,San Juan,PR,Outlying Areas,Public,4-year,Bachelor's,,,233,0.5402,0.169,18236,,,,,,38222,45953,25893,74500,,,18.396548,-66.074894
University of Puerto Rico-Rio Piedras,San Juan,PR,Outlying Areas,Public,4-year,Bachelor's,0.5459,,8572,0.6647,0.1558,19938,15118,5354,5354,0.5026,5500,22417,35723,20985,57886,,0.154,18.402826,-66.050009
University of Puerto Rico-Utuado,Utuado,PR,Outlying Areas,Public,4-year,Associate,0.6411,,325,0.8423,0.2724,13787,20908,5354,5354,0.2326,3500,21063,23906,13011,37861,,0.146,18.254577,-66.721667
University of Puget Sound,Tacoma,WA,Far West,Private nonprofit,4-year,Bachelor's,0.7225,1296,1594,0.1728,0.1232,90104,78378,62898,62898,0.6799,25000,46802,69594,43124,102646,0.819,0.359,47.26308,-122.478982
University of Redlands,Redlands,CA,Far West,Private nonprofit,4-year,Bachelor's,0.8271,1241,2049,0.3645,0.3523,57353,76630,60878,60878,0.6727,26000,61686,72690,44770,100345,0.8,0.358,34.064218,-117.163218
University of Rhode Island,Kingston,RI,New England,Public,4-year,Bachelor's,0.7216,1160,13381,0.2176,0.2633,80298,34321,16942,37146,0.7331,22250,57446,69743,44076,101736,0.824,0.319,41.484691,-71.527356
University of Richmond,University of Richmond,VA,Southeast,Private nonprofit,4-year,Bachelor's,0.222,1497,2980,0.1716,0.1226,73024,80961,65230,65230,0.852,21000,67927,76178,50485,111727,0.884,0.276,37.577393,-77.538806
University of Rio Grande,Rio Grande,OH,Great Lakes,Private nonprofit,4-year,Associate,,,1400,0.3363,0.5242,29830,33716,20560,20560,0.3602,17750,34323,41478,22364,62423,0.61,0.428,38.881764,-82.378852
University of Rochester,Rochester,NY,Mid East,Private nonprofit,4-year,Bachelor's,0.4008,1488,6331,0.1725,0.1868,62874,85962,67080,67080,0.8543,21000,68333,79042,50106,116695,0.848,0.266,43.126397,-77.631202
University of Saint Francis-Fort Wayne,Fort Wayne,IN,Great Lakes,Private nonprofit,4-year,Bachelor's,0.9597,981,1567,0.4385,0.3594,52419,47223,36460,36460,0.5497,25976,47944,55362,38198,77897,0.771,0.469,41.087205,-85.177246
University of Saint Joseph,West Hartford,CT,New England,Private nonprofit,4-year,Bachelor's,0.7859,950,838,0.3265,0.4222,44704,59900,47278,47278,0.6376,27000,52053,59908,43084,88688,0.847,0.451,41.781041,-72.72965
University of Saint Mary,Leavenworth,KS,Plains,Private nonprofit,4-year,Bachelor's,0.8663,1029,925,0.3815,0.3571,55329,48728,35380,35380,0.4776,22018,54827,59483,38980,85139,0.765,0.37,39.279396,-94.906743
University of San Diego,San Diego,CA,Far West,Private nonprofit,4-year,Bachelor's,0.5238,,5671,0.2092,0.2486,70085,78720,59486,59486,0.8367,22940,64995,86522,56511,125761,0.847,0.265,32.770816,-117.192073
University of San Francisco,San Francisco,CA,Far West,Private nonprofit,4-year,Bachelor's,0.6171,1295,5287,0.2796,0.2801,57928,80141,60492,60492,0.7006,23000,69951,89812,55032,140551,0.84,0.256,37.776618,-122.450477
University of Science and Arts of Oklahoma,Chickasha,OK,Southwest,Public,4-year,Bachelor's,0.6582,1152,941,0.512,0.4318,34238,20662,9000,20190,0.4413,21750,35520,41913,22278,57467,0.646,0.519,35.031392,-97.95641
University of Scranton,Scranton,PA,Mid East,Private nonprofit,4-year,Bachelor's,0.8123,1237,3554,0.2406,0.2035,99655,69552,53983,53983,0.7979,27000,62921,74652,51775,101526,0.881,0.362,41.406556,-75.656915
University of Silicon Valley,San Jose,CA,Far West,Private for-profit,4-year,Bachelor's,0.5118,,455,0.4974,0.2791,35952,35722,22480,22480,0.2874,31000,39802,51017,27722,,0.802,0.608,37.414049,-121.94087
University of Sioux Falls,Sioux Falls,SD,Plains,Private nonprofit,4-year,Bachelor's,0.8289,,1218,0.2884,0.2472,62319,34274,21750,21750,0.6291,23249,46712,54521,38541,78768,0.773,0.426,43.531574,-96.738229
University of South Alabama,Mobile,AL,Southeast,Public,4-year,Bachelor's,0.7096,1147,8879,0.3796,0.3343,36199,25476,10116,19092,0.5267,24929,41307,49379,30000,73471,0.703,0.505,30.696033,-88.178711
University of South Carolina Aiken,Aiken,SC,Southeast,Public,4-year,Bachelor's,0.7854,1120,2962,0.3924,0.3271,38484,21540,10760,21218,0.3985,24275,39689,45603,30146,68565,0.718,0.532,33.572704,-81.767612
University of South Carolina Beaufort,Bluffton,SC,Southeast,Public,4-year,Bachelor's,0.725,,2052,0.4011,0.3096,36860,24353,10730,21776,0.3399,24000,39214,48088,30645,71645,0.632,0.499,32.303308,-80.973595
University of South Carolina-Columbia,Columbia,SC,Southeast,Public,4-year,Bachelor's,0.6015,1297,29820,0.1911,0.1953,74190,31638,12688,35972,0.7882,21500,50621,62177,41018,93729,0.794,0.346,33.996788,-81.026935
University of South Carolina-Lancaster,Lancaster,SC,Southeast,Public,2-year,Associate,0.8344,,668,0.0997,,,18682,7558,18238,0.2465,9616,35206,39426,24439,57977,,0.244,34.736282,-80.787069
University of South Carolina-Salkehatchie,Allendale,SC,Southeast,Public,2-year,Associate,0.7599,,271,0.199,0.439,22814,19297,7558,18238,0.304,11000,28655,31360,17095,47444,0.546,0.351,33.014312,-81.301838
University of South Carolina-Sumter,Sumter,SC,Southeast,Public,2-year,Associate,0.7406,,716,0.1797,0.3663,29037,17964,7558,18238,0.3923,9250,36439,42437,27212,59757,0.673,0.218,33.934698,-80.373459
University of South Carolina-Union,Union,SC,Southeast,Public,2-year,Associate,0.6222,,270,0.1006,0.3508,25564,19112,7558,18238,0.4759,11000,34202,33699,18974,49036,0.619,0.326,34.717771,-81.621042
University of South Carolina-Upstate,Spartanburg,SC,Southeast,Public,4-year,Bachelor's,0.6726,1099,4038,0.4619,0.3514,37445,25124,11588,23090,0.4304,22310,43339,48587,32831,71756,0.717,0.459,34.996403,-81.970583
University of South Dakota,Vermillion,SD,Plains,Public,4-year,Bachelor's,0.9878,1125,5439,0.1866,0.2425,64844,24422,9432,12942,0.5991,23592,46290,51926,37336,70894,0.79,0.454,42.786019,-96.925283
University of South Florida,Tampa,FL,Southeast,Public,4-year,Bachelor's,0.4319,1227,37207,0.2936,0.3575,32495,22859,6410,17324,0.7676,17988,48328,57743,38636,84504,0.782,0.312,28.061458,-82.413232
University of Southern California,Los Angeles,CA,Far West,Private nonprofit,4-year,Bachelor's,0.0981,1495,20443,0.2224,0.2472,45149,90300,72097,72097,0.9183,18000,74461,92498,58692,141338,0.862,0.195,34.021281,-118.284169
University of Southern Indiana,Evansville,IN,Great Lakes,Public,4-year,Certificate,0.9581,1141,5292,0.229,0.3547,54413,22383,10066,22907,0.4818,20105,42323,47605,32217,68038,0.704,0.422,37.962374,-87.677214
University of Southern Maine,Portland,ME,New England,Public,4-year,Bachelor's,0.7923,1116,4222,0.2828,0.3284,35814,23717,11284,27944,0.4035,19060,47107,49958,29640,79076,0.741,0.382,43.662863,-70.274247
University of Southern Mississippi,Hattiesburg,MS,Southeast,Public,4-year,Bachelor's,0.9912,1190,10075,0.4628,0.326,27959,26566,9998,11998,0.4906,22500,37710,44140,28070,66054,0.725,0.51,31.32661,-89.331236
University of Spa & Cosmetology Arts,Springfield,IL,Great Lakes,Private for-profit,Less than 2-year,Certificate,,,164,0.4694,0.4821,21980,,,,0.6364,4584,24853,27084,13364,41821,0.395,0.169,39.76672,-89.710839
University of St Francis,Joliet,IL,Great Lakes,Private nonprofit,4-year,Bachelor's,0.6529,1141,1223,0.3934,0.4238,57522,46239,38110,38110,0.6682,21079,56648,63926,45128,90346,0.827,0.33,41.532225,-88.096057
University of St Thomas,Houston,TX,Southwest,Private nonprofit,4-year,Bachelor's,0.8992,1090,3220,0.4164,0.3779,35252,45672,34634,34634,0.6877,19928,49971,59224,37152,82590,0.801,0.336,29.736438,-95.393102
University of St Thomas,Saint Paul,MN,Plains,Private nonprofit,4-year,Bachelor's,0.8536,1296,6245,0.2177,0.1377,94928,66116,54398,54398,0.7638,23250,62412,73739,51278,104019,0.879,0.315,44.943439,-93.188986
University of St. Augustine for Health Sciences,San Marcos,CA,Far West,Private for-profit,4-year,Graduate,,,,,,,,,,,,,79150,,91955,,,33.151849,-117.165964
University of Texas Southwestern Medical Center,Dallas,TX,Southwest,Public,4-year,Graduate,,,,,,4070,,,,,,,76860,60673,93631,0.918,,32.812307,-96.841156
University of Toledo,Toledo,OH,Great Lakes,Public,4-year,Bachelor's,0.9202,1235,9770,0.2746,0.3345,48412,26512,12744,22104,0.5704,22250,44162,50632,30611,76768,0.764,0.439,41.660572,-83.614714
University of Tulsa,Tulsa,OK,Southwest,Private nonprofit,4-year,Bachelor's,0.6151,1389,2813,0.2696,0.2285,56709,64459,50061,50061,0.7229,21500,54779,61408,36467,100122,0.784,0.35,36.152324,-95.945941
University of Utah,Salt Lake City,UT,Rocky Mountains,Public,4-year,Bachelor's,0.8598,1257,27264,0.1959,0.2944,38625,25557,9620,30860,0.6505,19000,55239,67170,40587,99335,0.798,0.283,40.762484,-111.846044
University of Valley Forge,Phoenixville,PA,Mid East,Private nonprofit,4-year,Bachelor's,0.612,,471,0.4739,0.3333,36580,45422,25240,25240,0.4904,27000,35671,39016,22009,57865,0.599,0.692,40.117835,-75.5469
University of Vermont,Burlington,VT,New England,Public,4-year,Bachelor's,0.653,1374,11743,0.1315,0.1151,92817,35649,19058,45502,0.7859,20951,48164,62472,39819,91148,0.794,0.335,44.477325,-73.196646
University of Virginia's College at Wise,Wise,VA,Southeast,Public,4-year,Bachelor's,0.2854,1050,1101,0.3977,0.3679,35325,26593,11780,28010,0.4706,16750,39725,45325,32165,64827,0.757,0.37,36.970602,-82.559656
University of Virginia-Main Campus,Charlottesville,VA,Southeast,Public,4-year,Bachelor's,0.1681,1480,17597,0.1555,0.158,75580,39926,21803,59512,0.956,17500,72359,86863,59194,130294,0.885,0.201,38.035665,-78.503428
University of Washington-Bothell Campus,Bothell,WA,Far West,Public,4-year,Bachelor's,0.906,,5457,0.2864,0.3273,39205,26908,12919,43155,0.6532,14615,62979,78466,50171,115782,0.838,0.186,47.759773,-122.191293
University of Washington-Seattle Campus,Seattle,WA,Far West,Public,4-year,Bachelor's,0.3915,,31942,0.1486,0.3273,39205,32446,12973,43209,0.8518,14615,62979,78466,50171,115782,0.838,0.186,47.65538,-122.30514
University of Washington-Tacoma Campus,Tacoma,WA,Far West,Public,4-year,Bachelor's,0.8252,,4185,0.3966,0.3273,39205,25346,13168,43404,0.6324,14615,62979,78466,50171,115782,0.838,0.186,47.244594,-122.438541
University of West Alabama,Livingston,AL,Southeast,Public,4-year,Bachelor's,0.4265,1015,2974,0.5817,0.4032,25552,22758,10990,20090,0.347,24944,37106,44232,27937,62576,0.681,0.564,32.588132,-88.186329
University of West Florida,Pensacola,FL,Southeast,Public,4-year,Bachelor's,0.5824,1138,9330,0.3309,0.361,34584,19947,6360,19241,0.588,16624,42204,49137,32366,73762,0.727,0.338,30.549076,-87.218511
University of West Georgia,Carrollton,GA,Southeast,Public,4-year,Bachelor's,0.5161,1032,7520,0.404,0.3188,36595,21981,6088,17800,0.4349,23970,41000,49587,31963,69802,0.723,0.483,33.573621,-85.097762
University of Western States,Portland,OR,Far West,Private nonprofit,4-year,Bachelor's,,,0,,,8829,,,,,,26840,27382,10155,41813,0.69,,45.5365193,-122.580586
University of Wisconsin-Eau Claire,Eau Claire,WI,Great Lakes,Public,4-year,Bachelor's,0.8234,1220,8895,0.1964,0.2198,79294,21705,9642,19228,0.6381,20909,50011,58561,43086,79920,0.841,0.357,44.798284,-91.501906
University of Wisconsin-Green Bay,Green Bay,WI,Great Lakes,Public,4-year,Bachelor's,0.8859,1120,6341,0.2183,0.3631,53209,19366,8700,17288,0.4822,18500,46546,52528,38607,73130,0.782,0.352,44.532298,-87.919973
University of Wisconsin-La Crosse,La Crosse,WI,Great Lakes,Public,4-year,Bachelor's,0.755,1220,9277,0.1441,0.2138,83835,19593,10070,19517,0.7096,22500,49626,60378,44880,81523,0.856,0.373,43.81568,-91.23186
University of Wisconsin-Madison,Madison,WI,Great Lakes,Public,4-year,Bachelor's,0.452,1427,36902,0.1594,0.1681,92428,28679,11603,42103,0.8955,20484,61275,73792,52171,108161,0.869,0.278,43.075409,-89.404098
University of Wisconsin-Milwaukee,Milwaukee,WI,Great Lakes,Public,4-year,Bachelor's,0.9068,1090,16758,0.3275,0.3305,50518,22756,10398,22398,0.4932,23000,45851,54990,36406,76601,0.782,0.418,43.076848,-87.880488
University of Wisconsin-Milwaukee Flex,Milwaukee,WI,Great Lakes,Public,4-year,Bachelor's,1.0,,543,0.1845,0.3305,50518,,,,,23000,45851,54990,36406,76601,0.782,0.418,43.076848,-87.880488
University of Wisconsin-Oshkosh,Oshkosh,WI,Great Lakes,Public,4-year,Bachelor's,0.865,1090,6877,0.1607,0.3102,65029,19652,8532,16446,0.4614,21500,50140,55548,40222,76239,0.807,0.387,44.026206,-88.549369
University of Wisconsin-Parkside,Kenosha,WI,Great Lakes,Public,4-year,Bachelor's,0.7539,1090,2844,0.3503,0.4095,42730,18199,8270,17429,0.404,20492,42154,51129,33245,72867,0.719,0.401,42.647718,-87.855231
University of Wisconsin-Parkside Flex,Kenosha,WI,Great Lakes,Public,4-year,Bachelor's,,,172,0.2238,0.4095,42730,,,,,20492,42154,51129,33245,72867,0.719,0.401,42.645603,-87.855007
University of Wisconsin-Platteville,Platteville,WI,Great Lakes,Public,4-year,Bachelor's,0.8938,1190,5837,0.211,0.2874,71248,21266,8644,17603,0.5576,21977,54825,61760,43703,83326,0.819,0.356,42.733451,-90.48622
University of Wisconsin-River Falls,River Falls,WI,Great Lakes,Public,4-year,Bachelor's,0.8172,1150,4205,0.2083,0.2645,69526,19781,9008,17470,0.57,20500,46524,54458,38018,72674,0.803,0.376,44.8534,-92.622641
University of Wisconsin-Stevens Point,Stevens Point,WI,Great Lakes,Public,4-year,Bachelor's,0.918,1150,7306,0.287,0.3057,63572,20079,9488,18508,0.5078,21503,43371,52021,37608,69056,0.788,0.413,44.529582,-89.570934
University of Wisconsin-Stout,Menomonie,WI,Great Lakes,Public,4-year,Bachelor's,0.8767,1150,5842,0.2386,0.2784,70070,22797,10701,19265,0.5486,23000,50251,58084,40531,80699,0.818,0.396,44.873187,-91.926653
University of Wisconsin-Superior,Superior,WI,Great Lakes,Public,4-year,Bachelor's,0.9301,1090,1807,0.3082,0.2959,47927,19860,8812,16726,0.4188,22500,41868,49606,34128,67440,0.719,0.454,46.717629,-92.091007
University of Wisconsin-Whitewater,Whitewater,WI,Great Lakes,Public,4-year,Bachelor's,0.8572,1050,9405,0.2517,0.2996,70028,18719,8616,18716,0.589,23188,47909,55356,40426,75834,0.803,0.419,42.835563,-88.742368
University of Wyoming,Laramie,WY,Rocky Mountains,Public,4-year,Bachelor's,0.9688,,7944,0.2275,0.2773,54734,24818,7768,24178,0.5884,18000,48360,56880,37256,80898,0.773,0.316,41.311773,-105.57931
University of the Cumberlands,Williamsburg,KY,Southeast,Private nonprofit,4-year,Bachelor's,0.9881,,6941,0.5338,0.3977,38747,25567,9875,9875,0.5043,14911,39046,45036,28579,63134,0.645,0.331,36.737048,-84.161646
University of the District of Columbia,Washington,DC,Mid East,Public,4-year,Associate,,,3351,0.3579,0.5079,19867,20437,5662,12514,0.3324,24872,36358,44236,21221,68748,0.642,0.562,38.943819,-77.066247
University of the Incarnate Word,San Antonio,TX,Southwest,Private nonprofit,4-year,Bachelor's,0.9814,,4440,0.446,0.4326,36409,48681,37090,37090,0.5098,27000,47625,56733,35538,80251,0.789,0.476,29.46708,-98.46583
University of the Ozarks,Clarksville,AR,Southeast,Private nonprofit,4-year,Bachelor's,0.5951,1105,767,0.3984,0.3469,40932,38666,25950,25950,0.5148,20875,37651,44384,32523,60124,0.781,0.47,35.476278,-93.467221
University of the Pacific,Stockton,CA,Far West,Private nonprofit,4-year,Bachelor's,0.7132,1346,3204,0.3612,0.3502,44822,71515,57080,57080,0.6905,19500,62672,78445,50494,122307,0.868,0.249,37.981424,-121.312301
University of the Potomac-VA Campus,FALLS CHURCH,VA,Southeast,Private for-profit,4-year,Bachelor's,,,157,0.0,0.4833,25639,,6660,6660,0.5,8769,38444,34961,13216,58024,0.738,0.251,38.906944,-77.216062
University of the Potomac-Washington DC Campus,Washington,DC,Mid East,Private for-profit,4-year,Associate,,,809,0.2444,0.4833,25639,,6660,6660,0.3333,8769,38444,34961,13216,58024,0.738,0.251,38.90054,-77.032531
University of the Southwest,Hobbs,NM,Southwest,Private nonprofit,4-year,Bachelor's,,,346,0.5519,0.4688,33345,28210,16670,16670,0.1698,21303,36600,45389,25950,68358,0.78,0.469,32.775496,-103.186948
University of the Virgin Islands,Charlotte Amalie,VI,Outlying Areas,Public,4-year,Bachelor's,0.9898,938,1518,0.4874,0.4662,24471,17771,5957,16557,0.2823,16800,32360,38681,23467,56467,0.648,0.434,18.344193,-64.972866
University of the Virgin Islands-Albert A. Sheen,St. Croix,VI,Outlying Areas,Public,4-year,Not classified,,,,,0.4662,24471,,5957,16557,,16800,32360,38681,23467,56467,0.648,0.434,,
Upper Iowa University,Fayette,IA,Plains,Private nonprofit,4-year,Bachelor's,0.9646,1090,1994,0.3179,0.4508,31130,34022,19475,19475,0.3389,25000,48776,52766,34231,73435,0.737,0.474,42.838283,-91.799543
Upper Valley Career Center,Piqua,OH,Great Lakes,Public,Less than 2-year,Certificate,,,131,0.5474,0.6358,21115,,,,0.7778,8793,37137,52170,34635,68127,0.584,0.169,40.161207,-84.213946
Upstate Medical University,Syracuse,NY,Mid East,Public,4-year,Bachelor's,,,159,0.2712,0.3504,35952,,,,,15000,83990,92257,68972,132568,0.947,0.163,43.041819,-76.140009
Urban Academy of Beauty,Rio Rancho,NM,Southwest,Private for-profit,Less than 2-year,Certificate,,,0,,0.4975,19724,,,,,10556,20360,33273,12968,50068,,0.317,35.241061,-106.677601
Urban College of Boston,Boston,MA,New England,Private nonprofit,2-year,Associate,,,438,0.2525,0.7117,16240,19353,7608,7608,0.0,,33241,35472,15266,46290,0.489,,42.352922,-71.0642
Ursinus College,Collegeville,PA,Mid East,Private nonprofit,4-year,Bachelor's,0.9177,1310,1491,0.2011,0.1885,99302,76815,61210,61210,0.7328,27000,54542,73721,50224,106026,0.858,0.366,40.193023,-75.456505
Ursuline College,Pepper Pike,OH,Great Lakes,Private nonprofit,4-year,Bachelor's,0.7493,1097,670,0.4301,0.344,37541,50523,38990,38990,0.6667,26250,45646,56878,37235,76180,0.811,0.462,41.497035,-81.465118
Uta Mesivta of Kiryas Joel,Monroe,NY,Mid East,Private nonprofit,4-year,Bachelor's,,,2957,0.874,,18200,21682,16000,16000,0.7019,,27871,31853,17639,64208,,,41.333864,-74.161179
Utah County Campus,Orem,UT,Rocky Mountains,Private for-profit,Less than 2-year,Not classified,,,,,0.391,26804,,,,,7667,22336,27153,12587,46302,,0.282,,
Utah State University,Logan,UT,Rocky Mountains,Public,4-year,Bachelor's,0.9247,1187,20272,0.2578,0.2836,42950,21654,9228,24802,0.5913,14340,44822,54022,28475,80715,0.723,0.265,41.740748,-111.81391
Utah Tech University,Saint George,UT,Rocky Mountains,Public,4-year,Certificate,,,8552,0.2208,0.39,35331,20763,6306,18246,0.3839,15000,37959,44570,22563,69999,0.644,0.337,37.102769,-113.565903
Utah Valley University,Orem,UT,Rocky Mountains,Public,4-year,Associate,,,28453,0.2292,0.2722,31983,14765,6507,18489,0.4511,14750,46825,55486,30185,86094,0.722,0.266,40.281078,-111.716456
Utica University,Utica,NY,Mid East,Private nonprofit,4-year,Bachelor's,0.9195,1110,2278,0.3337,0.3156,47546,37205,26930,26930,0.5624,22500,57422,63277,40485,90057,0.782,0.356,43.096213,-75.272916
VICI Beauty School,Greenfield,WI,Great Lakes,Private for-profit,2-year,Certificate,,,109,0.627,0.4575,31568,,,,0.8812,6333,28628,32393,17563,46406,0.472,0.196,42.969877,-88.049912
Valdosta State University,Valdosta,GA,Southeast,Public,4-year,Bachelor's,0.7229,1013,6622,0.5228,0.3075,35444,20801,6124,17836,0.4236,24779,39416,49361,31232,69186,0.736,0.502,30.847402,-83.289282
Valencia College,Orlando,FL,Southeast,Public,4-year,Certificate,,,39486,0.3914,0.4215,23247,18529,2664,9576,0.478,9300,32638,40594,22495,60732,0.623,0.229,28.520783,-81.464275
Valley City State University,Valley City,ND,Plains,Public,4-year,Bachelor's,0.9907,1041,958,0.1689,0.2625,59878,20468,8514,13544,0.5333,20369,45820,52725,37044,69067,0.724,0.386,46.918517,-98.00389
Valley College - Fairlawn - School of Nursing,Fairlawn,OH,Great Lakes,Private nonprofit,Less than 2-year,Not classified,,,,,0.6305,13262,,,,,9500,25548,24900,11892,37503,0.449,0.382,,
Valley College-Beckley,Beckley,WV,Southeast,Private nonprofit,2-year,Certificate,,,165,0.7407,0.635,10322,,,,0.625,9500,22156,24070,14412,36066,0.311,0.395,37.789287,-81.187539
Valley College-Cleveland,Cleveland,OH,Great Lakes,Private nonprofit,2-year,Certificate,,,887,0.7279,0.6305,13262,,,,0.5738,9500,25548,24900,11892,37503,0.449,0.382,41.419409,-81.747723
Valley College-Martinsburg,Martinsburg,WV,Southeast,Private nonprofit,4-year,Certificate,,,765,0.7545,0.6305,13262,,,,0.6643,9500,25548,24900,11892,37503,0.449,0.382,39.486897,-77.959272
Valley Forge Military College,Wayne,PA,Mid East,Private nonprofit,2-year,Associate,,,90,0.2941,0.3362,37909,53511,32176,32176,0.9583,9500,36080,50798,22899,83769,0.756,0.187,40.053697,-75.382097
Valley Grande Institute for Academic Studies,Weslaco,TX,Southwest,Private nonprofit,Less than 2-year,Certificate,,,84,0.9524,0.6426,15130,,,,0.8,9500,30701,33472,20318,57161,0.516,0.284,26.158256,-97.990391
Valparaiso University,Valparaiso,IN,Great Lakes,Private nonprofit,4-year,Bachelor's,0.8943,1178,2083,0.2732,0.2881,70535,58437,48450,48450,0.7037,26942,55216,63191,42013,89612,0.84,0.426,41.462239,-87.040172
Vance-Granville Community College,Henderson,NC,Southeast,Public,2-year,Associate,,,1665,0.3112,0.5153,17595,13153,1944,6552,0.5259,,29763,34304,17061,50529,0.481,,36.323887,-78.487651
VanderCook College of Music,Chicago,IL,Great Lakes,Private nonprofit,4-year,Bachelor's,0.8947,,76,0.2626,,59619,44613,30910,30910,0.6667,27000,45704,47863,30624,64978,,0.564,41.836833,-87.629138
Vanderbilt University,Nashville,TN,Southeast,Private nonprofit,4-year,Bachelor's,0.0586,1549,7208,0.2022,0.1223,58118,89590,67498,67498,0.9354,14000,73909,91565,59554,138460,0.892,0.153,36.14659,-86.803369
Vanguard University of Southern California,Costa Mesa,CA,Far West,Private nonprofit,4-year,Bachelor's,0.6244,,1933,0.4378,0.3588,42880,52665,41700,41700,0.5677,22000,43464,59541,33700,85469,0.676,0.369,33.662686,-117.900911
Vanguard-Sentinel Adult Career and Technology Center,Fremont,OH,Great Lakes,Public,Less than 2-year,Certificate,,,7,0.087,,12685,,,,1.0,,32599,33907,20713,48155,,,41.365056,-83.128188
Vantage Career Center,Van Wert,OH,Great Lakes,Public,Less than 2-year,Certificate,,,104,0.1174,,24442,,,,0.9194,11978,36131,33875,18763,49477,0.476,0.354,40.882295,-84.570198
Vassar College,Poughkeepsie,NY,Mid East,Private nonprofit,4-year,Bachelor's,0.1857,1494,2444,0.1924,0.1418,71194,87419,71030,71030,0.9108,18625,49177,71366,47264,105378,0.827,0.261,41.686895,-73.895088
Vaughn College of Aeronautics and Technology,Flushing,NY,Mid East,Private nonprofit,4-year,Associate,,,1302,0.4967,0.4709,21529,47346,29810,29810,0.3919,21125,48890,64973,37053,100054,0.797,0.325,40.768348,-73.881721
Veeb Nassau County School of Practical Nursing,Hicksville,NY,Mid East,Public,Less than 2-year,Certificate,,,193,0.2835,0.477,26146,45829,20230,20230,0.475,9500,58467,62185,42858,87837,0.821,0.153,40.766548,-73.520569
Velvatex College of Beauty Culture,Little Rock,AR,Southeast,Private for-profit,Less than 2-year,Certificate,,,8,1.0,0.6364,4800,,,,0.6429,,14400,17412,,34417,,,34.735685,-92.289597
Venango County Area Vocational Technical School,Oil City,PA,Mid East,Public,Less than 2-year,Certificate,0.3846,,59,0.7077,0.6456,20530,,,,0.4828,13500,38241,38161,25097,52201,,0.354,41.426492,-79.687135
Ventura Adult and Continuing Education,Ventura,CA,Far West,Public,Less than 2-year,Certificate,,,74,0.4663,0.5312,11367,,,,0.9706,3920,38049,38232,20584,56320,0.565,0.103,34.256061,-119.219561
Ventura College,Ventura,CA,Far West,Public,2-year,Associate,,,10150,0.2622,0.5666,22348,9306,1426,9615,0.3846,13876,34084,43430,23425,66769,0.623,0.32,34.277393,-119.230604
Venus Beauty Academy,Aston,PA,Mid East,Private for-profit,Less than 2-year,Certificate,,,56,0.3853,0.614,19300,,,,0.8472,7388,18877,22727,9987,38880,0.384,0.325,39.855718,-75.422229
Vermont State University,Randolph,VT,New England,Public,4-year,Bachelor's,0.8167,,3590,0.3413,0.3809,42873,25988,11952,22296,0.4722,15000,41340,50331,35188,74896,0.783,0.298,43.939623,-72.604498
Vernon College,Vernon,TX,Southwest,Public,2-year,Associate,,,2113,0.4176,0.4644,25710,14564,3720,6120,0.2102,11000,34881,40464,22354,63679,0.623,0.272,34.159298,-99.319094
Vet Tech Institute,Pittsburgh,PA,Mid East,Private for-profit,2-year,Associate,0.7755,,183,0.5327,0.424,38971,24268,17320,17320,0.7412,13623,33750,34583,19635,46363,0.489,0.394,40.443884,-80.000229
Vet Tech Institute of Houston,Houston,TX,Southwest,Private for-profit,2-year,Associate,0.8095,,200,0.5632,0.5,28513,19973,16324,16324,0.5455,12000,34979,35765,19661,48851,0.661,0.336,29.728907,-95.455533
Vet Tech Institute of Indiana,Indianapolis,IN,Great Lakes,Private for-profit,2-year,Associate,0.7519,,123,0.5724,0.4765,37621,23846,17170,17170,0.6364,12000,33081,38146,24798,49370,0.553,0.315,39.885628,-86.041648
Victor Valley College,Victorville,CA,Far West,Public,4-year,Associate,,,4210,0.5598,0.5647,14660,8974,1425,10125,0.6176,,30153,36119,15917,60943,0.523,,34.472231,-117.261456
Victor Valley Community College - Aviation Technology,Victorville,CA,Far West,Public,2-year,Not classified,,,,,0.5647,14660,,1425,10125,,,30153,36119,15917,60943,0.523,,,
Victoria Beauty & Barber College,Victoria,TX,Southwest,Private for-profit,Less than 2-year,Certificate,,,73,0.549,0.5038,11644,,,,0.2727,9500,16701,18831,8660,33256,0.214,0.504,28.807928,-96.990854
Victoria College,Victoria,TX,Southwest,Public,2-year,Associate,,,2351,0.365,0.5084,22254,10514,2976,5328,0.2927,10500,34679,42382,24621,66315,0.652,0.248,28.816446,-96.979226
Victoria's Academy of Cosmetology,Kennewick,WA,Far West,Private for-profit,Less than 2-year,Certificate,,,34,0.514,0.5669,15714,,,,0.9551,7830,24761,24668,13133,44498,,0.317,46.206992,-119.118142
Villa Maria College,Buffalo,NY,Mid East,Private nonprofit,4-year,Bachelor's,0.8659,,603,0.6477,0.379,23000,36335,28670,28670,0.3145,21250,33635,38857,17948,52822,0.529,0.547,42.91223,-78.796823
Villanova University,Villanova,PA,Mid East,Private nonprofit,4-year,Bachelor's,0.2698,1460,6938,0.1202,0.1257,110409,84793,67776,67776,0.9186,25874,84905,100423,71695,138720,0.907,0.258,40.036463,-75.340502
Vincennes Beauty College,Vincennes,IN,Great Lakes,Private for-profit,Less than 2-year,Certificate,,,27,0.2414,,20854,,,,0.3333,,19807,20064,7937,37038,,,38.679739,-87.53241
Vincennes University,Vincennes,IN,Great Lakes,Public,4-year,Certificate,,,3657,0.0882,0.4161,31863,21310,7126,16858,0.3892,12000,35834,41110,23034,59999,0.638,0.292,38.686318,-87.523407
Virginia Commonwealth University,Richmond,VA,Southeast,Public,4-year,Bachelor's,0.9262,1137,20753,0.3119,0.276,51128,38954,16945,40109,0.6318,21500,47161,58128,37933,84890,0.779,0.37,37.54962,-77.452697
Virginia Highlands Community College,Abingdon,VA,Southeast,Public,2-year,Certificate,,,1349,0.4337,0.5,19517,12955,5022,11460,0.4006,,31926,32681,18350,49153,0.508,,36.698866,-82.001118
Virginia Military Institute,Lexington,VA,Southeast,Public,4-year,Bachelor's,0.7125,1244,1527,0.1647,0.1525,99470,34824,21046,52638,0.7621,22996,63545,77369,52604,90374,0.876,0.297,37.7896,-79.437067
Virginia Peninsula Community College,Hampton,VA,Southeast,Public,2-year,Associate,,,3941,0.2603,0.3904,23866,13576,5088,11526,0.3393,9500,31354,37996,19221,57708,0.598,0.25,37.063821,-76.420046
Virginia Polytechnic Institute and State University,Blacksburg,VA,Southeast,Public,4-year,Bachelor's,0.5478,1364,30923,0.1529,0.1776,89378,36951,15948,37764,0.8622,21500,67377,81698,53415,113356,0.883,0.263,37.229012,-80.423675
Virginia State University,Petersburg,VA,Southeast,Public,4-year,Bachelor's,0.8863,948,5074,0.7213,0.3416,30103,27661,10043,22650,0.3944,26500,33630,45543,27137,65094,0.673,0.582,37.234692,-77.419026
Virginia Union University,Richmond,VA,Southeast,Private nonprofit,4-year,Bachelor's,0.9799,850,1203,0.6867,0.4081,26681,29075,17450,17450,0.3415,29000,27977,38275,22194,53574,0.649,0.758,37.562405,-77.450903
Virginia University of Lynchburg,Lynchburg,VA,Southeast,Private nonprofit,4-year,Bachelor's,,,125,0.7471,0.5203,17828,25328,11360,11360,0.3762,24250,24718,28396,14193,44950,,0.854,37.395187,-79.151615
Virginia Wesleyan University,Virginia Beach,VA,Southeast,Private nonprofit,4-year,Bachelor's,0.7287,,1256,0.2712,0.3087,47832,51255,37500,37500,0.4164,27000,39200,50074,32037,72086,0.745,0.539,36.868417,-76.18606
Virginia Western Community College,Roanoke,VA,Southeast,Public,2-year,Certificate,,,3898,0.3032,0.4424,23676,11768,5400,11838,0.4012,11000,33847,38787,21582,56450,0.586,0.284,37.245029,-79.973011
Visible Music College,Memphis,TN,Southeast,Private nonprofit,4-year,Bachelor's,0.2803,1050,79,0.4881,,36162,31820,22000,22000,0.2286,9500,32345,35933,21159,48282,,0.264,35.144586,-90.049381
Viterbo University,La Crosse,WI,Great Lakes,Private nonprofit,4-year,Bachelor's,0.7243,1190,1249,0.2626,0.2816,67276,45558,34250,34250,0.6838,25000,56804,55660,38772,77048,0.764,0.449,43.803133,-91.244297
Volunteer State Community College,Gallatin,TN,Southeast,Public,2-year,Associate,,,5339,0.3331,0.4578,25592,16401,4756,17740,0.2818,7550,36045,41150,24273,58163,0.623,0.183,36.362518,-86.497127
Voorhees University,Denmark,SC,Southeast,Private nonprofit,4-year,Bachelor's,,,440,0.7669,0.3911,17446,25574,12630,12630,0.4295,26700,24199,35339,18828,49657,0.47,0.756,33.307199,-81.127863
Wabash College,Crawfordsville,IN,Great Lakes,Private nonprofit,4-year,Bachelor's,0.633,1180,866,0.2367,,88462,65144,50800,50800,0.7701,27000,52667,69952,43277,97893,0.879,0.386,40.037588,-86.906
Wade College,Dallas,TX,Southwest,Private for-profit,4-year,Associate,,,252,0.6552,0.3333,24036,25506,17692,17692,0.5417,22938,28055,36657,16529,56971,0.514,0.626,32.800854,-96.819516
Wagner College,Staten Island,NY,Mid East,Private nonprofit,4-year,Bachelor's,0.88,1243,1651,0.2385,0.2845,75806,65574,53200,53200,0.6514,25000,63439,74360,47410,108167,0.821,0.336,40.615588,-74.092913
Wake Forest University,Winston-Salem,NC,Southeast,Private nonprofit,4-year,Bachelor's,0.2167,1475,5485,0.1009,0.1197,94263,87499,67642,67642,0.8915,21500,67722,78158,53216,126384,0.875,0.275,36.133609,-80.277446
Wake Technical Community College,Raleigh,NC,Southeast,Public,2-year,Certificate,,,19675,0.283,0.384,24587,15953,2254,6862,0.3296,12000,35300,41769,23081,62435,0.606,0.287,35.650151,-78.706126
Walden University,Minneapolis,MN,Plains,Private for-profit,4-year,Bachelor's,,,9136,0.5518,0.5081,29738,35358,12762,12762,,20834,50657,42810,22490,68123,0.845,0.487,44.98125,-93.265738
Waldorf University,Forest City,IA,Plains,Private nonprofit,4-year,Bachelor's,0.7698,,1827,0.3552,0.4626,40142,39675,25978,25978,0.2114,18752,50515,51165,31771,79077,0.733,0.367,43.262923,-93.641714
Walla Walla Community College,Walla Walla,WA,Far West,Public,4-year,Associate,,,2418,0.3162,0.4568,23492,19268,5279,6700,0.3822,14000,37119,43526,24760,67809,0.628,0.322,46.078557,-118.276505
Walla Walla University,College Place,WA,Far West,Private nonprofit,4-year,Bachelor's,,,1252,0.2598,0.1661,65228,45903,34227,34227,0.599,26842,52840,61885,37548,88335,0.732,0.434,46.048088,-118.389555
Walnut Hill College,Philadelphia,PA,Mid East,Private for-profit,4-year,Associate,0.4272,,175,0.315,0.4346,34833,35504,29499,29499,0.5763,18765,33867,36689,18105,53311,0.635,0.511,39.955098,-75.20749
Walsh College,Troy,MI,Great Lakes,Private nonprofit,4-year,Bachelor's,,,445,0.3474,0.4819,28076,,,,,16217,64114,72081,46942,100874,0.833,0.225,42.573888,-83.147197
Walsh University,North Canton,OH,Great Lakes,Private nonprofit,4-year,Bachelor's,0.7074,1193,1390,0.2736,0.3418,65294,47575,35745,35745,0.585,27000,50090,59764,40103,80565,0.78,0.452,40.873908,-81.369931
Walters State Community College,Morristown,TN,Southeast,Public,2-year,Associate,,,3591,0.304,0.5583,20244,14313,4752,17736,0.3333,,31089,37085,21488,53290,0.543,,36.213179,-83.262503
Warner Pacific University,Portland,OR,Far West,Private nonprofit,4-year,Bachelor's,0.7114,,375,0.4786,0.4659,35115,38948,22220,22220,0.4918,25000,45660,55204,34428,78883,0.697,0.453,45.506265,-122.592498
Warner Pacific University Professional and Graduate Studies,Portland,OR,Far West,Private nonprofit,4-year,Bachelor's,0.5935,,144,0.3292,0.4659,35115,,14640,14640,,25000,45660,55204,34428,78883,0.697,0.453,45.506265,-122.592498
Warner University,Lake Wales,FL,Southeast,Private nonprofit,4-year,Bachelor's,0.4281,932,756,0.5088,0.4251,29095,41044,29992,29992,0.4213,22250,39589,46086,26799,60997,0.764,0.483,27.825751,-81.599972
Warren County Career Center,Lebanon,OH,Great Lakes,Public,Less than 2-year,Certificate,,,263,0.1492,0.57,28490,,,,0.7742,5500,45661,49016,23143,74988,,0.112,39.488772,-84.202969
Warren County Community College,Washington,NJ,Mid East,Public,2-year,Associate,,,836,0.0985,0.4979,28462,13314,5460,6360,0.3889,9300,37919,43359,22704,63708,0.663,0.214,40.744812,-75.018309
Warren Wilson College,Swannanoa,NC,Southeast,Private nonprofit,4-year,Bachelor's,0.7134,1350,707,0.396,0.204,44436,56966,41500,41500,0.42,25000,27723,36260,16552,53465,0.542,0.689,35.610328,-82.442619
Warrensburg Area Career Center,Warrensburg,MO,Plains,Public,Less than 2-year,Certificate,1.0,,31,0.5217,,22395,,,,1.0,,36872,37242,14662,57356,,,38.761649,-93.70714
Wartburg College,Waverly,IA,Plains,Private nonprofit,4-year,Bachelor's,0.7584,1136,1452,0.2212,0.1735,83926,64359,26250,26250,0.643,27000,48795,56201,41047,77239,0.84,0.48,42.7277,-92.483387
Washburn Institute of Technology,Topeka,KS,Plains,Public,2-year,Certificate,,,615,0.1348,0.3781,36446,14251,8880,8880,0.6766,18127,42881,49774,32138,69324,0.743,0.364,39.04497,-95.751158
Washburn University,Topeka,KS,Plains,Public,4-year,Bachelor's,,,4562,0.3359,0.3781,36446,21512,9945,20949,0.5296,18127,42881,49774,32138,69324,0.743,0.364,39.033778,-95.702222
Washington & Jefferson College,Washington,PA,Mid East,Private nonprofit,4-year,Bachelor's,0.8064,,1295,0.3115,0.216,79951,42972,29392,29392,0.6952,27000,52082,67918,45838,101438,0.852,0.398,40.170622,-80.24049
Washington Adventist University,Takoma Park,MD,Mid East,Private nonprofit,4-year,Bachelor's,0.4618,980,452,0.3719,0.3519,34060,34309,26604,26604,0.2865,30500,40114,64249,41754,94418,0.701,0.475,38.986349,-77.000608
Washington Barber College Inc,Little Rock,AR,Southeast,Private for-profit,Less than 2-year,Certificate,,,43,1.0,0.5548,2597,,,,0.8889,14000,16718,8579,,37089,,1.632,34.69065,-92.335352
Washington College,Chestertown,MD,Mid East,Private nonprofit,4-year,Bachelor's,0.5689,1280,891,0.226,0.1604,88294,73314,55326,55326,0.6537,26956,48763,65518,47119,93980,0.815,0.411,39.217329,-76.06878
Washington County Career Center-Adult Technical Training,Marietta,OH,Great Lakes,Public,Less than 2-year,Certificate,,,193,0.1924,0.5948,20006,,,,0.7879,,34353,43749,29687,68358,,,39.43299,-81.50106
Washington County Community College,Calais,ME,New England,Public,2-year,Certificate,,,443,0.3869,0.4412,24686,13731,4156,7036,0.5517,,,34407,20455,47980,0.529,,45.165537,-67.243306
Washington Health System School of Nursing,Washington,PA,Mid East,Private nonprofit,2-year,Certificate,,,37,0.2821,,38241,,,,,14750,51836,63504,38169,81671,0.831,0.232,40.183984,-80.245709
Washington Saratoga Warren Hamilton Essex BOCES-Practical Nursing Program,Hudson Falls,NY,Mid East,Public,Less than 2-year,Certificate,0.8776,,35,0.7632,,28265,,,,0.7857,,44415,48129,28482,65821,0.648,,43.32149,-73.594331
Washington State College of Ohio,Marietta,OH,Great Lakes,Public,4-year,Associate,,,1484,0.2981,0.4715,27858,12847,4128,4152,0.3238,11000,34205,37988,20293,55956,0.516,0.29,39.430824,-81.43392
Washington State University,Pullman,WA,Far West,Public,4-year,Bachelor's,0.8664,,21099,0.2738,0.3409,44850,27648,13391,29950,0.605,19500,53510,68905,43186,97582,0.813,0.283,46.730448,-117.158168
Washington State University - Everett Campus,Everett,WA,Far West,Public,4-year,Not classified,,,,,0.3409,44850,,,,,19500,53510,68905,43186,97582,0.813,0.283,,
Washington State University - Global Campus,Pullman,WA,Far West,Public,4-year,Not classified,,,,,0.3409,44850,,11678,13021,,19500,53510,68905,43186,97582,0.813,0.283,,
Washington State University-Spokane,Spokane,WA,Far West,Public,4-year,Not classified,,,,,0.3409,44850,,,,,19500,53510,68905,43186,97582,0.813,0.283,,
Washington State University-Tri Cities,Richland,WA,Far West,Public,4-year,Not classified,,,,,0.3409,44850,,12261,28820,,19500,53510,68905,43186,97582,0.813,0.283,,
Washington State University-Vancouver,Vancouver,WA,Far West,Public,4-year,Not classified,,,,,0.3409,44850,,11937,28496,,19500,53510,68905,43186,97582,0.813,0.283,,
Washington University in St Louis,St. Louis,MO,Plains,Private nonprofit,4-year,Bachelor's,0.1206,1530,7857,0.1775,0.1141,88696,88488,65790,65790,0.9426,17500,78073,86182,60733,137446,0.896,0.203,38.647929,-90.310604
Washington and Lee University,Lexington,VA,Southeast,Private nonprofit,4-year,Bachelor's,0.1397,1498,1881,0.1133,,115740,87000,68045,68045,0.9388,19500,76516,94810,64147,141033,0.873,0.206,37.788939,-79.443018
Washtenaw Community College,Ann Arbor,MI,Great Lakes,Public,2-year,Certificate,,,7816,0.2803,0.3917,21966,11826,2736,6504,0.3294,13310,33799,39449,18980,62107,0.555,0.337,42.26361,-83.66559
Waubonsee Community College,Sugar Grove,IL,Great Lakes,Public,2-year,Associate,,,5721,0.2137,0.4935,30454,19336,3504,10477,0.3891,7000,39016,44788,25469,67992,0.62,0.156,41.795955,-88.459925
Waukesha County Technical College,Pewaukee,WI,Great Lakes,Public,2-year,Certificate,,,4955,0.1015,0.4342,27380,15531,4872,7115,0.4437,12000,41251,46894,28690,65945,0.695,0.256,43.071444,-88.256292
Wayland Baptist University,Plainview,TX,Southwest,Private nonprofit,4-year,Bachelor's,0.5596,,2041,0.457,0.4546,32295,36323,23782,23782,0.1929,23106,44159,51838,33771,77809,0.759,0.446,34.187677,-101.730042
Wayne Community College,Goldsboro,NC,Southeast,Public,2-year,Certificate,,,2739,0.3722,0.4739,21064,11096,2566,8710,0.4931,6500,31900,34148,18213,49961,0.524,0.19,35.403079,-77.945873
Wayne County Community College District,Detroit,MI,Great Lakes,Public,2-year,Associate,,,7423,0.3156,0.5362,10130,15401,3112,4067,0.2211,12062,21336,29079,11953,48505,0.479,0.415,42.327299,-83.054497
Wayne County Schools Career Center,Smithville,OH,Great Lakes,Public,Less than 2-year,Certificate,,,146,0.3762,0.6266,22445,,,,0.7021,7574,39934,42774,27216,57179,0.511,0.177,40.863781,-81.868927
Wayne State College,Wayne,NE,Plains,Public,4-year,Bachelor's,,,3010,0.258,0.3419,56926,22565,8216,8216,0.5215,19000,40857,47075,33248,63570,0.717,0.404,42.241556,-97.015122
Wayne State University,Detroit,MI,Great Lakes,Public,4-year,Bachelor's,0.8116,1156,15587,0.4569,0.376,28606,27350,15190,32037,0.5844,21250,45207,53493,29797,79117,0.725,0.397,42.358994,-83.068998
Waynesburg University,Waynesburg,PA,Mid East,Private nonprofit,4-year,Bachelor's,0.8982,1090,1009,0.3816,0.2635,69370,44397,30480,30480,0.6554,27000,48994,58537,40386,84282,0.801,0.461,39.899871,-80.186205
Waynesville Career Center,Waynesville,MO,Plains,Public,Less than 2-year,Certificate,,,27,0.6667,,28996,,,,0.7778,,48063,40979,15801,55911,0.725,,37.811315,-92.21393
Weatherford College,Weatherford,TX,Southwest,Public,4-year,Associate,,,5094,0.2553,0.4874,27894,15978,5250,10860,0.3462,9948,36014,42397,22701,63919,0.597,0.235,32.74133,-97.792629
Webber International University,Babson Park,FL,Southeast,Private nonprofit,4-year,Bachelor's,0.694,,813,0.4767,0.3668,39516,50989,33770,33770,0.2796,25250,37691,45606,26734,70198,0.668,0.554,27.838778,-81.532315
Weber State University,Ogden,UT,Rocky Mountains,Public,4-year,Associate,,,16360,0.1652,0.3735,35841,16035,6557,17545,0.462,15113,47061,56287,33236,82915,0.737,0.268,41.192591,-111.944845
Webster University,Saint Louis,MO,Plains,Private nonprofit,4-year,Bachelor's,0.8623,1102,2304,0.2882,0.3013,41650,51188,31750,31750,0.6439,23000,39656,50876,32114,75788,0.757,0.452,38.588875,-90.345151
Weill Medical College of Cornell University,New York,NY,Mid East,Private nonprofit,4-year,Graduate,,,,,0.1542,75110,,,,,14000,87830,104043,67090,166446,0.903,0.135,40.764738,-73.954839
Welch College,Gallatin,TN,Southeast,Private nonprofit,4-year,Bachelor's,,,226,0.2821,,44611,37072,21400,21400,0.5342,19500,34190,42198,26564,58201,0.617,0.462,36.36719,-86.549153
Welder Training and Testing Institute,Allentown,PA,Mid East,Private for-profit,Less than 2-year,Certificate,,,55,0.2469,0.6528,19617,,,,0.8475,,47773,55598,30446,79013,,,40.626469,-75.447263
WellSpring School of Allied Health-Kansas City,Kansas City,MO,Plains,Private for-profit,2-year,Certificate,,,208,0.898,0.4615,22781,,,,0.6702,7917,28506,29839,16583,48865,,0.265,38.963226,-94.604997
WellSpring School of Allied Health-Lawrence,Lawrence,KS,Plains,Private for-profit,2-year,Associate,,,37,0.8197,0.4615,22781,,,,1.0,7917,28506,29839,16583,48865,,0.265,38.965848,-95.235123
WellSpring School of Allied Health-Springfield,Springfield,MO,Plains,Private for-profit,2-year,Certificate,,,90,0.8029,0.4615,22781,,,,0.7647,7917,28506,29839,16583,48865,,0.265,37.158926,-93.317069
WellSpring School of Allied Health-Wichita,Wichita,KS,Plains,Private for-profit,2-year,Associate,,,58,0.8172,0.4615,22781,,,,0.7,7917,28506,29839,16583,48865,,0.265,37.673622,-97.443119
Wellesley College,Wellesley,MA,New England,Private nonprofit,4-year,Bachelor's,0.1405,1520,2300,0.2113,0.1718,59990,86290,67176,67176,0.9153,10000,65961,84803,55457,141028,0.853,0.118,42.291554,-71.306605
Wenatchee Valley College,Wenatchee,WA,Far West,Public,4-year,Associate,,,1759,0.2731,0.5275,23128,20827,5267,5636,0.433,10332,37011,41127,23153,62684,0.632,0.251,47.431234,-120.337198
Wentworth Institute of Technology,Boston,MA,New England,Private nonprofit,4-year,Bachelor's,0.9121,1229,3747,0.2311,0.2472,82446,61096,42884,42884,0.6824,25028,71868,82721,58416,112775,0.875,0.303,42.336632,-71.094983
Wes Watkins Technology Center,Wetumka,OK,Southwest,Public,Less than 2-year,Certificate,,,195,0.2039,0.5172,12922,,,,0.9828,,31033,32209,19230,44287,0.469,,35.233305,-96.266262
Wesleyan College,Macon,GA,Southeast,Private nonprofit,4-year,Bachelor's,0.591,1075,400,0.4579,0.3516,30956,40721,27650,27650,0.4452,24094,35630,44317,25212,60741,0.655,0.544,32.876037,-83.715417
Wesleyan University,Middletown,CT,New England,Private nonprofit,4-year,Bachelor's,0.1649,1501,3067,0.1419,0.196,60146,89020,70342,70342,0.9264,17000,60385,73897,46198,125026,0.8,0.23,41.554665,-72.657146
West Chester University of Pennsylvania,West Chester,PA,Mid East,Public,4-year,Bachelor's,0.784,1187,14164,0.254,0.2813,75332,28394,10775,22599,0.7051,23500,51013,61258,41905,83592,0.81,0.384,39.953398,-75.59812
West Coast University-Anaheim-Orange County,Anaheim,CA,Far West,Private for-profit,4-year,Bachelor's,,,3192,0.411,0.3973,29657,34887,22506,22506,0.6,32946,96114,102672,61405,132904,0.786,0.321,33.81104,-117.911811
West Coast University-Center for Graduate Studies,Los Angeles,CA,Far West,Private for-profit,4-year,Graduate,,,,,0.3973,29657,,,,,32946,96114,102672,61405,132904,0.786,0.321,34.081505,-118.29131
West Coast University-Los Angeles,North Hollywood,CA,Far West,Private for-profit,4-year,Bachelor's,,,,,0.3973,29657,,,,,32946,96114,102672,61405,132904,0.786,0.321,,
West Coast University-Miami,Doral,FL,Southeast,Private for-profit,4-year,Bachelor's,,,961,0.6211,0.3973,29657,36468,23317,23317,0.3333,32946,96114,102672,61405,132904,0.786,0.321,25.81071,-80.347651
West Coast University-Ontario,Ontario,CA,Far West,Private for-profit,4-year,Bachelor's,,,2671,0.4934,0.3973,29657,53706,36854,36854,0.3889,32946,96114,102672,61405,132904,0.786,0.321,34.066591,-117.590035
West Coast University-Texas,Richardson,TX,Southwest,Private for-profit,4-year,Bachelor's,,,2673,0.4481,0.3973,29657,55938,36854,36854,0.3125,32946,96114,102672,61405,132904,0.786,0.321,34.187134,-118.39941
West Georgia Technical College,Waco,GA,Southeast,Public,2-year,Certificate,,,5163,0.4146,0.4755,22099,11209,3410,5978,0.3539,11110,32803,35479,18056,53505,0.52,0.313,33.691657,-85.183666
West Kentucky Community and Technical College,Paducah,KY,Southeast,Public,2-year,Certificate,,,2851,0.3309,0.4772,19678,14084,4728,6432,0.4983,8986,29823,34891,18094,52276,0.508,0.258,37.054081,-88.658762
West Liberty University,West Liberty,WV,Southeast,Public,4-year,Bachelor's,0.9727,1045,1511,0.3188,0.3563,45145,23809,8893,17442,0.5953,23250,36822,43296,28311,61253,0.668,0.537,40.164417,-80.602256
West Los Angeles College,Culver City,CA,Far West,Public,4-year,Certificate,,,7284,0.2096,0.5406,14188,17336,1238,10572,0.2789,13500,32538,38537,16385,61620,0.582,0.35,34.004512,-118.386664
West Shore Community College,Scottville,MI,Great Lakes,Public,2-year,Associate,,,782,0.3016,0.434,22000,10637,4470,8820,0.2717,9089,34841,36115,19511,55927,0.534,0.252,44.008512,-86.336122
West Texas A & M University,Canyon,TX,Southwest,Public,4-year,Bachelor's,0.9868,1050,6917,0.4111,0.3938,42482,23482,9101,10996,0.5504,19500,44399,50741,34234,71388,0.775,0.384,34.982789,-101.914736
West Valley College,Saratoga,CA,Far West,Public,2-year,Associate,,,6416,0.1194,0.4591,17594,13717,0,8702,0.5072,,41764,51688,25974,81444,0.654,,37.26398,-122.008324
West Virginia Junior College-Bridgeport,Bridgeport,WV,Southeast,Private for-profit,2-year,Associate,,,146,0.68,0.5643,15664,25936,14798,14798,0.5172,8270,26253,27472,13755,38572,0.331,0.301,39.284512,-80.271826
West Virginia Junior College-Charleston,Cross Lanes,WV,Southeast,Private for-profit,2-year,Associate,,,394,0.7382,0.5643,15664,22249,14798,14798,0.5952,8270,26253,27472,13755,38572,0.331,0.301,38.422967,-81.789743
West Virginia Junior College-Morgantown,Morgantown,WV,Southeast,Private for-profit,4-year,Associate,,,673,0.7449,0.6096,18881,24052,14798,14798,0.7111,9881,30544,31912,17949,46876,0.409,0.31,39.63248,-79.955006
West Virginia Junior College-United Career Institute,Irwin,PA,Mid East,Private for-profit,2-year,Certificate,,,61,0.7719,0.6096,18881,25440,14798,14798,0.7778,9881,30544,31912,17949,46876,0.409,0.31,40.321221,-79.690734
West Virginia Northern Community College,Wheeling,WV,Southeast,Public,2-year,Associate,,,1014,0.3682,0.4855,21195,13512,4706,12698,0.3333,10245,31298,30162,15886,48309,0.515,0.34,40.063318,-80.721263
West Virginia State University,Institute,WV,Southeast,Public,4-year,Bachelor's,0.9596,955,1321,0.2014,0.4339,30715,19772,9570,14990,0.3918,23338,32849,40492,24235,56182,0.588,0.576,38.380541,-81.765034
West Virginia University,Morgantown,WV,Southeast,Public,4-year,Bachelor's,0.89,1122,17385,0.2157,0.3039,60096,26415,10104,28608,0.6466,22500,45181,55939,35542,84067,0.772,0.402,39.634371,-79.954391
West Virginia University Hospital Departments of Rad Tech and Nutrition,Morgantown,WV,Southeast,Private nonprofit,4-year,Certificate,,,62,0.1333,,46069,,,,,,,69666,52489,79783,,,39.654269,-79.957959
West Virginia University Institute of Technology,Beckley,WV,Southeast,Public,4-year,Bachelor's,0.3668,1033,981,0.2738,0.3039,60096,18907,8424,21072,0.3296,22500,45181,55939,35542,84067,0.772,0.402,37.775924,-81.184072
West Virginia University at Parkersburg,Parkersburg,WV,Southeast,Public,4-year,Associate,,,1868,0.3278,0.449,25134,9420,4612,9124,0.0909,12570,31076,35171,18143,55301,0.543,0.357,39.216379,-81.506192
West Virginia Wesleyan College,Buckhannon,WV,Southeast,Private nonprofit,4-year,Bachelor's,0.9334,1052,954,0.3763,0.2954,63074,48190,34090,34090,0.5714,27000,42672,51593,35845,76753,0.745,0.523,38.990661,-80.218969
Westchester School of Beauty Culture,Mount Vernon,NY,Mid East,Private for-profit,Less than 2-year,Certificate,,,59,0.5595,0.6094,14243,,,,0.7692,,21298,32170,16692,44391,,,40.912476,-73.837751
Western Area Career & Technology Center,Canonsburg,PA,Mid East,Public,Less than 2-year,Certificate,,,23,0.7955,0.5895,22614,,,,,,42272,43189,24548,60712,0.754,,40.254722,-80.246117
Western Carolina University,Cullowhee,NC,Southeast,Public,4-year,Bachelor's,0.8183,1157,10024,0.3464,0.329,46182,19992,4630,8630,0.6026,21868,43085,49458,35205,67362,0.756,0.442,35.308979,-83.186258
Western Colorado University,Gunnison,CO,Rocky Mountains,Public,4-year,Bachelor's,0.9971,1230,1586,0.1202,0.2497,61406,25736,11318,24434,0.505,20250,40037,46833,32806,66361,0.723,0.432,38.549936,-106.919132
Western Connecticut State University,Danbury,CT,New England,Public,4-year,Bachelor's,0.8701,1110,3511,0.3515,0.3798,49923,24877,13401,16901,0.5176,24147,45997,59115,31567,86883,0.785,0.408,41.400365,-73.444264
Western Dakota Technical College,Rapid City,SD,Plains,Public,2-year,Associate,,,753,0.3314,0.375,25793,18845,8294,8294,0.5419,15000,36971,40240,24996,57287,0.651,0.373,44.076648,-103.179501
Western Governors University,Salt Lake City,UT,Rocky Mountains,Private nonprofit,4-year,Bachelor's,,,155088,0.3942,0.4706,46442,16728,8658,8658,0.4618,11116,69572,60615,37733,96337,0.733,0.183,40.68481,-111.869752
Western Illinois University,Macomb,IL,Great Lakes,Public,4-year,Bachelor's,0.7118,,4410,0.2806,0.3771,36222,28254,15264,15264,0.4522,25251,43057,54163,37122,76551,0.786,0.466,40.468086,-90.686899
Western Iowa Tech Community College,Sioux City,IA,Plains,Public,2-year,Certificate,,,2647,0.2739,0.4494,30445,14894,5186,5330,0.4955,11000,35639,40473,25850,58572,0.604,0.272,42.482953,-96.348874
Western Kentucky University,Bowling Green,KY,Southeast,Public,4-year,Bachelor's,0.9387,971,12155,0.3048,0.357,41838,24188,11652,27000,0.5556,22095,38156,43889,27981,62583,0.671,0.503,36.985035,-86.456828
Western Michigan University,Kalamazoo,MI,Great Lakes,Public,4-year,Bachelor's,0.846,,12568,0.2675,0.2931,51034,29237,15252,19034,0.5757,26188,45356,53562,34853,76786,0.793,0.489,42.282194,-85.613759
Western Nebraska Community College,Scottsbluff,NE,Plains,Public,2-year,Associate,,,893,0.2719,0.4813,28423,13939,3840,4410,0.3663,9000,33557,38729,21627,59382,0.563,0.232,41.875705,-103.64249
Western Nevada College,Carson City,NV,Far West,Public,4-year,Associate,,,1910,0.1754,0.543,20639,20248,4168,12834,0.41,10500,36917,41987,22058,62586,0.57,0.25,39.186158,-119.79036
Western New England University,Springfield,MA,New England,Private nonprofit,4-year,Bachelor's,0.8348,1192,2603,0.2446,0.2455,83848,60262,47820,47820,0.6398,25500,51771,73157,48898,104001,0.867,0.349,42.115017,-72.520466
Western New Mexico University,Silver City,NM,Southwest,Public,4-year,Bachelor's,,,2026,0.4345,0.4771,21494,21562,7856,14342,0.3223,23000,31166,39095,19266,60604,0.598,0.588,32.7767,-108.283284
Western Oklahoma State College,Altus,OK,Southwest,Public,2-year,Associate,,,815,0.3694,0.4744,24576,15372,5586,9954,0.3114,9500,33374,38248,18594,58064,0.567,0.248,34.669018,-99.33699
Western Oregon University,Monmouth,OR,Far West,Public,4-year,Bachelor's,0.981,,3103,0.4113,0.4194,41710,25062,11879,32534,0.4712,20609,42537,51815,33582,71166,0.711,0.398,44.852235,-123.238309
Western Pennsylvania Hospital School of Nursing,Pittsburgh,PA,Mid East,Private nonprofit,2-year,Certificate,1.0,,164,0.3103,,38192,29938,13410,13410,0.6667,13838,61692,56487,34725,81733,0.9,0.245,40.462132,-79.945111
Western Piedmont Community College,Morganton,NC,Southeast,Public,2-year,Associate,,,1339,0.4539,0.461,22002,16642,2650,8794,0.4872,,29913,34195,17048,48630,0.518,,35.722876,-81.687345
Western Suffolk BOCES,Northport,NY,Mid East,Public,2-year,Certificate,,,286,0.3607,0.3951,26611,,,,0.8372,11339,53875,49667,18107,74227,0.716,0.228,40.877083,-73.343689
Western Technical College,El Paso,TX,Southwest,Private for-profit,4-year,Certificate,,,1206,0.1903,0.5235,20541,,,,0.7194,17277,35035,36156,20750,57043,0.565,0.478,31.675953,-106.319269
Western Technical College,La Crosse,WI,Great Lakes,Public,2-year,Certificate,,,3183,0.3221,0.3895,34889,16078,4820,7078,0.3409,11500,41169,45303,29444,63035,0.675,0.254,43.815309,-91.246191
Western Technical College,El Paso,TX,Southwest,Private for-profit,4-year,Associate,,,600,0.4853,0.5235,20541,,,,0.7163,17277,35035,36156,20750,57043,0.565,0.478,31.877794,-106.425881
Western Technology Center,Burns Flat,OK,Southwest,Public,Less than 2-year,Certificate,,,129,0.1345,0.6452,15760,,,,0.7429,,26709,29728,12894,44674,0.438,,35.352842,-99.180998
Western Texas College,Snyder,TX,Southwest,Public,2-year,Associate,,,599,0.0992,0.4801,33609,13335,3300,6150,0.5299,7515,35926,42508,23861,70808,0.583,0.177,32.678458,-100.914945
Western Washington University,Bellingham,WA,Far West,Public,4-year,Bachelor's,0.9325,1289,13544,0.2089,0.2669,51312,30359,9582,28707,0.6464,18500,45272,62569,39304,86564,0.78,0.296,48.737812,-122.485734
Western Wyoming Community College,Rock Springs,WY,Rocky Mountains,Public,4-year,Associate,,,1319,0.1952,0.4743,29391,14532,4230,10530,0.325,9000,38726,40939,22228,63841,0.634,0.22,41.590964,-109.237126
Westfield State University,Westfield,MA,New England,Public,4-year,Bachelor's,0.8141,,3615,0.3295,0.3051,63176,27649,12179,18259,0.5441,22457,46861,57346,38609,76747,0.818,0.392,42.132698,-72.796503
Westminster College,Fulton,MO,Plains,Private nonprofit,4-year,Bachelor's,0.792,1118,638,0.3828,0.27,56072,51532,35214,35214,0.5549,27000,40992,52199,35548,77814,0.771,0.517,38.849354,-91.955273
Westminster College,New Wilmington,PA,Mid East,Private nonprofit,4-year,Bachelor's,0.9256,,1041,0.2682,0.2554,71144,53003,40290,40290,0.6455,26060,43938,53861,41182,73557,0.806,0.484,41.119272,-80.331017
Westminster University,Salt Lake City,UT,Rocky Mountains,Private nonprofit,4-year,Bachelor's,0.6657,1220,823,0.2447,0.2688,56805,57616,43528,43528,0.6381,22250,52994,66215,38860,95331,0.806,0.336,40.730779,-111.855757
Westmont College,Santa Barbara,CA,Far West,Private nonprofit,4-year,Bachelor's,0.7705,1328,1302,0.2003,0.1688,87651,71150,53584,53584,0.7035,23250,53737,64778,33002,97039,0.775,0.359,34.450151,-119.662517
Westmoreland County Community College,Youngwood,PA,Mid East,Public,2-year,Associate,,,2441,0.2805,0.4436,30637,10573,6018,14424,0.3092,11000,35899,37439,19381,57126,0.606,0.294,40.234321,-79.564897
Wharton County Junior College,Wharton,TX,Southwest,Public,2-year,Associate,,,4585,0.2738,0.4269,31645,11463,3192,5904,0.2727,7703,36405,44960,24767,67812,0.696,0.171,29.3238,-96.085815
Whatcom Community College,Bellingham,WA,Far West,Public,4-year,Associate,,,2378,0.2057,0.4124,19256,19672,5115,11037,0.3639,10643,38429,44092,24360,69902,0.607,0.241,48.7939,-122.493253
Wheaton College,Wheaton,IL,Great Lakes,Private nonprofit,4-year,Bachelor's,0.874,1380,2121,0.2171,,89742,59263,45546,45546,0.8475,23250,50270,63756,38482,91183,0.719,0.365,41.870176,-88.099643
Wheaton College (Massachusetts),Norton,MA,New England,Private nonprofit,4-year,Bachelor's,0.6773,1308,1773,0.2217,0.1471,84390,79311,63960,63960,0.7282,26000,51607,67725,42510,93181,0.81,0.384,41.966637,-71.183979
Wheeling University,Wheeling,WV,Southeast,Private nonprofit,4-year,Bachelor's,0.6316,,589,0.3156,0.3673,59200,42504,29875,29875,0.2333,25125,48482,57949,39537,86644,0.781,0.434,40.070873,-80.690804
White Earth Tribal and Community College,Mahnomen,MN,Plains,Private nonprofit,2-year,Associate,,,110,0.7573,0.4848,13134,20963,5490,5490,0.1,,,18044,6118,37530,,,47.3175,-95.953099
White Mountains Community College,Berlin,NH,New England,Public,2-year,Certificate,,,450,0.4016,0.4527,28134,21739,7050,15300,0.618,11000,30905,35037,19064,53053,0.668,0.314,44.503494,-71.158535
Whitman College,Walla Walla,WA,Far West,Private nonprofit,4-year,Bachelor's,0.3815,1410,1531,0.1632,0.1168,98863,78092,64050,64050,0.8052,18437,45594,67589,44195,101439,0.797,0.273,46.069815,-118.331546
Whittier College,Whittier,CA,Far West,Private nonprofit,4-year,Bachelor's,0.8079,,764,0.3391,0.3353,64984,63664,51350,51350,0.5996,24937,46025,59492,37211,83711,0.78,0.419,33.978773,-118.032299
Whitworth University,Spokane,WA,Far West,Private nonprofit,4-year,Bachelor's,0.8978,1220,1858,0.2945,0.2422,63155,68516,52880,52880,0.7089,25000,49510,58561,38934,80121,0.77,0.427,47.753358,-117.416714
Whitworth University-Adult Degree Programs,Spokane,WA,Far West,Private nonprofit,4-year,Bachelor's,0.2857,,145,0.4588,0.2422,63155,,13560,13560,,25000,49510,58561,38934,80121,0.77,0.427,47.751642,-117.411568
Wichita State University,Wichita,KS,Plains,Public,4-year,Bachelor's,0.9395,1092,10780,0.3055,0.3634,43391,21780,9684,19869,0.5103,20500,44043,51532,33001,72524,0.738,0.398,37.718882,-97.292361
Wichita State University-Campus of Applied Sciences and Technology,Wichita,KS,Plains,Public,2-year,Certificate,,,2828,0.2274,0.4366,24244,17592,7238,7238,0.4328,9500,37617,38679,19430,60710,0.614,0.246,37.75764,-97.224151
Wichita Technical Institute,Wichita,KS,Plains,Private for-profit,Less than 2-year,Certificate,,,778,0.6217,0.626,10582,,,,0.5513,13000,29006,34101,17877,50411,0.662,0.381,37.656976,-97.371819
Widener University,Chester,PA,Mid East,Private nonprofit,4-year,Bachelor's,0.7093,1180,2951,0.328,0.3004,77624,70621,55730,55730,0.6832,27000,63375,70920,46675,97171,0.838,0.381,39.861689,-75.355363
Wilberforce University,Wilberforce,OH,Great Lakes,Private nonprofit,4-year,Bachelor's,0.405,,822,0.7409,0.465,17329,25676,16448,16448,0.1202,26468,35146,38298,17682,53841,0.623,0.691,39.707291,-83.880595
Wiley University,Marshall,TX,Southwest,Private nonprofit,4-year,Bachelor's,,,712,0.7893,0.4156,19123,19097,12500,12500,0.2424,24989,28078,33159,17006,49586,0.529,0.754,32.537641,-94.376814
Wilkes Community College,Wilkesboro,NC,Southeast,Public,2-year,Certificate,,,1355,0.4546,0.4842,21928,9844,2572,8716,0.5536,7625,32842,34728,18574,48863,0.464,0.22,36.136617,-81.182994
Wilkes University,Wilkes-Barre,PA,Mid East,Private nonprofit,4-year,Bachelor's,0.9064,1136,1985,0.3446,0.3461,62518,56765,43496,43496,0.6317,26000,54128,63454,42451,95134,0.825,0.41,41.244199,-75.890262
Wilkes-Barre Area Career and Technical Center Practical Nursing,Wilkes Barre,PA,Mid East,Public,Less than 2-year,Certificate,0.7925,,85,0.5887,0.6061,23000,,,,0.52,17678,39936,48705,33966,65398,0.748,0.363,41.262154,-75.810121
Willamette University,Salem,OR,Far West,Private nonprofit,4-year,Bachelor's,0.7709,1377,1592,0.2355,0.192,73572,67501,51156,51156,0.7124,21500,38932,56911,30585,85316,0.816,0.378,44.935457,-123.030537
William & Mary,Williamsburg,VA,Southeast,Public,4-year,Bachelor's,0.3407,1473,7055,0.1245,0.1317,96498,43035,25914,51038,0.8942,18500,62959,73490,48980,112948,0.865,0.252,37.269489,-76.708214
William Carey University,Hattiesburg,MS,Southeast,Private nonprofit,4-year,Bachelor's,0.6029,1122,2201,0.2711,0.359,24691,29651,15480,15480,0.5978,20832,37639,43087,26279,65483,0.701,0.483,31.305264,-89.291815
William Edge Institute,New Braunfels,TX,Southwest,Private for-profit,Less than 2-year,Certificate,,,73,0.3372,,9772,,,,0.9808,,17832,23040,7254,37223,0.303,,29.698282,-98.100952
William Jessup University,Rocklin,CA,Far West,Private nonprofit,4-year,Bachelor's,0.9333,1150,1294,0.3172,0.3269,47788,53703,37150,37150,0.5598,23700,43163,56257,30885,79790,0.653,0.421,38.819728,-121.292312
William Jewell College,Liberty,MO,Plains,Private nonprofit,4-year,Bachelor's,0.3836,1095,924,0.3157,0.2013,69180,35785,20610,20610,0.6766,24498,54197,59268,43279,84654,0.782,0.413,39.247844,-94.413126
William Paterson University of New Jersey,Wayne,NJ,Mid East,Public,4-year,Bachelor's,0.9008,,6614,0.4653,0.4394,35458,28476,15704,25344,0.4396,22334,44928,57780,36177,80501,0.774,0.387,40.945255,-74.200248
William Peace University,Raleigh,NC,Southeast,Private nonprofit,4-year,Bachelor's,0.9425,1170,666,0.3425,0.2937,35829,49362,34176,34176,0.4481,22250,39738,46643,31783,66735,0.645,0.477,35.789139,-78.637697
William Penn University,Oskaloosa,IA,Plains,Private nonprofit,4-year,Bachelor's,0.5188,984,1301,0.4727,0.383,38157,42874,29750,29750,0.3262,22415,40189,48936,29672,69661,0.743,0.458,41.310111,-92.647095
William R Moore College of Technology,Memphis,TN,Southeast,Private nonprofit,2-year,Certificate,,,366,0.3536,0.4615,16579,21985,9723,9723,0.5,,38931,32194,21518,50684,,,35.144855,-90.020138
William Rainey Harper College,Palatine,IL,Great Lakes,Public,2-year,Certificate,,,9313,0.197,0.4723,25797,19288,3894,11874,0.4762,10184,40035,48071,25536,73829,0.663,0.212,42.081829,-88.072811
William T McFatter Technical College,Davie,FL,Southeast,Public,2-year,Certificate,,,697,0.2159,0.44,16334,,,,0.6635,,34195,41656,24734,62109,0.632,,26.085022,-80.232201
William Woods University,Fulton,MO,Plains,Private nonprofit,4-year,Bachelor's,0.7096,,1300,0.3482,0.2979,52479,49094,30340,30340,0.4681,21983,39265,42401,29832,62939,0.713,0.518,38.860287,-91.950416
Williams Baptist University,Walnut Ridge,AR,Southeast,Private nonprofit,4-year,Bachelor's,0.8342,980,478,0.5438,0.3235,43632,33597,21070,21070,0.2564,21820,38067,38484,24778,50005,0.676,0.567,36.125676,-90.940277
Williams College,Williamstown,MA,New England,Private nonprofit,4-year,Bachelor's,0.0825,1533,2076,0.1761,0.2155,52356,84860,68560,68560,0.9361,12761,71754,88665,62574,145323,0.831,0.144,42.712725,-73.203132
Williamsburg Technical College,Kingstree,SC,Southeast,Public,2-year,Certificate,,,448,0.4181,0.5409,14844,15806,4488,8592,0.1515,,29427,29935,17026,44503,0.438,,33.657085,-79.817984
Williamson Christian College,Franklin,TN,Southeast,Private nonprofit,4-year,Bachelor's,,,41,0.3,,18354,,16090,16090,0.6667,,47309,37474,24221,49998,,,35.95616,-86.828311
Williston State College,Williston,ND,Plains,Public,2-year,Associate,,,651,0.2072,0.4212,39111,16651,6128,6128,0.4194,10099,39524,44017,21144,68242,0.645,0.229,48.158603,-103.613066
Wilmington College,Wilmington,OH,Great Lakes,Private nonprofit,4-year,Bachelor's,0.924,1029,1006,0.3885,0.3507,58976,43431,32082,32082,0.4727,24208,41889,48491,34644,70304,0.769,0.499,39.444744,-83.818342
Wilmington University,New Castle,DE,Mid East,Private nonprofit,4-year,Bachelor's,,,7906,0.2613,0.4708,29853,19644,12630,12630,0.1982,20000,49635,53844,34180,78738,0.754,0.371,39.682299,-75.586998
Wilson College,Chambersburg,PA,Mid East,Private nonprofit,4-year,Bachelor's,0.9211,1000,865,0.2347,0.43,49481,39344,27100,27100,0.4815,26328,37049,43326,30412,59095,0.697,0.608,39.949659,-77.650712
Wilson Community College,Wilson,NC,Southeast,Public,2-year,Associate,,,1373,0.312,0.5093,17419,10765,2572,8716,0.2727,10500,29332,32973,16817,48646,0.494,0.318,35.730114,-77.895663
Windward Community College,Kaneohe,HI,Far West,Public,2-year,Associate,,,1159,0.1455,0.4804,21000,15522,3194,8330,0.3139,9500,30631,38439,20583,59869,0.583,0.247,21.407051,-157.813307
Wingate University,Wingate,NC,Southeast,Private nonprofit,4-year,Bachelor's,0.9113,1111,2668,0.4424,0.2879,57960,57473,41636,41636,0.4635,25000,43992,52649,37780,77053,0.797,0.475,34.986064,-80.44305
Winona State University,Winona,MN,Plains,Public,4-year,Bachelor's,0.7549,,5144,0.2422,0.2117,74955,23683,10576,17308,0.5694,21500,51288,58532,43033,77702,0.818,0.367,44.046159,-91.643723
Winston - Salem Barber School - Satellite,Greensboro,NC,Southeast,Private for-profit,Less than 2-year,Not classified,,,,,0.4454,8534,,,,,,22632,16389,7323,43728,,,,
Winston Salem Barber School,Winston-Salem,NC,Southeast,Private for-profit,Less than 2-year,Certificate,,,29,0.7546,0.4454,8534,,,,0.6273,,22632,16389,7323,43728,,,36.067155,-80.260541
Winston-Salem State University,Winston-Salem,NC,Southeast,Public,4-year,Bachelor's,0.7826,945,4170,0.6491,0.3536,28552,23147,6126,16782,0.4668,25000,40557,45344,29750,66577,0.649,0.551,36.089554,-80.225033
Winthrop University,Rock Hill,SC,Southeast,Public,4-year,Bachelor's,0.7925,1139,3523,0.4096,0.2821,42330,30710,14678,28676,0.5698,26975,39048,47185,33671,66172,0.752,0.572,34.941515,-81.031404
Wiregrass Georgia Technical College,Valdosta,GA,Southeast,Public,2-year,Certificate,,,2887,0.4514,0.4799,16781,11034,3480,6048,0.5032,,28338,30864,16411,46280,0.426,,30.889221,-83.35381
Wisconsin Lutheran College,Milwaukee,WI,Great Lakes,Private nonprofit,4-year,Bachelor's,0.7816,1239,943,0.286,0.2937,68509,48785,36110,36110,0.6357,26000,49095,54664,37791,74006,0.767,0.476,43.036943,-88.022718
Withlacoochee Technical College,Inverness,FL,Southeast,Public,2-year,Certificate,,,278,0.3721,0.4764,17184,,,,0.6111,,30652,34279,16233,53369,0.497,,28.834861,-82.345563
Wittenberg University,Springfield,OH,Great Lakes,Private nonprofit,4-year,Bachelor's,0.7235,1179,1215,0.3486,0.2357,69012,57799,45940,45940,0.5269,27000,42437,54947,38348,77277,0.806,0.491,39.934029,-83.815445
Wofford College,Spartanburg,SC,Southeast,Private nonprofit,4-year,Bachelor's,0.5194,1296,1816,0.1564,,92257,72441,56005,56005,0.842,25732,52076,68964,47662,96651,0.871,0.373,34.959411,-81.933568
Wood County Technical Center-Practical Nursing,Parkersburg,WV,Southeast,Public,Less than 2-year,Certificate,0.75,,31,0.7778,,17044,,,,1.0,,32642,40547,26529,50438,,,39.242596,-81.54796
Woodbury University,Burbank,CA,Far West,Private nonprofit,4-year,Bachelor's,0.8165,,779,0.4618,0.4098,32542,58010,47056,47056,0.6,26960,47665,65668,38567,87865,0.78,0.411,34.208011,-118.341147
Woodland Community College,Woodland,CA,Far West,Public,2-year,Associate,,,3154,0.253,0.5843,16734,13975,1124,7656,0.4348,,34980,40042,20885,64458,,,38.660392,-121.73533
Wor-Wic Community College,Salisbury,MD,Mid East,Public,2-year,Associate,,,2169,0.4306,0.4895,21354,15190,3840,8400,0.2708,7828,32939,36748,21348,55114,0.575,0.213,38.373723,-75.499659
Worcester Polytechnic Institute,Worcester,MA,New England,Private nonprofit,4-year,Bachelor's,0.6016,,5447,0.1188,0.1338,114021,78679,60965,60965,0.8971,27000,85038,103470,77738,129699,0.929,0.261,42.274853,-71.808339
Worcester State University,Worcester,MA,New England,Public,4-year,Bachelor's,0.8799,1150,3930,0.3,0.3564,54212,22874,11786,17866,0.6145,19500,50233,60624,38887,89010,0.804,0.322,42.267526,-71.844018
Word of Life Bible Institute,Pottersville,NY,Mid East,Private nonprofit,2-year,Certificate,,,489,0.4517,0.2301,46013,22600,11500,11500,0.8042,12000,29575,36173,22586,52323,0.546,0.332,43.730713,-73.812057
Worsham College of Mortuary Science,Wheeling,IL,Great Lakes,Private for-profit,2-year,Associate,0.92,,183,0.5936,,26368,30495,20500,20500,0.7368,15024,58834,61574,34442,80253,0.734,0.244,42.147858,-87.927374
Wright State University-Lake Campus,Celina,OH,Great Lakes,Public,4-year,Bachelor's,,,892,0.2117,0.3513,45025,16340,7728,17428,0.4091,22750,42229,49500,31682,72300,0.742,0.46,40.546074,-84.509194
Wright State University-Main Campus,Dayton,OH,Great Lakes,Public,4-year,Bachelor's,0.9633,,6762,0.3447,0.3513,45025,24373,11522,21222,0.4169,22750,42229,49500,31682,72300,0.742,0.46,39.780634,-84.064881
WyoTech,Laramie,WY,Rocky Mountains,Private for-profit,2-year,Certificate,,,1334,0.4274,0.472,28634,,,,0.8533,6800,45276,50167,30127,71565,0.801,0.136,41.30354,-105.621161
Wytheville Community College,Wytheville,VA,Southeast,Public,2-year,Certificate,,,1255,0.3832,0.4707,22241,12111,5007,11445,0.4737,7500,30289,34303,18495,51565,0.548,0.219,36.95731,-81.071181
Xavier University,Cincinnati,OH,Great Lakes,Private nonprofit,4-year,Bachelor's,0.8641,1217,4207,0.1627,0.1603,93802,65476,50640,50640,0.6865,23250,54758,64873,43067,89915,0.848,0.358,39.149547,-84.47465
Xavier University of Louisiana,New Orleans,LA,Southeast,Private nonprofit,4-year,Bachelor's,0.6904,1080,2628,0.5419,0.2657,33112,40434,28733,28733,0.4855,24053,40643,52184,32235,91378,0.808,0.461,29.964162,-90.107307
Xenon A Stephanie Moss Academy,Omaha,NE,Plains,Private for-profit,2-year,Certificate,,,241,0.5339,0.4392,29027,,,,0.8222,6867,28093,28953,15433,45017,0.435,0.237,41.201963,-96.044713
YTI Career Institute-Altoona,Altoona,PA,Mid East,Private for-profit,2-year,Associate,,,32,0.2443,0.5607,20335,,,,0.2857,,30490,30188,16452,41048,0.459,,40.485879,-78.401194
YTI Career Institute-York,York,PA,Mid East,Private for-profit,2-year,Certificate,,,642,0.5207,0.5567,26000,,,,0.4513,13426,35108,40672,24523,57524,0.707,0.33,39.992432,-76.660321
Yakima Valley College,Yakima,WA,Far West,Public,4-year,Associate,,,2770,0.3809,0.5558,23450,21199,5312,5873,0.2927,13966,35969,43499,26550,63476,0.629,0.321,46.586098,-120.528525
Yale University,New Haven,CT,New England,Private nonprofit,4-year,Bachelor's,0.0387,1534,6758,0.2039,0.25,44004,88300,67250,67250,0.9574,12975,81765,100533,66022,193688,0.894,0.129,41.311158,-72.926688
Yavapai College,Prescott,AZ,Southwest,Public,4-year,Certificate,,,3988,0.2097,0.5,17699,14988,2948,9486,0.3353,9000,35028,39890,19769,62865,0.56,0.226,34.547495,-112.453395
Yeshiva Gedolah Imrei Yosef D'spinka,Brooklyn,NY,Mid East,Private nonprofit,4-year,Bachelor's,,,226,0.917,,4781,15989,12500,12500,0.2162,,26392,36545,19469,66749,0.253,,40.628468,-73.992328
Yeshiva Ohr Elchonon Chabad West Coast Talmudical Seminary,Los Angeles,CA,Far West,Private nonprofit,4-year,Bachelor's,0.5821,,163,0.7006,,40088,31300,16900,16900,0.1186,,17439,48361,17254,88362,,,34.085465,-118.346613
Yeshiva Shaarei Torah of Rockland,Suffern,NY,Mid East,Private nonprofit,4-year,Associate,0.3667,,152,0.3121,,12710,22780,13000,13000,,,,89548,35056,182351,,,41.12362,-74.090159
Yeshiva Toras Chaim,Lakewood,NJ,Mid East,Private nonprofit,4-year,Bachelor's,0.4425,,227,0.3778,,30463,23250,12750,12750,0.3103,,,62526,,88942,,,40.098692,-74.182143
Yeshiva University,New York,NY,Mid East,Private nonprofit,4-year,Bachelor's,0.5562,1426,2852,0.1344,0.1439,63623,70892,51800,51800,0.832,18250,60252,71353,41386,111701,0.792,0.256,40.850605,-73.929873
Yeshiva of Nitra Rabbinical College,Chester,NY,Mid East,Private nonprofit,4-year,Bachelor's,,,243,0.7984,,18950,23300,14000,14000,0.1132,,41261,41785,15452,81293,0.275,,41.353674,-74.255911
Yeshivah Gedolah Rabbinical College,Miami Beach,FL,Southeast,Private nonprofit,4-year,Bachelor's,,,60,0.4789,,30601,19300,9300,9300,0.0,,29286,30667,,80589,,,25.782445,-80.141334
Yeshivas Be'er Yitzchok,Elizabeth,NJ,Mid East,Private nonprofit,4-year,Bachelor's,0.8621,,90,0.5385,,19288,36850,11450,11450,0.1429,,,82560,51918,141533,,,40.682465,-74.213255
York College of Pennsylvania,York,PA,Mid East,Private nonprofit,4-year,Bachelor's,0.7374,1162,3265,0.2808,0.3032,81845,37319,25588,25588,0.641,26000,50940,61012,42097,85247,0.832,0.426,39.94614,-76.727984
York County Community College,Wells,ME,New England,Public,2-year,Associate,,,1133,0.2492,0.4811,27729,15075,4156,7036,0.3383,8861,40535,44873,23391,58729,0.616,0.197,43.306797,-70.590783
York County School of Technology-Adult & Continuing Education,York,PA,Mid East,Public,Less than 2-year,Certificate,,,229,0.2047,0.5721,26014,,,,0.9027,9500,41356,54322,32762,72581,0.72,0.175,39.929887,-76.685449
York Technical College,Rock Hill,SC,Southeast,Public,2-year,Certificate,,,3816,0.3348,0.4217,25108,15395,8036,13340,0.3024,7000,32929,37257,19597,55453,0.516,0.188,34.934416,-80.995273
York University,York,NE,Plains,Private nonprofit,4-year,Bachelor's,0.5188,1022,428,0.4018,0.3348,44836,34268,23000,23000,0.5221,21500,36447,44130,26604,57149,0.704,0.487,40.869526,-97.579352
Young Harris College,Young Harris,GA,Southeast,Private nonprofit,4-year,Bachelor's,0.6264,,755,0.2038,0.282,55702,48301,32305,32305,0.4175,27000,36389,47195,28097,66894,0.7,0.572,34.933523,-83.84587
Youngstown State University,Youngstown,OH,Great Lakes,Public,4-year,Bachelor's,0.8445,1120,7961,0.3378,0.3844,42139,21708,11113,11473,0.5048,24000,37590,41544,23008,61214,0.67,0.578,41.104928,-80.64659
Yuba College,Marysville,CA,Far West,Public,2-year,Associate,,,4779,0.3025,0.5844,18504,11496,1128,8208,0.3981,,32030,39552,18869,61097,0.553,,39.126536,-121.53964
Yukon Beauty College Inc,Yukon,OK,Southwest,Private for-profit,Less than 2-year,Certificate,,,9,0.641,,22627,,,,0.875,,10846,19950,8374,36235,,,35.508293,-97.74668
Z Hair Academy,Overland Park,KS,Plains,Private for-profit,Less than 2-year,Certificate,1.0,,235,0.4458,0.4248,28744,,,,0.7381,9833,18889,27346,15309,43599,,0.36,38.867002,-94.666351
Zane State College,Zanesville,OH,Great Lakes,Public,4-year,Associate,,,715,0.1834,0.4825,26824,13935,6006,11766,0.4648,6834,32808,35006,16919,53106,0.495,0.195,39.96241,-82.031198
